type_profil=H_X
N_x = 192
profil =
  3.7231925e+002
  3.7465776e+002
  3.7678463e+002
  3.7870759e+002
  3.8043437e+002
  3.8197268e+002
  3.8333026e+002
  3.8451483e+002
  3.8553411e+002
  3.8639582e+002
  3.8710769e+002
  3.8767744e+002
  3.8811281e+002
  3.8842150e+002
  3.8861125e+002
  3.8868979e+002
  3.8866482e+002
  3.8854409e+002
  3.8833531e+002
  3.8804620e+002
  3.8768450e+002
  3.8725792e+002
  3.8677419e+002
  3.8624104e+002
  3.8566618e+002
  3.8505735e+002
  3.8442226e+002
  3.8376864e+002
  3.8310422e+002
  3.8243672e+002
  3.8177386e+002
  3.8112337e+002
  3.8049297e+002
  3.7989034e+002
  3.7931733e+002
  3.7876400e+002
  3.7821899e+002
  3.7767094e+002
  3.7710850e+002
  3.7652029e+002
  3.7589498e+002
  3.7522119e+002
  3.7448757e+002
  3.7368276e+002
  3.7279541e+002
  3.7181415e+002
  3.7072762e+002
  3.6952447e+002
  3.6819334e+002
  3.6672288e+002
  3.6510518e+002
  3.6335403e+002
  3.6149151e+002
  3.5953973e+002
  3.5752079e+002
  3.5545680e+002
  3.5336988e+002
  3.5128212e+002
  3.4921564e+002
  3.4719254e+002
  3.4523493e+002
  3.4336492e+002
  3.4160461e+002
  3.3997611e+002
  3.3850154e+002
  3.3720298e+002
  3.3610188e+002
  3.3520145e+002
  3.3448537e+002
  3.3393636e+002
  3.3353713e+002
  3.3327037e+002
  3.3311881e+002
  3.3306516e+002
  3.3309211e+002
  3.3318238e+002
  3.3331869e+002
  3.3348374e+002
  3.3366023e+002
  3.3383089e+002
  3.3397841e+002
  3.3408551e+002
  3.3413490e+002
  3.3411307e+002
  3.3401806e+002
  3.3385013e+002
  3.3360952e+002
  3.3329647e+002
  3.3291125e+002
  3.3245409e+002
  3.3192525e+002
  3.3132497e+002
  3.3065350e+002
  3.2991110e+002
  3.2909800e+002
  3.2821447e+002
  3.2726074e+002
  3.2623707e+002
  3.2514370e+002
  3.2398165e+002
  3.2275973e+002
  3.2149123e+002
  3.2018947e+002
  3.1886780e+002
  3.1753956e+002
  3.1621809e+002
  3.1491674e+002
  3.1364883e+002
  3.1242771e+002
  3.1126673e+002
  3.1017921e+002
  3.0917851e+002
  3.0827796e+002
  3.0749089e+002
  3.0683066e+002
  3.0631044e+002
  3.0593316e+002
  3.0568557e+002
  3.0555298e+002
  3.0552071e+002
  3.0557407e+002
  3.0569838e+002
  3.0587894e+002
  3.0610108e+002
  3.0635011e+002
  3.0661134e+002
  3.0687009e+002
  3.0711167e+002
  3.0732140e+002
  3.0748458e+002
  3.0758654e+002
  3.0761258e+002
  3.0755091e+002
  3.0740331e+002
  3.0717561e+002
  3.0687363e+002
  3.0650320e+002
  3.0607013e+002
  3.0558026e+002
  3.0503941e+002
  3.0445339e+002
  3.0382804e+002
  3.0316917e+002
  3.0248260e+002
  3.0177417e+002
  3.0104969e+002
  3.0031499e+002
  2.9957589e+002
  2.9883809e+002
  2.9810518e+002
  2.9737897e+002
  2.9666119e+002
  2.9595358e+002
  2.9525788e+002
  2.9457583e+002
  2.9390917e+002
  2.9325965e+002
  2.9262900e+002
  2.9201895e+002
  2.9143127e+002
  2.9086767e+002
  2.9032991e+002
  2.8981971e+002
  2.8933883e+002
  2.8888900e+002
  2.8847137e+002
  2.8808566e+002
  2.8773141e+002
  2.8740816e+002
  2.8711545e+002
  2.8685280e+002
  2.8661975e+002
  2.8641583e+002
  2.8624058e+002
  2.8609354e+002
  2.8597423e+002
  2.8588219e+002
  2.8581696e+002
  2.8577806e+002
  2.8576504e+002
  2.8577742e+002
  2.8581481e+002
  2.8587727e+002
  2.8596510e+002
  2.8607859e+002
  2.8621801e+002
  2.8638366e+002
  2.8657582e+002
  2.8679479e+002
  2.8704085e+002
  2.8731428e+002
  2.8761539e+002
  2.8794444e+002
  2.8830174e+002
  2.8868757e+002
  2.8910221e+002
  2.8954596e+002
  2.9001911e+002
  2.9052224e+002
  2.9105629e+002
  2.9162221e+002
  2.9222096e+002
  2.9285350e+002
  2.9352078e+002
  2.9422377e+002
  2.9496341e+002
  2.9574068e+002
  2.9655651e+002
  2.9741188e+002
  2.9830774e+002
  2.9924504e+002
  3.0022475e+002
  3.0124781e+002
  3.0231519e+002
  3.0342619e+002
  3.0457410e+002
  3.0575086e+002
  3.0694841e+002
  3.0815870e+002
  3.0937366e+002
  3.1058524e+002
  3.1178538e+002
  3.1296603e+002
  3.1411912e+002
  3.1523659e+002
  3.1631039e+002
  3.1733246e+002
  3.1829474e+002
  3.1918917e+002
  3.2000769e+002
  3.2074288e+002
  3.2139497e+002
  3.2196936e+002
  3.2247155e+002
  3.2290703e+002
  3.2328128e+002
  3.2359981e+002
  3.2386809e+002
  3.2409163e+002
  3.2427591e+002
  3.2442642e+002
  3.2454867e+002
  3.2464813e+002
  3.2473030e+002
  3.2480067e+002
  3.2486473e+002
  3.2492796e+002
  3.2499377e+002
  3.2506180e+002
  3.2513127e+002
  3.2520142e+002
  3.2527148e+002
  3.2534068e+002
  3.2540825e+002
  3.2547341e+002
  3.2553542e+002
  3.2559348e+002
  3.2564684e+002
  3.2569472e+002
  3.2573635e+002
  3.2577097e+002
  3.2579781e+002
  3.2581609e+002
  3.2582563e+002
  3.2582945e+002
  3.2583170e+002
  3.2583654e+002
  3.2584813e+002
  3.2587062e+002
  3.2590816e+002
  3.2596492e+002
  3.2604504e+002
  3.2615267e+002
  3.2629198e+002
  3.2646712e+002
  3.2668224e+002
  3.2694150e+002
  3.2724906e+002
  3.2760906e+002
  3.2802536e+002
  3.2849509e+002
  3.2900876e+002
  3.2955659e+002
  3.3012881e+002
  3.3071565e+002
  3.3130733e+002
  3.3189408e+002
  3.3246613e+002
  3.3301371e+002
  3.3352703e+002
  3.3399633e+002
  3.3441184e+002
  3.3476377e+002
  3.3504237e+002
  3.3523784e+002
  3.3534044e+002
  3.3534585e+002
  3.3526490e+002
  3.3511101e+002
  3.3489761e+002
  3.3463812e+002
  3.3434596e+002
  3.3403455e+002
  3.3371733e+002
  3.3340771e+002
  3.3311912e+002
  3.3286497e+002
  3.3265871e+002
  3.3251374e+002
  3.3244349e+002
  3.3246139e+002
  3.3258086e+002
  3.3281363e+002
  3.3315633e+002
  3.3359762e+002
  3.3412609e+002
  3.3473035e+002
  3.3539900e+002
  3.3612062e+002
  3.3688381e+002
  3.3767718e+002
  3.3848931e+002
  3.3930880e+002
  3.4012426e+002
  3.4092428e+002
  3.4169745e+002
  3.4243236e+002
  3.4311763e+002
  3.4374192e+002
  3.4429789e+002
  3.4478394e+002
  3.4519892e+002
  3.4554169e+002
  3.4581109e+002
  3.4600599e+002
  3.4612521e+002
  3.4616763e+002
  3.4613209e+002
  3.4601743e+002
  3.4582252e+002
  3.4554620e+002
  3.4518733e+002
  3.4474475e+002
  3.4421731e+002
  3.4360387e+002
  3.4290503e+002
  3.4212888e+002
  3.4128550e+002
  3.4038498e+002
  3.3943741e+002
  3.3845288e+002
  3.3744147e+002
  3.3641327e+002
  3.3537837e+002
  3.3434685e+002
  3.3332880e+002
  3.3233431e+002
  3.3137347e+002
  3.3045636e+002
  3.2959308e+002
  3.2879369e+002
  3.2806781e+002
  3.2741753e+002
  3.2683911e+002
  3.2632866e+002
  3.2588230e+002
  3.2549612e+002
  3.2516625e+002
  3.2488880e+002
  3.2465987e+002
  3.2447557e+002
  3.2433202e+002
  3.2422532e+002
  3.2415158e+002
  3.2410693e+002
  3.2408746e+002
  3.2408928e+002
  3.2410853e+002
  3.2414400e+002
  3.2420027e+002
  3.2428264e+002
  3.2439642e+002
  3.2454691e+002
  3.2473942e+002
  3.2497926e+002
  3.2527173e+002
  3.2562215e+002
  3.2603582e+002
  3.2651804e+002
  3.2707413e+002
  3.2770939e+002
  3.2842913e+002
  3.2923866e+002
  3.3014328e+002
  3.3114655e+002
  3.3224036e+002
  3.3341182e+002
  3.3464803e+002
  3.3593607e+002
  3.3726306e+002
  3.3861607e+002
  3.3998221e+002
  3.4134857e+002
  3.4270225e+002
  3.4403034e+002
  3.4531993e+002
  3.4655813e+002
  3.4773203e+002
  3.4882871e+002
  3.4983529e+002
  3.5073904e+002
  3.5153287e+002
  3.5221611e+002
  3.5278843e+002
  3.5324949e+002
  3.5359897e+002
  3.5383654e+002
  3.5396187e+002
  3.5397462e+002
  3.5387448e+002
  3.5366110e+002
  3.5333416e+002
  3.5289332e+002
  3.5233827e+002
  3.5166867e+002
  3.5088418e+002
  3.4998449e+002
  3.4897394e+002
  3.4787218e+002
  3.4670199e+002
  3.4548612e+002
  3.4424733e+002
  3.4300839e+002
  3.4179207e+002
  3.4062113e+002
  3.3951833e+002
  3.3850644e+002
  3.3760822e+002
  3.3684643e+002
  3.3624384e+002
  3.3582322e+002
  3.3560733e+002
  3.3561893e+002
  3.3587817e+002
  3.3637682e+002
  3.3708929e+002
  3.3798971e+002
  3.3905224e+002
  3.4025102e+002
  3.4156018e+002
  3.4295389e+002
  3.4440627e+002
  3.4589149e+002
  3.4738368e+002
  3.4885698e+002
  3.5028555e+002
  3.5164352e+002
  3.5290504e+002
  3.5404427e+002
  3.5503550e+002
  3.5586607e+002
  3.5654507e+002
  3.5708369e+002
  3.5749311e+002
  3.5778452e+002
  3.5796911e+002
  3.5805807e+002
  3.5806257e+002
  3.5799380e+002
  3.5786295e+002
  3.5768121e+002
  3.5745977e+002
  3.5720979e+002
  3.5694249e+002
  3.5666903e+002
  3.5640060e+002
  3.5614726e+002
  3.5591327e+002
  3.5570112e+002
  3.5551325e+002
  3.5535213e+002
  3.5522021e+002
  3.5511998e+002
  3.5505387e+002
  3.5502437e+002
  3.5503392e+002
  3.5508499e+002
  3.5518004e+002
  3.5532154e+002
  3.5551194e+002
  3.5575371e+002
  3.5604931e+002
  3.5640079e+002
  3.5680225e+002
  3.5724063e+002
  3.5770261e+002
  3.5817489e+002
  3.5864413e+002
  3.5909705e+002
  3.5952030e+002
  3.5990059e+002
  3.6022460e+002
  3.6047901e+002
  3.6065051e+002
  3.6072578e+002
  3.6069151e+002
  3.6053438e+002
  3.6024108e+002
  3.5979833e+002
  3.5920162e+002
  3.5846862e+002
  3.5762039e+002
  3.5667801e+002
  3.5566255e+002
  3.5459507e+002
  3.5349664e+002
  3.5238835e+002
  3.5129125e+002
  3.5022642e+002
  3.4921493e+002
  3.4827785e+002
  3.4743625e+002
  3.4671120e+002
  3.4612377e+002
  3.4569503e+002
  3.4544299e+002
  3.4536120e+002
  3.4543148e+002
  3.4563559e+002
  3.4595526e+002
  3.4637227e+002
  3.4686834e+002
  3.4742525e+002
  3.4802473e+002
  3.4864853e+002
  3.4927842e+002
  3.4989614e+002
  3.5048343e+002
  3.5102206e+002
  3.5149377e+002
  3.5188031e+002
  3.5216369e+002
  3.5233619e+002
  3.5240364e+002
  3.5237280e+002
  3.5225044e+002
  3.5204332e+002
  3.5175819e+002
  3.5140183e+002
  3.5098099e+002
  3.5050244e+002
  3.4997293e+002
  3.4939924e+002
  3.4878812e+002
  3.4814633e+002
  3.4748064e+002
  3.4679781e+002
  3.4610460e+002
  3.4540676e+002
  3.4470612e+002
  3.4400357e+002
  3.4330001e+002
  3.4259632e+002
  3.4189340e+002
  3.4119213e+002
  3.4049341e+002
  3.3979812e+002
  3.3910716e+002
  3.3842141e+002
  3.3774177e+002
  3.3706913e+002
  3.3640437e+002
  3.3574839e+002
  3.3510208e+002
  3.3446677e+002
  3.3384970e+002
  3.3326229e+002
  3.3271606e+002
  3.3222254e+002
  3.3179324e+002
  3.3143968e+002
  3.3117338e+002
  3.3100586e+002
  3.3094864e+002
  3.3101324e+002
  3.3121117e+002
  3.3155397e+002
  3.3205314e+002
  3.3272021e+002
  3.3356670e+002
  3.3460406e+002
  3.3583717e+002
  3.3725799e+002
  3.3885701e+002
  3.4062469e+002
  3.4255151e+002
  3.4462796e+002
  3.4684451e+002
  3.4919163e+002
  3.5165981e+002
  3.5423952e+002
  3.5692123e+002
  3.5969543e+002
  3.6255260e+002
  3.6548320e+002
  3.6847772e+002
  3.7152664e+002
  3.7461937e+002
  3.7773902e+002
  3.8086636e+002
  3.8398211e+002
  3.8706705e+002
  3.9010192e+002
  3.9306747e+002
  3.9594445e+002
  3.9871361e+002
  4.0135571e+002
  4.0385149e+002
  4.0618171e+002
  4.0832711e+002
  4.1026845e+002
  4.1198648e+002
  4.1346195e+002
  4.1467634e+002
  4.1562915e+002
  4.1633869e+002
  4.1682414e+002
  4.1710468e+002
  4.1719950e+002
  4.1712778e+002
  4.1690870e+002
  4.1656146e+002
  4.1610522e+002
  4.1555918e+002
  4.1494252e+002
  4.1427442e+002
  4.1357407e+002
  4.1286064e+002
  4.1215333e+002
  4.1147131e+002
  4.1082972e+002
  4.1023174e+002
  4.0967834e+002
  4.0917051e+002
  4.0870922e+002
  4.0829547e+002
  4.0793023e+002
  4.0761448e+002
  4.0734921e+002
  4.0713539e+002
  4.0697402e+002
  4.0686606e+002
  4.0681250e+002
  4.0681432e+002
  4.0687251e+002
  4.0698804e+002
  4.0716136e+002
  4.0738772e+002
  4.0765949e+002
  4.0796899e+002
  4.0830856e+002
  4.0867052e+002
  4.0904720e+002
  4.0943093e+002
  4.0981404e+002
  4.1018886e+002
  4.1054771e+002
  4.1088292e+002
  4.1118683e+002
  4.1145175e+002
  4.1167003e+002
  4.1183398e+002
  4.1193602e+002
  4.1197267e+002
  4.1194684e+002
  4.1186195e+002
  4.1172143e+002
  4.1152871e+002
  4.1128720e+002
  4.1100034e+002
  4.1067156e+002
  4.1030428e+002
  4.0990193e+002
  4.0946793e+002
  4.0900572e+002
  4.0851872e+002
  4.0801035e+002
  4.0748405e+002
  4.0694324e+002
  4.0639073e+002
  4.0582655e+002
  4.0524990e+002
  4.0466002e+002
  4.0405611e+002
  4.0343740e+002
  4.0280311e+002
  4.0215246e+002
  4.0148466e+002
  4.0079894e+002
  4.0009451e+002
  3.9937059e+002
  3.9862641e+002
  3.9786118e+002
  3.9707412e+002
  3.9626444e+002
  3.9543149e+002
  3.9457638e+002
  3.9370172e+002
  3.9281016e+002
  3.9190436e+002
  3.9098697e+002
  3.9006064e+002
  3.8912803e+002
  3.8819179e+002
  3.8725456e+002
  3.8631901e+002
  3.8538779e+002
  3.8446354e+002
  3.8354892e+002
  3.8264659e+002
  3.8175920e+002
  3.8088939e+002
  3.8003830e+002
  3.7920365e+002
  3.7838266e+002
  3.7757257e+002
  3.7677061e+002
  3.7597401e+002
  3.7518000e+002
  3.7438582e+002
  3.7358870e+002
  3.7278586e+002
  3.7197455e+002
  3.7115199e+002
  3.7031542e+002
  3.6946206e+002
  3.6858915e+002
  3.6769393e+002
  3.6677431e+002
  3.6583326e+002
  3.6487588e+002
  3.6390732e+002
  3.6293271e+002
  3.6195719e+002
  3.6098588e+002
  3.6002393e+002
  3.5907647e+002
  3.5814863e+002
  3.5724556e+002
  3.5637237e+002
  3.5553421e+002
  3.5473621e+002
  3.5398351e+002
  3.5328125e+002
  3.5263443e+002
  3.5204436e+002
  3.5150782e+002
  3.5102133e+002
  3.5058141e+002
  3.5018456e+002
  3.4982732e+002
  3.4950620e+002
  3.4921771e+002
  3.4895838e+002
  3.4872471e+002
  3.4851324e+002
  3.4832047e+002
  3.4814293e+002
  3.4797713e+002
  3.4781959e+002
  3.4766682e+002
  3.4751509e+002
  3.4735976e+002
  3.4719599e+002
  3.4701894e+002
  3.4682378e+002
  3.4660566e+002
  3.4635977e+002
  3.4608125e+002
  3.4576527e+002
  3.4540699e+002
  3.4500159e+002
  3.4454421e+002
  3.4403003e+002
  3.4345422e+002
  3.4281192e+002
  3.4209831e+002
  3.4130913e+002
  3.4044695e+002
  3.3951873e+002
  3.3853156e+002
  3.3749248e+002
  3.3640856e+002
  3.3528687e+002
  3.3413446e+002
  3.3295840e+002
  3.3176574e+002
  3.3056355e+002
  3.2935889e+002
  3.2815883e+002
  3.2697041e+002
  3.2580072e+002
  3.2465680e+002
  3.2354569e+002
  3.2247191e+002
  3.2143550e+002
  3.2043605e+002
  3.1947314e+002
  3.1854634e+002
  3.1765525e+002
  3.1679945e+002
  3.1597851e+002
  3.1519203e+002
  3.1443957e+002
  3.1372073e+002
  3.1303509e+002
  3.1238223e+002
  3.1176173e+002
  3.1117317e+002
  3.1061615e+002
  3.1009014e+002
  3.0959419e+002
  3.0912718e+002
  3.0868799e+002
  3.0827549e+002
  3.0788856e+002
  3.0752609e+002
  3.0718695e+002
  3.0687002e+002
  3.0657418e+002
  3.0629831e+002
  3.0604128e+002
  3.0580198e+002
  3.0557929e+002
  3.0537208e+002
  3.0517923e+002
  3.0499968e+002
  3.0483363e+002
  3.0468250e+002
  3.0454772e+002
  3.0443075e+002
  3.0433306e+002
  3.0425608e+002
  3.0420127e+002
  3.0417010e+002
  3.0416400e+002
  3.0418443e+002
  3.0423285e+002
  3.0431072e+002
  3.0441947e+002
  3.0456057e+002
  3.0473547e+002
  3.0494562e+002
  3.0519126e+002
  3.0546938e+002
  3.0577645e+002
  3.0610892e+002
  3.0646324e+002
  3.0683588e+002
  3.0722329e+002
  3.0762193e+002
  3.0802826e+002
  3.0843874e+002
  3.0884982e+002
  3.0925796e+002
  3.0965962e+002
  3.1005126e+002
  3.1042933e+002
  3.1079030e+002
  3.1113054e+002
  3.1144571e+002
  3.1173113e+002
  3.1198210e+002
  3.1219394e+002
  3.1236194e+002
  3.1248143e+002
  3.1254769e+002
  3.1255605e+002
  3.1250180e+002
  3.1238026e+002
  3.1218674e+002
  3.1191653e+002
  3.1156495e+002
  3.1112730e+002
  3.1059889e+002
  3.0997516e+002
  3.0925750e+002
  3.0845560e+002
  3.0757979e+002
  3.0664039e+002
  3.0564774e+002
  3.0461215e+002
  3.0354395e+002
  3.0245346e+002
  3.0135101e+002
  3.0024693e+002
  2.9915154e+002
  2.9807515e+002
  2.9702811e+002
  2.9602072e+002
  2.9506332e+002
  2.9416624e+002
  2.9333830e+002
  2.9258227e+002
  2.9189929e+002
  2.9129055e+002
  2.9075720e+002
  2.9030042e+002
  2.8992138e+002
  2.8962123e+002
  2.8940116e+002
  2.8926232e+002
  2.8920589e+002
  2.8923303e+002
  2.8934491e+002
  2.8954270e+002
  2.8982757e+002
  2.9020068e+002
  2.9066294e+002
  2.9121148e+002
  2.9184056e+002
  2.9254439e+002
  2.9331716e+002
  2.9415309e+002
  2.9504636e+002
  2.9599119e+002
  2.9698176e+002
  2.9801230e+002
  2.9907698e+002
  3.0017002e+002
  3.0128562e+002
  3.0241798e+002
  3.0356129e+002
  3.0470977e+002
  3.0585763e+002
  3.0700211e+002
  3.0814672e+002
  3.0929576e+002
  3.1045351e+002
  3.1162427e+002
  3.1281232e+002
  3.1402196e+002
  3.1525747e+002
  3.1652315e+002
  3.1782329e+002
  3.1916217e+002
  3.2054409e+002
  3.2197334e+002
  3.2345421e+002
  3.2499099e+002
  3.2658797e+002
  3.2824747e+002
  3.2995921e+002
  3.3170788e+002
  3.3347819e+002
  3.3525482e+002
  3.3702248e+002
  3.3876586e+002
  3.4046965e+002
  3.4211856e+002
  3.4369727e+002
  3.4519048e+002
  3.4658289e+002
  3.4785920e+002
  3.4900409e+002
  3.5000226e+002
  3.5083842e+002
  3.5149784e+002
  3.5198216e+002
  3.5231109e+002
  3.5250526e+002
  3.5258530e+002
  3.5257184e+002
  3.5248552e+002
  3.5234696e+002
  3.5217680e+002
  3.5199567e+002
  3.5182421e+002
  3.5168304e+002
  3.5159280e+002
  3.5157412e+002
  3.5164763e+002
  3.5183397e+002
  3.5215376e+002
  3.5262047e+002
  3.5322503e+002
  3.5395389e+002
  3.5479356e+002
  3.5573050e+002
  3.5675119e+002
  3.5784211e+002
  3.5898975e+002
  3.6018058e+002
  3.6140108e+002
  3.6263773e+002
  3.6387701e+002
  3.6510540e+002
  3.6630938e+002
  3.6747543e+002
  3.6859002e+002
  3.6964078e+002
  3.7062712e+002
  3.7155546e+002
  3.7243234e+002
  3.7326425e+002
  3.7405772e+002
  3.7481926e+002
  3.7555539e+002
  3.7627263e+002
  3.7697749e+002
  3.7767649e+002
  3.7837614e+002
  3.7908297e+002
  3.7980348e+002
  3.8054420e+002
  3.8131164e+002
  3.8211222e+002
  3.8294612e+002
  3.8380337e+002
  3.8467306e+002
  3.8554430e+002
  3.8640617e+002
  3.8724778e+002
  3.8805823e+002
  3.8882660e+002
  3.8954201e+002
  3.9019355e+002
  3.9077031e+002
  3.9126139e+002
  3.9165589e+002
  3.9194291e+002
  3.9211155e+002
  3.9215089e+002
  3.9205291e+002
  3.9182352e+002
  3.9147285e+002
  3.9101109e+002
  3.9044839e+002
  3.8979490e+002
  3.8906078e+002
  3.8825620e+002
  3.8739132e+002
  3.8647628e+002
  3.8552126e+002
  3.8453641e+002
  3.8353189e+002
  3.8251785e+002
  3.8150447e+002
  3.8050189e+002
  3.7952002e+002
  3.7856417e+002
  3.7763561e+002
  3.7673547e+002
  3.7586491e+002
  3.7502507e+002
  3.7421708e+002
  3.7344208e+002
  3.7270123e+002
  3.7199566e+002
  3.7132651e+002
  3.7069492e+002
  3.7010204e+002
  3.6954901e+002
  3.6903697e+002
  3.6856706e+002
  3.6814042e+002
  3.6775717e+002
  3.6741493e+002
  3.6711098e+002
  3.6684257e+002
  3.6660697e+002
  3.6640144e+002
  3.6622324e+002
  3.6606964e+002
  3.6593790e+002
  3.6582528e+002
  3.6572905e+002
  3.6564646e+002
  3.6557479e+002
  3.6551130e+002
  3.6545324e+002
  3.6539788e+002
  3.6534259e+002
  3.6528547e+002
  3.6522502e+002
  3.6515969e+002
  3.6508797e+002
  3.6500833e+002
  3.6491924e+002
  3.6481917e+002
  3.6470660e+002
  3.6458001e+002
  3.6443787e+002
  3.6427865e+002
  3.6410082e+002
  3.6390287e+002
  3.6368326e+002
  3.6344046e+002
  3.6317299e+002
  3.6288046e+002
  3.6256389e+002
  3.6222440e+002
  3.6186312e+002
  3.6148117e+002
  3.6107967e+002
  3.6065974e+002
  3.6022251e+002
  3.5976909e+002
  3.5930060e+002
  3.5881818e+002
  3.5832294e+002
  3.5781600e+002
  3.5729848e+002
  3.5677151e+002
  3.5623621e+002
  3.5569373e+002
  3.5514536e+002
  3.5459239e+002
  3.5403615e+002
  3.5347793e+002
  3.5291906e+002
  3.5236083e+002
  3.5180457e+002
  3.5125156e+002
  3.5070314e+002
  3.5016059e+002
  3.4962524e+002
  3.4909839e+002
  3.4858136e+002
  3.4807544e+002
  3.4758195e+002
  3.4710209e+002
  3.4663561e+002
  3.4618124e+002
  3.4573775e+002
  3.4530384e+002
  3.4487826e+002
  3.4445974e+002
  3.4404702e+002
  3.4363882e+002
  3.4323388e+002
  3.4283094e+002
  3.4242872e+002
  3.4202597e+002
  3.4162141e+002
  3.4121377e+002
  3.4080180e+002
  3.4038425e+002
  3.3996363e+002
  3.3954947e+002
  3.3915212e+002
  3.3878188e+002
  3.3844909e+002
  3.3816408e+002
  3.3793717e+002
  3.3777870e+002
  3.3769898e+002
  3.3770834e+002
  3.3781711e+002
  3.3803563e+002
  3.3837420e+002
  3.3884317e+002
  3.3945286e+002
  3.4021360e+002
  3.4113311e+002
  3.4220418e+002
  3.4341419e+002
  3.4475053e+002
  3.4620059e+002
  3.4775174e+002
  3.4939138e+002
  3.5110689e+002
  3.5288566e+002
  3.5471507e+002
  3.5658250e+002
  3.5847535e+002
  3.6038100e+002
  3.6228683e+002
  3.6418024e+002
  3.6604860e+002
  3.6787960e+002
  3.6966808e+002
  3.7141606e+002
  3.7312592e+002
  3.7480000e+002
  3.7644066e+002
  3.7805026e+002
  3.7963115e+002
  3.8118570e+002
  3.8271626e+002
  3.8422519e+002
  3.8571484e+002
  3.8718758e+002
  3.8864575e+002
  3.9009172e+002
  3.9152784e+002
  3.9295647e+002
  3.9437926e+002
  3.9579580e+002
  3.9720535e+002
  3.9860714e+002
  4.0000041e+002
  4.0138443e+002
  4.0275841e+002
  4.0412162e+002
  4.0547330e+002
  4.0681269e+002
  4.0813902e+002
  4.0945156e+002
  4.1074954e+002
  4.1203220e+002
  4.1329879e+002
  4.1454856e+002
  4.1578090e+002
  4.1699668e+002
  4.1819753e+002
  4.1938510e+002
  4.2056106e+002
  4.2172706e+002
  4.2288473e+002
  4.2403575e+002
  4.2518175e+002
  4.2632439e+002
  4.2746533e+002
  4.2860621e+002
  4.2974868e+002
  4.3089441e+002
  4.3204504e+002
  4.3320222e+002
  4.3436758e+002
  4.3554146e+002
  4.3672225e+002
  4.3790822e+002
  4.3909762e+002
  4.4028870e+002
  4.4147972e+002
  4.4266893e+002
  4.4385457e+002
  4.4503492e+002
  4.4620821e+002
  4.4737271e+002
  4.4852666e+002
  4.4966833e+002
  4.5079596e+002
  4.5190780e+002
  4.5300212e+002
  4.5407731e+002
  4.5513246e+002
  4.5616680e+002
  4.5717962e+002
  4.5817015e+002
  4.5913766e+002
  4.6008141e+002
  4.6100065e+002
  4.6189464e+002
  4.6276264e+002
  4.6360390e+002
  4.6441769e+002
  4.6520325e+002
  4.6595985e+002
  4.6668674e+002
  4.6738318e+002
  4.6804834e+002
  4.6868012e+002
  4.6927539e+002
  4.6983096e+002
  4.7034369e+002
  4.7081039e+002
  4.7122792e+002
  4.7159310e+002
  4.7190276e+002
  4.7215375e+002
  4.7234289e+002
  4.7246702e+002
  4.7252298e+002
  4.7250760e+002
  4.7241772e+002
  4.7225016e+002
  4.7200178e+002
  4.7167219e+002
  4.7126707e+002
  4.7079294e+002
  4.7025630e+002
  4.6966366e+002
  4.6902152e+002
  4.6833639e+002
  4.6761478e+002
  4.6686320e+002
  4.6608815e+002
  4.6529614e+002
  4.6449367e+002
  4.6368725e+002
  4.6288339e+002
  4.6208859e+002
  4.6130937e+002
  4.6055133e+002
  4.5981393e+002
  4.5909401e+002
  4.5838843e+002
  4.5769404e+002
  4.5700768e+002
  4.5632619e+002
  4.5564643e+002
  4.5496524e+002
  4.5427947e+002
  4.5358596e+002
  4.5288156e+002
  4.5216312e+002
  4.5142749e+002
  4.5067150e+002
  4.4989202e+002
  4.4908597e+002
  4.4825330e+002
  4.4739746e+002
  4.4652209e+002
  4.4563083e+002
  4.4472732e+002
  4.4381521e+002
  4.4289813e+002
  4.4197975e+002
  4.4106368e+002
  4.4015359e+002
  4.3925311e+002
  4.3836589e+002
  4.3749556e+002
  4.3664578e+002
  4.3582018e+002
  4.3502242e+002
  4.3425506e+002
  4.3351713e+002
  4.3280690e+002
  4.3212265e+002
  4.3146263e+002
  4.3082513e+002
  4.3020841e+002
  4.2961075e+002
  4.2903041e+002
  4.2846566e+002
  4.2791478e+002
  4.2737603e+002
  4.2684769e+002
  4.2632803e+002
  4.2581531e+002
  4.2530782e+002
  4.2480385e+002
  4.2430226e+002
  4.2380220e+002
  4.2330284e+002
  4.2280336e+002
  4.2230292e+002
  4.2180069e+002
  4.2129584e+002
  4.2078754e+002
  4.2027496e+002
  4.1975727e+002
  4.1923363e+002
  4.1870322e+002
  4.1816520e+002
  4.1761874e+002
  4.1706302e+002
  4.1649722e+002
  4.1592251e+002
  4.1534344e+002
  4.1476490e+002
  4.1419178e+002
  4.1362897e+002
  4.1308136e+002
  4.1255383e+002
  4.1205128e+002
  4.1157860e+002
  4.1114067e+002
  4.1074238e+002
  4.1038863e+002
  4.1008430e+002
  4.0983428e+002
  4.0964346e+002
  4.0951673e+002
  4.0945774e+002
  4.0946365e+002
  4.0952956e+002
  4.0965051e+002
  4.0982158e+002
  4.1003785e+002
  4.1029438e+002
  4.1058624e+002
  4.1090850e+002
  4.1125623e+002
  4.1162451e+002
  4.1200839e+002
  4.1240296e+002
  4.1280327e+002
  4.1320441e+002
  4.1360143e+002
  4.1398957e+002
  4.1436709e+002
  4.1473509e+002
  4.1509476e+002
  4.1544732e+002
  4.1579396e+002
  4.1613588e+002
  4.1647428e+002
  4.1681036e+002
  4.1714532e+002
  4.1748037e+002
  4.1781670e+002
  4.1815550e+002
  4.1849800e+002
  4.1884537e+002
  4.1919883e+002
  4.1955958e+002
  4.1992821e+002
  4.2030378e+002
  4.2068512e+002
  4.2107103e+002
  4.2146033e+002
  4.2185184e+002
  4.2224437e+002
  4.2263674e+002
  4.2302775e+002
  4.2341623e+002
  4.2380099e+002
  4.2418085e+002
  4.2455461e+002
  4.2492110e+002
  4.2527913e+002
  4.2562751e+002
  4.2596528e+002
  4.2629328e+002
  4.2661323e+002
  4.2692686e+002
  4.2723592e+002
  4.2754213e+002
  4.2784723e+002
  4.2815296e+002
  4.2846103e+002
  4.2877320e+002
  4.2909119e+002
  4.2941674e+002
  4.2975158e+002
  4.3009744e+002
  4.3045606e+002
  4.3082917e+002
  4.3121848e+002
  4.3162452e+002
  4.3204627e+002
  4.3248257e+002
  4.3293226e+002
  4.3339420e+002
  4.3386724e+002
  4.3435022e+002
  4.3484199e+002
  4.3534141e+002
  4.3584731e+002
  4.3635856e+002
  4.3687399e+002
  4.3739246e+002
  4.3791282e+002
  4.3843391e+002
  4.3895459e+002
  4.3947371e+002
  4.3999020e+002
  4.4050298e+002
  4.4101098e+002
  4.4151312e+002
  4.4200835e+002
  4.4249559e+002
  4.4297376e+002
  4.4344181e+002
  4.4389864e+002
  4.4434321e+002
  4.4477443e+002
  4.4519123e+002
  4.4559255e+002
  4.4597731e+002
  4.4634445e+002
  4.4669282e+002
  4.4702046e+002
  4.4732476e+002
  4.4760310e+002
  4.4785288e+002
  4.4807148e+002
  4.4825628e+002
  4.4840469e+002
  4.4851407e+002
  4.4858182e+002
  4.4860532e+002
  4.4858196e+002
  4.4850913e+002
  4.4838421e+002
  4.4820460e+002
  4.4796766e+002
  4.4767082e+002
  4.4731323e+002
  4.4689762e+002
  4.4642714e+002
  4.4590494e+002
  4.4533416e+002
  4.4471795e+002
  4.4405947e+002
  4.4336186e+002
  4.4262827e+002
  4.4186185e+002
  4.4106574e+002
  4.4024310e+002
  4.3939707e+002
  4.3853081e+002
  4.3764746e+002
  4.3675017e+002
  4.3584188e+002
  4.3492427e+002
  4.3399852e+002
  4.3306583e+002
  4.3212737e+002
  4.3118434e+002
  4.3023792e+002
  4.2928930e+002
  4.2833967e+002
  4.2739020e+002
  4.2644210e+002
  4.2549654e+002
  4.2455472e+002
  4.2361782e+002
  4.2268702e+002
  4.2176351e+002
  4.2084846e+002
  4.1994214e+002
  4.1904395e+002
  4.1815320e+002
  4.1726922e+002
  4.1639136e+002
  4.1551894e+002
  4.1465128e+002
  4.1378773e+002
  4.1292760e+002
  4.1207023e+002
  4.1121496e+002
  4.1036110e+002
  4.0950800e+002
  4.0865498e+002
  4.0780137e+002
  4.0694650e+002
  4.0609014e+002
  4.0523336e+002
  4.0437749e+002
  4.0352386e+002
  4.0267380e+002
  4.0182864e+002
  4.0098969e+002
  4.0015829e+002
  3.9933577e+002
  3.9852346e+002
  3.9772268e+002
  3.9693475e+002
  3.9616102e+002
  3.9540280e+002
  3.9466142e+002
  3.9393821e+002
  3.9323446e+002
  3.9255102e+002
  3.9188852e+002
  3.9124757e+002
  3.9062878e+002
  3.9003276e+002
  3.8946014e+002
  3.8891153e+002
  3.8838754e+002
  3.8788879e+002
  3.8741589e+002
  3.8696945e+002
  3.8655010e+002
  3.8615844e+002
  3.8579509e+002
  3.8546067e+002
  3.8515577e+002
  3.8487986e+002
  3.8463062e+002
  3.8440557e+002
  3.8420225e+002
  3.8401817e+002
  3.8385088e+002
  3.8369790e+002
  3.8355674e+002
  3.8342495e+002
  3.8330005e+002
  3.8317956e+002
  3.8306101e+002
  3.8294194e+002
  3.8281986e+002
  3.8269231e+002
  3.8255681e+002
  3.8241134e+002
  3.8225602e+002
  3.8209157e+002
  3.8191873e+002
  3.8173825e+002
  3.8155085e+002
  3.8135727e+002
  3.8115825e+002
  3.8095453e+002
  3.8074683e+002
  3.8053590e+002
  3.8032247e+002
  3.8010727e+002
  3.7989105e+002
  3.7967453e+002
  3.7945846e+002
  3.7924354e+002
  3.7902993e+002
  3.7881734e+002
  3.7860547e+002
  3.7839400e+002
  3.7818264e+002
  3.7797107e+002
  3.7775900e+002
  3.7754610e+002
  3.7733208e+002
  3.7711663e+002
  3.7689944e+002
  3.7668021e+002
  3.7645863e+002
  3.7623439e+002
  3.7600719e+002
  3.7577672e+002
  3.7554284e+002
  3.7530584e+002
  3.7506602e+002
  3.7482372e+002
  3.7457926e+002
  3.7433297e+002
  3.7408517e+002
  3.7383620e+002
  3.7358637e+002
  3.7333601e+002
  3.7308545e+002
  3.7283502e+002
  3.7258504e+002
  3.7233583e+002
  3.7208772e+002
  3.7184104e+002
  3.7159586e+002
  3.7135039e+002
  3.7110198e+002
  3.7084800e+002
  3.7058581e+002
  3.7031277e+002
  3.7002624e+002
  3.6972358e+002
  3.6940215e+002
  3.6905931e+002
  3.6869243e+002
  3.6829885e+002
  3.6787595e+002
  3.6742108e+002
  3.6693160e+002
  3.6640488e+002
  3.6583831e+002
  3.6523042e+002
  3.6458119e+002
  3.6389065e+002
  3.6315886e+002
  3.6238587e+002
  3.6157172e+002
  3.6071648e+002
  3.5982018e+002
  3.5888288e+002
  3.5790462e+002
  3.5688546e+002
  3.5582545e+002
  3.5472463e+002
  3.5358306e+002
  3.5240078e+002
  3.5117785e+002
  3.4991509e+002
  3.4861613e+002
  3.4728520e+002
  3.4592656e+002
  3.4454446e+002
  3.4314314e+002
  3.4172684e+002
  3.4029983e+002
  3.3886633e+002
  3.3743061e+002
  3.3599691e+002
  3.3456947e+002
  3.3315254e+002
  3.3175037e+002
  3.3036721e+002
  3.2900730e+002
  3.2767462e+002
  3.2636971e+002
  3.2509085e+002
  3.2383627e+002
  3.2260422e+002
  3.2139293e+002
  3.2020062e+002
  3.1902555e+002
  3.1786593e+002
  3.1672001e+002
  3.1558602e+002
  3.1446220e+002
  3.1334679e+002
  3.1223800e+002
  3.1113409e+002
  3.1003329e+002
  3.0893385e+002
  3.0783625e+002
  3.0674499e+002
  3.0566504e+002
  3.0460133e+002
  3.0355881e+002
  3.0254243e+002
  3.0155715e+002
  3.0060790e+002
  2.9969963e+002
  2.9883730e+002
  2.9802584e+002
  2.9727021e+002
  2.9657536e+002
  2.9594623e+002
  2.9538777e+002
  2.9490493e+002
  2.9450129e+002
  2.9417280e+002
  2.9391276e+002
  2.9371449e+002
  2.9357130e+002
  2.9347648e+002
  2.9342334e+002
  2.9340519e+002
  2.9341534e+002
  2.9344709e+002
  2.9349375e+002
  2.9354863e+002
  2.9360502e+002
  2.9365625e+002
  2.9369560e+002
  2.9371640e+002
  2.9371214e+002
  2.9368067e+002
  2.9362409e+002
  2.9354470e+002
  2.9344477e+002
  2.9332659e+002
  2.9319244e+002
  2.9304460e+002
  2.9288537e+002
  2.9271702e+002
  2.9254183e+002
  2.9236210e+002
  2.9218010e+002
  2.9199811e+002
  2.9181843e+002
  2.9164334e+002
  2.9147511e+002
  2.9131633e+002
  2.9117031e+002
  2.9104054e+002
  2.9093048e+002
  2.9084362e+002
  2.9078341e+002
  2.9075332e+002
  2.9075684e+002
  2.9079743e+002
  2.9087856e+002
  2.9100371e+002
  2.9117633e+002
  2.9139992e+002
  2.9167793e+002
  2.9201383e+002
  2.9241110e+002
  2.9287271e+002
  2.9339717e+002
  2.9398063e+002
  2.9461926e+002
  2.9530919e+002
  2.9604659e+002
  2.9682760e+002
  2.9764837e+002
  2.9850505e+002
  2.9939380e+002
  3.0031075e+002
  3.0125206e+002
  3.0221387e+002
  3.0319235e+002
  3.0418364e+002
  3.0518388e+002
  3.0618926e+002
  3.0719743e+002
  3.0820818e+002
  3.0922144e+002
  3.1023715e+002
  3.1125526e+002
  3.1227570e+002
  3.1329843e+002
  3.1432337e+002
  3.1535048e+002
  3.1637968e+002
  3.1741094e+002
  3.1844417e+002
  3.1947934e+002
  3.2051637e+002
  3.2155522e+002
  3.2259581e+002
  3.2363811e+002
  3.2468207e+002
  3.2572769e+002
  3.2677493e+002
  3.2782378e+002
  3.2887422e+002
  3.2992622e+002
  3.3097977e+002
  3.3203484e+002
  3.3309140e+002
  3.3414945e+002
  3.3520896e+002
  3.3626990e+002
  3.3733226e+002
  3.3839601e+002
  3.3946113e+002
  3.4052760e+002
  3.4159519e+002
  3.4266357e+002
  3.4373239e+002
  3.4480130e+002
  3.4586994e+002
  3.4693797e+002
  3.4800505e+002
  3.4907081e+002
  3.5013492e+002
  3.5119702e+002
  3.5225677e+002
  3.5331381e+002
  3.5436780e+002
  3.5541838e+002
  3.5646522e+002
  3.5750795e+002
  3.5854623e+002
  3.5957965e+002
  3.6060784e+002
  3.6163040e+002
  3.6264695e+002
  3.6365710e+002
  3.6466045e+002
  3.6565661e+002
  3.6664520e+002
  3.6762584e+002
  3.6859811e+002
  3.6956165e+002
  3.7051606e+002
  3.7146095e+002
  3.7239593e+002
  3.7332061e+002
  3.7423467e+002
  3.7513820e+002
  3.7603145e+002
  3.7691471e+002
  3.7778822e+002
  3.7865226e+002
  3.7950709e+002
  3.8035297e+002
  3.8119016e+002
  3.8201894e+002
  3.8283956e+002
  3.8365229e+002
  3.8445739e+002
  3.8525513e+002
  3.8604577e+002
  3.8682958e+002
  3.8760681e+002
  3.8837785e+002
  3.8914316e+002
  3.8990323e+002
  3.9065853e+002
  3.9140957e+002
  3.9215680e+002
  3.9290073e+002
  3.9364182e+002
  3.9438057e+002
  3.9511745e+002
  3.9585296e+002
  3.9658756e+002
  3.9732175e+002
  3.9805601e+002
  3.9879081e+002
  3.9952665e+002
  4.0026379e+002
  4.0100182e+002
  4.0174019e+002
  4.0247834e+002
  4.0321573e+002
  4.0395180e+002
  4.0468599e+002
  4.0541776e+002
  4.0614655e+002
  4.0687181e+002
  4.0759299e+002
  4.0830954e+002
  4.0902089e+002
  4.0972651e+002
  4.1042583e+002
  4.1111831e+002
  4.1180336e+002
  4.1247998e+002
  4.1314697e+002
  4.1380308e+002
  4.1444708e+002
  4.1507776e+002
  4.1569388e+002
  4.1629420e+002
  4.1687752e+002
  4.1744258e+002
  4.1798817e+002
  4.1851305e+002
  4.1901601e+002
  4.1949580e+002
  4.1995119e+002
  4.2038097e+002
  4.2078392e+002
  4.2115990e+002
  4.2151061e+002
  4.2183789e+002
  4.2214360e+002
  4.2242960e+002
  4.2269773e+002
  4.2294987e+002
  4.2318785e+002
  4.2341354e+002
  4.2362879e+002
  4.2383546e+002
  4.2403540e+002
  4.2423046e+002
  4.2442251e+002
  4.2461338e+002
  4.2480495e+002
  4.2499909e+002
  4.2519778e+002
  4.2540305e+002
  4.2561690e+002
  4.2584138e+002
  4.2607849e+002
  4.2633026e+002
  4.2659870e+002
  4.2688585e+002
  4.2719371e+002
  4.2752431e+002
  4.2787967e+002
  4.2826182e+002
  4.2867276e+002
  4.2911453e+002
  4.2958914e+002
  4.3009853e+002
  4.3064289e+002
  4.3122088e+002
  4.3183111e+002
  4.3247218e+002
  4.3314269e+002
  4.3384125e+002
  4.3456645e+002
  4.3531690e+002
  4.3609120e+002
  4.3688795e+002
  4.3770576e+002
  4.3854323e+002
  4.3939895e+002
  4.4027154e+002
  4.4115960e+002
  4.4206172e+002
  4.4297708e+002
  4.4390623e+002
  4.4484995e+002
  4.4580903e+002
  4.4678423e+002
  4.4777635e+002
  4.4878614e+002
  4.4981441e+002
  4.5086191e+002
  4.5192943e+002
  4.5301774e+002
  4.5412763e+002
  4.5525988e+002
  4.5641525e+002
  4.5759453e+002
  4.5879850e+002
  4.6002780e+002
  4.6128204e+002
  4.6256032e+002
  4.6386177e+002
  4.6518547e+002
  4.6653055e+002
  4.6789611e+002
  4.6928125e+002
  4.7068509e+002
  4.7210673e+002
  4.7354527e+002
  4.7499983e+002
  4.7646951e+002
  4.7795342e+002
  4.7945067e+002
  4.8096036e+002
  4.8248158e+002
  4.8401257e+002
  4.8555045e+002
  4.8709226e+002
  4.8863504e+002
  4.9017585e+002
  4.9171172e+002
  4.9323970e+002
  4.9475683e+002
  4.9626017e+002
  4.9774675e+002
  4.9921362e+002
  5.0065783e+002
  5.0207641e+002
  5.0346642e+002
  5.0482490e+002
  5.0614889e+002
  5.0743648e+002
  5.0868973e+002
  5.0991167e+002
  5.1110533e+002
  5.1227372e+002
  5.1341988e+002
  5.1454682e+002
  5.1565757e+002
  5.1675516e+002
  5.1784260e+002
  5.1892293e+002
  5.1999916e+002
  5.2107432e+002
  5.2215143e+002
  5.2323353e+002
  5.2432362e+002
  5.2542440e+002
  5.2653395e+002
  5.2764717e+002
  5.2875883e+002
  5.2986376e+002
  5.3095673e+002
  5.3203257e+002
  5.3308606e+002
  5.3411201e+002
  5.3510522e+002
  5.3606049e+002
  5.3697262e+002
  5.3783642e+002
  5.3864667e+002
  5.3939819e+002
  5.4008577e+002
  5.4070424e+002
  5.4125062e+002
  5.4172628e+002
  5.4213304e+002
  5.4247276e+002
  5.4274727e+002
  5.4295842e+002
  5.4310805e+002
  5.4319800e+002
  5.4323012e+002
  5.4320624e+002
  5.4312821e+002
  5.4299787e+002
  5.4281707e+002
  5.4258764e+002
  5.4231143e+002
  5.4199028e+002
  5.4162606e+002
  5.4122081e+002
  5.4077663e+002
  5.4029561e+002
  5.3977987e+002
  5.3923149e+002
  5.3865259e+002
  5.3804525e+002
  5.3741158e+002
  5.3675368e+002
  5.3607365e+002
  5.3537359e+002
  5.3465560e+002
  5.3392178e+002
  5.3317423e+002
  5.3241504e+002
  5.3164627e+002
  5.3086838e+002
  5.3008024e+002
  5.2928064e+002
  5.2846838e+002
  5.2764224e+002
  5.2680101e+002
  5.2594348e+002
  5.2506844e+002
  5.2417469e+002
  5.2326101e+002
  5.2232619e+002
  5.2136903e+002
  5.2038830e+002
  5.1938282e+002
  5.1835135e+002
  5.1729270e+002
  5.1620581e+002
  5.1509004e+002
  5.1394485e+002
  5.1276970e+002
  5.1156404e+002
  5.1032732e+002
  5.0905901e+002
  5.0775856e+002
  5.0642541e+002
  5.0505902e+002
  5.0365886e+002
  5.0222437e+002
  5.0075501e+002
  4.9925023e+002
  4.9770949e+002
  4.9613224e+002
  4.9451793e+002
  4.9286603e+002
  4.9117597e+002
  4.8944721e+002
  4.8767919e+002
  4.8587138e+002
  4.8402321e+002
  4.8213414e+002
  4.8020361e+002
  4.7823108e+002
  4.7621600e+002
  4.7415782e+002
  4.7205598e+002
  4.6990994e+002
  4.6771914e+002
  4.6548304e+002
  4.6320113e+002
  4.6087517e+002
  4.5851042e+002
  4.5611241e+002
  4.5368668e+002
  4.5123876e+002
  4.4877420e+002
  4.4629854e+002
  4.4381730e+002
  4.4133603e+002
  4.3886027e+002
  4.3639555e+002
  4.3394742e+002
  4.3152140e+002
  4.2912304e+002
  4.2675788e+002
  4.2443145e+002
  4.2214904e+002
  4.1991483e+002
  4.1773267e+002
  4.1560642e+002
  4.1353993e+002
  4.1153705e+002
  4.0960164e+002
  4.0773756e+002
  4.0594866e+002
  4.0423880e+002
  4.0261182e+002
  4.0107159e+002
  3.9962196e+002
  3.9826678e+002
  3.9700992e+002
  3.9585521e+002
  3.9480622e+002
  3.9386139e+002
  3.9301499e+002
  3.9226118e+002
  3.9159412e+002
  3.9100795e+002
  3.9049683e+002
  3.9005490e+002
  3.8967632e+002
  3.8935525e+002
  3.8908583e+002
  3.8886223e+002
  3.8867858e+002
  3.8852904e+002
  3.8840776e+002
  3.8830891e+002
  3.8822662e+002
  3.8815596e+002
  3.8809401e+002
  3.8803814e+002
  3.8798570e+002
  3.8793406e+002
  3.8788060e+002
  3.8782266e+002
  3.8775763e+002
  3.8768285e+002
  3.8759571e+002
  3.8749356e+002
  3.8737376e+002
  3.8723369e+002
  3.8707070e+002
  3.8688216e+002
  3.8666544e+002
  3.8641804e+002
  3.8613851e+002
  3.8582581e+002
  3.8547893e+002
  3.8509684e+002
  3.8467854e+002
  3.8422298e+002
  3.8372917e+002
  3.8319607e+002
  3.8262268e+002
  3.8200795e+002
  3.8135089e+002
  3.8065046e+002
  3.7990565e+002
  3.7911543e+002
  3.7827879e+002
  3.7739470e+002
  3.7646177e+002
  3.7547821e+002
  3.7444219e+002
  3.7335189e+002
  3.7220548e+002
  3.7100113e+002
  3.6973703e+002
  3.6841135e+002
  3.6702226e+002
  3.6556793e+002
  3.6404655e+002
  3.6245629e+002
  3.6079533e+002
  3.5906183e+002
  3.5725398e+002
  3.5536995e+002
  3.5340935e+002
  3.5137680e+002
  3.4927799e+002
  3.4711861e+002
  3.4490435e+002
  3.4264090e+002
  3.4033396e+002
  3.3798921e+002
  3.3561234e+002
  3.3320905e+002
  3.3078503e+002
  3.2834597e+002
  3.2589756e+002
  3.2344549e+002
  3.2099545e+002
  3.1855313e+002
  3.1612406e+002
  3.1371176e+002
  3.1131847e+002
  3.0894640e+002
  3.0659778e+002
  3.0427481e+002
  3.0197972e+002
  2.9971473e+002
  2.9748204e+002
  2.9528388e+002
  2.9312246e+002
  2.9100000e+002
  2.8891872e+002
  2.8688083e+002
  2.8488855e+002
  2.8294410e+002
  2.8104966e+002
  2.7920544e+002
  2.7740808e+002
  2.7565385e+002
  2.7393904e+002
  2.7225993e+002
  2.7061280e+002
  2.6899393e+002
  2.6739960e+002
  2.6582610e+002
  2.6426969e+002
  2.6272668e+002
  2.6119333e+002
  2.5966593e+002
  2.5814075e+002
  2.5661409e+002
  2.5508221e+002
  2.5354188e+002
  2.5199242e+002
  2.5043401e+002
  2.4886682e+002
  2.4729102e+002
  2.4570680e+002
  2.4411434e+002
  2.4251381e+002
  2.4090538e+002
  2.3928924e+002
  2.3766557e+002
  2.3603453e+002
  2.3439632e+002
  2.3275110e+002
  2.3109905e+002
  2.2944035e+002
  2.2777520e+002
  2.2610403e+002
  2.2442756e+002
  2.2274649e+002
  2.2106153e+002
  2.1937339e+002
  2.1768279e+002
  2.1599043e+002
  2.1429703e+002
  2.1260328e+002
  2.1090992e+002
  2.0921763e+002
  2.0752714e+002
  2.0583915e+002
  2.0415438e+002
  2.0247353e+002
  2.0079732e+002
  1.9912606e+002
  1.9745905e+002
  1.9579539e+002
  1.9413421e+002
  1.9247462e+002
  1.9081574e+002
  1.8915669e+002
  1.8749658e+002
  1.8583453e+002
  1.8416966e+002
  1.8250108e+002
  1.8082792e+002
  1.7914928e+002
  1.7746429e+002
  1.7577206e+002
  1.7407170e+002
  1.7236244e+002
  1.7064423e+002
  1.6891742e+002
  1.6718239e+002
  1.6543949e+002
  1.6368907e+002
  1.6193149e+002
  1.6016712e+002
  1.5839631e+002
  1.5661942e+002
  1.5483681e+002
  1.5304884e+002
  1.5125587e+002
  1.4945825e+002
  1.4765634e+002
  1.4585051e+002
  1.4404110e+002
  1.4222818e+002
  1.4041137e+002
  1.3859030e+002
  1.3676459e+002
  1.3493383e+002
  1.3309765e+002
  1.3125565e+002
  1.2940746e+002
  1.2755267e+002
  1.2569092e+002
  1.2382180e+002
  1.2194493e+002
  1.2005992e+002
  1.1816640e+002
  1.1626396e+002
  1.1435222e+002
  1.1243134e+002
  1.1050375e+002
  1.0857245e+002
  1.0664042e+002
  1.0471066e+002
  1.0278618e+002
  1.0086997e+002
  9.8965023e+001
  9.7074342e+001
  9.5200921e+001
  9.3347758e+001
  9.1517849e+001
  8.9714193e+001
  8.7939786e+001
  8.6197625e+001
  8.4490707e+001
  8.2821695e+001
  8.1188433e+001
  7.9585158e+001
  7.8006016e+001
  7.6445155e+001
  7.4896721e+001
  7.3354861e+001
  7.1813724e+001
  7.0267455e+001
  6.8710202e+001
  6.7136113e+001
  6.5539334e+001
  6.3914013e+001
  6.2254296e+001
  6.0554332e+001
  5.8808266e+001
  5.7010269e+001
  5.5157915e+001
  5.3255805e+001
  5.1309409e+001
  4.9324194e+001
  4.7305631e+001
  4.5259189e+001
  4.3190336e+001
  4.1104543e+001
  3.9007278e+001
  3.6904010e+001
  3.4800209e+001
  3.2701343e+001
  3.0612883e+001
  2.8540296e+001
  2.6489053e+001
  2.4464622e+001
  2.2472044e+001
  2.0513619e+001
  1.8590572e+001
  1.6704122e+001
  1.4855490e+001
  1.3045897e+001
  1.1276562e+001
  9.5487073e+000
  7.8635525e+000
  6.2223182e+000
  4.6262251e+000
  3.0764936e+000
  1.5743443e+000
  1.2099764e-001
 -1.2823258e+000
 -2.6344055e+000
 -3.9340714e+000
 -5.1815371e+000
 -6.3785359e+000
 -7.5268791e+000
 -8.6283777e+000
 -9.6848431e+000
 -1.0698086e+001
 -1.1669919e+001
 -1.2602151e+001
 -1.3496596e+001
 -1.4355063e+001
 -1.5179363e+001
 -1.5971309e+001
 -1.6732711e+001
 -1.7465381e+001
 -1.8171129e+001
 -1.8851767e+001
 -1.9508631e+001
 -2.0141571e+001
 -2.0750146e+001
 -2.1333917e+001
 -2.1892443e+001
 -2.2425284e+001
 -2.2931999e+001
 -2.3412148e+001
 -2.3865290e+001
 -2.4290985e+001
 -2.4688794e+001
 -2.5058275e+001
 -2.5398988e+001
 -2.5710492e+001
 -2.5992349e+001
 -2.6244116e+001
 -2.6465432e+001
 -2.6656749e+001
 -2.6818994e+001
 -2.6953104e+001
 -2.7060015e+001
 -2.7140662e+001
 -2.7195980e+001
 -2.7226906e+001
 -2.7234374e+001
 -2.7219321e+001
 -2.7182683e+001
 -2.7125394e+001
 -2.7048390e+001
 -2.6952608e+001
 -2.6838982e+001
 -2.6708449e+001
 -2.6561939e+001
 -2.6400038e+001
 -2.6222781e+001
 -2.6030149e+001
 -2.5822125e+001
 -2.5598691e+001
 -2.5359830e+001
 -2.5105525e+001
 -2.4835758e+001
 -2.4550511e+001
 -2.4249766e+001
 -2.3933508e+001
 -2.3601717e+001
 -2.3254376e+001
 -2.2891468e+001
 -2.2512976e+001
 -2.2118881e+001
 -2.1709163e+001
 -2.1283782e+001
 -2.0842695e+001
 -2.0385856e+001
 -1.9913222e+001
 -1.9424748e+001
 -1.8920389e+001
 -1.8400101e+001
 -1.7863840e+001
 -1.7311561e+001
 -1.6743220e+001
 -1.6158773e+001
 -1.5558174e+001
 -1.4941380e+001
 -1.4308346e+001
 -1.3659028e+001
 -1.2993369e+001
 -1.2311100e+001
 -1.1611765e+001
 -1.0894902e+001
 -1.0160050e+001
 -9.4067462e+000
 -8.6345295e+000
 -7.8429380e+000
 -7.0315099e+000
 -6.1997836e+000
 -5.3472972e+000
 -4.4735891e+000
 -3.5781975e+000
 -2.6606606e+000
 -1.7205167e+000
 -7.5730403e-001
  2.2943883e-001
  1.2400720e+000
  2.2747110e+000
  3.3334353e+000
  4.4163242e+000
  5.5234571e+000
  6.6549133e+000
  7.8107723e+000
  8.9911134e+000
  1.0196016e+001
  1.1425560e+001
  1.2679823e+001
  1.3958887e+001
  1.5262829e+001
  1.6591730e+001
  1.7945668e+001
  1.9324724e+001
  2.0728960e+001
  2.2158311e+001
  2.3612657e+001
  2.5091875e+001
  2.6595843e+001
  2.8124438e+001
  2.9677537e+001
  3.1255020e+001
  3.2856762e+001
  3.4482643e+001
  3.6132539e+001
  3.7806328e+001
  3.9503889e+001
  4.1225098e+001
  4.2969834e+001
  4.4737973e+001
  4.6529374e+001
  4.8343153e+001
  5.0177481e+001
  5.2030468e+001
  5.3900226e+001
  5.5784865e+001
  5.7682495e+001
  5.9591228e+001
  6.1509175e+001
  6.3434445e+001
  6.5365149e+001
  6.7299398e+001
  6.9235303e+001
  7.1170975e+001
  7.3104524e+001
  7.5034060e+001
  7.6957695e+001
  7.8873635e+001
  8.0780445e+001
  8.2676772e+001
  8.4561263e+001
  8.6432564e+001
  8.8289323e+001
  9.0130186e+001
  9.1953801e+001
  9.3758813e+001
  9.5543871e+001
  9.7307621e+001
  9.9048709e+001
  1.0076578e+002
  1.0245749e+002
  1.0412248e+002
  1.0575939e+002
  1.0736693e+002
  1.0894440e+002
  1.1049155e+002
  1.1200812e+002
  1.1349386e+002
  1.1494852e+002
  1.1637184e+002
  1.1776357e+002
  1.1912347e+002
  1.2045126e+002
  1.2174671e+002
  1.2300956e+002
  1.2423956e+002
  1.2543645e+002
  1.2659997e+002
  1.2772989e+002
  1.2882596e+002
  1.2988925e+002
  1.3092334e+002
  1.3193207e+002
  1.3291929e+002
  1.3388883e+002
  1.3484454e+002
  1.3579027e+002
  1.3672985e+002
  1.3766713e+002
  1.3860595e+002
  1.3955015e+002
  1.4050358e+002
  1.4147008e+002
  1.4245350e+002
  1.4345767e+002
  1.4448644e+002
  1.4554317e+002
  1.4662852e+002
  1.4774212e+002
  1.4888366e+002
  1.5005279e+002
  1.5124918e+002
  1.5247248e+002
  1.5372236e+002
  1.5499848e+002
  1.5630050e+002
  1.5762809e+002
  1.5898090e+002
  1.6035860e+002
  1.6176085e+002
  1.6318732e+002
  1.6463765e+002
  1.6611139e+002
  1.6760464e+002
  1.6911015e+002
  1.7062049e+002
  1.7212826e+002
  1.7362602e+002
  1.7510637e+002
  1.7656188e+002
  1.7798513e+002
  1.7936871e+002
  1.8070520e+002
  1.8198719e+002
  1.8320724e+002
  1.8435795e+002
  1.8543189e+002
  1.8642166e+002
  1.8731982e+002
  1.8812132e+002
  1.8882772e+002
  1.8944179e+002
  1.8996626e+002
  1.9040388e+002
  1.9075740e+002
  1.9102958e+002
  1.9122315e+002
  1.9134087e+002
  1.9138549e+002
  1.9135974e+002
  1.9126639e+002
  1.9110818e+002
  1.9088786e+002
  1.9060818e+002
  1.9027188e+002
  1.8988154e+002
  1.8943821e+002
  1.8894209e+002
  1.8839339e+002
  1.8779232e+002
  1.8713906e+002
  1.8643383e+002
  1.8567683e+002
  1.8486826e+002
  1.8400832e+002
  1.8309721e+002
  1.8213515e+002
  1.8112232e+002
  1.8005894e+002
  1.7894520e+002
  1.7778131e+002
  1.7656749e+002
  1.7530498e+002
  1.7399649e+002
  1.7264489e+002
  1.7125300e+002
  1.6982369e+002
  1.6835979e+002
  1.6686416e+002
  1.6533964e+002
  1.6378907e+002
  1.6221531e+002
  1.6062120e+002
  1.5900959e+002
  1.5738332e+002
  1.5574524e+002
  1.5409820e+002
  1.5244504e+002
  1.5078884e+002
  1.4913367e+002
  1.4748387e+002
  1.4584377e+002
  1.4421773e+002
  1.4261008e+002
  1.4102516e+002
  1.3946732e+002
  1.3794089e+002
  1.3645022e+002
  1.3499965e+002
  1.3359352e+002
  1.3223617e+002
  1.3093194e+002
  1.2968518e+002
  1.2850022e+002
  1.2738114e+002
  1.2632778e+002
  1.2533659e+002
  1.2440395e+002
  1.2352625e+002
  1.2269985e+002
  1.2192114e+002
  1.2118648e+002
  1.2049226e+002
  1.1983484e+002
  1.1921061e+002
  1.1861593e+002
  1.1804720e+002
  1.1750077e+002
  1.1697303e+002
  1.1646035e+002
  1.1595911e+002
  1.1546668e+002
  1.1498258e+002
  1.1450661e+002
  1.1403860e+002
  1.1357835e+002
  1.1312567e+002
  1.1268037e+002
  1.1224226e+002
  1.1181114e+002
  1.1138684e+002
  1.1096916e+002
  1.1055790e+002
  1.1015289e+002
  1.0975392e+002
  1.0936082e+002
  1.0897338e+002
  1.0859140e+002
  1.0821456e+002
  1.0784248e+002
  1.0747477e+002
  1.0711107e+002
  1.0675098e+002
  1.0639414e+002
  1.0604017e+002
  1.0568868e+002
  1.0533931e+002
  1.0499166e+002
  1.0464537e+002
  1.0430006e+002
  1.0395534e+002
  1.0361084e+002
  1.0326618e+002
  1.0292100e+002
  1.0257519e+002
  1.0222895e+002
  1.0188251e+002
  1.0153609e+002
  1.0118992e+002
  1.0084423e+002
  1.0049923e+002
  1.0015516e+002
  9.9812224e+001
  9.9470661e+001
  9.9130692e+001
  9.8792541e+001
  9.8456431e+001
  9.8122587e+001
  9.7791233e+001
  9.7462593e+001
  9.7136810e+001
  9.6813750e+001
  9.6493223e+001
  9.6175040e+001
  9.5859009e+001
  9.5544940e+001
  9.5232645e+001
  9.4921931e+001
  9.4612609e+001
  9.4304490e+001
  9.3997382e+001
  9.3691095e+001
  9.3385439e+001
  9.3080225e+001
  9.2775262e+001
  9.2470359e+001
  9.2165458e+001
  9.1861969e+001
  9.1562221e+001
  9.1268558e+001
  9.0983321e+001
  9.0708856e+001
  9.0447504e+001
  9.0201609e+001
  8.9973514e+001
  8.9765562e+001
  8.9580096e+001
  8.9419460e+001
  8.9285996e+001
  8.9182049e+001
  8.9109960e+001
  8.9072074e+001
  8.9070727e+001
  8.9107792e+001
  8.9184349e+001
  8.9301396e+001
  8.9459934e+001
  8.9660963e+001
  8.9905482e+001
  9.0194492e+001
  9.0528992e+001
  9.0909983e+001
  9.1338464e+001
  9.1815435e+001
  9.2341897e+001
  9.2918848e+001
  9.3547290e+001
  9.4228222e+001
  9.4962644e+001
  9.5751479e+001
  9.6595246e+001
  9.7494337e+001
  9.8449142e+001
  9.9460051e+001
  1.0052746e+002
  1.0165175e+002
  1.0283331e+002
  1.0407255e+002
  1.0536984e+002
  1.0672558e+002
  1.0814016e+002
  1.0961397e+002
  1.1114740e+002
  1.1274084e+002
  1.1439468e+002
  1.1610922e+002
  1.1788296e+002
  1.1971274e+002
  1.2159535e+002
  1.2352756e+002
  1.2550616e+002
  1.2752792e+002
  1.2958963e+002
  1.3168807e+002
  1.3382002e+002
  1.3598225e+002
  1.3817155e+002
  1.4038471e+002
  1.4261849e+002
  1.4486969e+002
  1.4713508e+002
  1.4941145e+002
  1.5169609e+002
  1.5398765e+002
  1.5628499e+002
  1.5858696e+002
  1.6089242e+002
  1.6320021e+002
  1.6550920e+002
  1.6781825e+002
  1.7012620e+002
  1.7243190e+002
  1.7473423e+002
  1.7703203e+002
  1.7932415e+002
  1.8160945e+002
  1.8388679e+002
  1.8615502e+002
  1.8841302e+002
  1.9065994e+002
  1.9289503e+002
  1.9511755e+002
  1.9732676e+002
  1.9952191e+002
  2.0170227e+002
  2.0386710e+002
  2.0601565e+002
  2.0814718e+002
  2.1026096e+002
  2.1235624e+002
  2.1443227e+002
  2.1648833e+002
  2.1852367e+002
  2.2053754e+002
  2.2252922e+002
  2.2449863e+002
  2.2644652e+002
  2.2837371e+002
  2.3028104e+002
  2.3216933e+002
  2.3403940e+002
  2.3589207e+002
  2.3772817e+002
  2.3954853e+002
  2.4135397e+002
  2.4314530e+002
  2.4492337e+002
  2.4668898e+002
  2.4844298e+002
  2.5018617e+002
  2.5191938e+002
  2.5364310e+002
  2.5535641e+002
  2.5705808e+002
  2.5874686e+002
  2.6042151e+002
  2.6208080e+002
  2.6372346e+002
  2.6534827e+002
  2.6695399e+002
  2.6853936e+002
  2.7010314e+002
  2.7164411e+002
  2.7316100e+002
  2.7465259e+002
  2.7611762e+002
  2.7755485e+002
  2.7896318e+002
  2.8034329e+002
  2.8169714e+002
  2.8302676e+002
  2.8433415e+002
  2.8562133e+002
  2.8689030e+002
  2.8814307e+002
  2.8938166e+002
  2.9060807e+002
  2.9182432e+002
  2.9303240e+002
  2.9423435e+002
  2.9543215e+002
  2.9662784e+002
  2.9782340e+002
  2.9902086e+002
  3.0022151e+002
  3.0142531e+002
  3.0263201e+002
  3.0384140e+002
  3.0505324e+002
  3.0626730e+002
  3.0748336e+002
  3.0870119e+002
  3.0992055e+002
  3.1114123e+002
  3.1236298e+002
  3.1358558e+002
  3.1480881e+002
  3.1603244e+002
  3.1725623e+002
  3.1847996e+002
  3.1970310e+002
  3.2092328e+002
  3.2213744e+002
  3.2334252e+002
  3.2453544e+002
  3.2571314e+002
  3.2687256e+002
  3.2801062e+002
  3.2912426e+002
  3.3021042e+002
  3.3126603e+002
  3.3228802e+002
  3.3327333e+002
  3.3421888e+002
  3.3512162e+002
  3.3597848e+002
  3.3678650e+002
  3.3754568e+002
  3.3825918e+002
  3.3893028e+002
  3.3956229e+002
  3.4015850e+002
  3.4072220e+002
  3.4125670e+002
  3.4176530e+002
  3.4225128e+002
  3.4271795e+002
  3.4316860e+002
  3.4360653e+002
  3.4403504e+002
  3.4445743e+002
  3.4487698e+002
  3.4529701e+002
  3.4571966e+002
  3.4614368e+002
  3.4656716e+002
  3.4698818e+002
  3.4740484e+002
  3.4781522e+002
  3.4821741e+002
  3.4860952e+002
  3.4898961e+002
  3.4935579e+002
  3.4970615e+002
  3.5003877e+002
  3.5035174e+002
  3.5064316e+002
  3.5091111e+002
  3.5115368e+002
  3.5136907e+002
  3.5155645e+002
  3.5171555e+002
  3.5184612e+002
  3.5194791e+002
  3.5202067e+002
  3.5206413e+002
  3.5207804e+002
  3.5206215e+002
  3.5201621e+002
  3.5193995e+002
  3.5183313e+002
  3.5169548e+002
  3.5152676e+002
  3.5132671e+002
  3.5109507e+002
  3.5083162e+002
  3.5053778e+002
  3.5021757e+002
  3.4987524e+002
  3.4951503e+002
  3.4914118e+002
  3.4875794e+002
  3.4836954e+002
  3.4798024e+002
  3.4759427e+002
  3.4721588e+002
  3.4684932e+002
  3.4649882e+002
  3.4616863e+002
  3.4586299e+002
  3.4558615e+002
  3.4534234e+002
  3.4513508e+002
  3.4496442e+002
  3.4482941e+002
  3.4472910e+002
  3.4466253e+002
  3.4462875e+002
  3.4462681e+002
  3.4465575e+002
  3.4471463e+002
  3.4480249e+002
  3.4491838e+002
  3.4506135e+002
  3.4523044e+002
  3.4542471e+002
  3.4564319e+002
  3.4588495e+002
  3.4614902e+002
  3.4643457e+002
  3.4674082e+002
  3.4706702e+002
  3.4741241e+002
  3.4777621e+002
  3.4815768e+002
  3.4855603e+002
  3.4897053e+002
  3.4940039e+002
  3.4984486e+002
  3.5030317e+002
  3.5077457e+002
  3.5125829e+002
  3.5175356e+002
  3.5225963e+002
  3.5277574e+002
  3.5330148e+002
  3.5383728e+002
  3.5438370e+002
  3.5494130e+002
  3.5551062e+002
  3.5609222e+002
  3.5668666e+002
  3.5729448e+002
  3.5791624e+002
  3.5855250e+002
  3.5920381e+002
  3.5987071e+002
  3.6055377e+002
  3.6125354e+002
  3.6197058e+002
  3.6270542e+002
  3.6345854e+002
  3.6422963e+002
  3.6501806e+002
  3.6582320e+002
  3.6664442e+002
  3.6748109e+002
  3.6833259e+002
  3.6919827e+002
  3.7007752e+002
  3.7096969e+002
  3.7187416e+002
  3.7279030e+002
  3.7371748e+002
  3.7465507e+002
  3.7560243e+002
  3.7655894e+002
  3.7752395e+002
  3.7849631e+002
  3.7947425e+002
  3.8045597e+002
  3.8143965e+002
  3.8242348e+002
  3.8340566e+002
  3.8438437e+002
  3.8535782e+002
  3.8632418e+002
  3.8728165e+002
  3.8822842e+002
  3.8916269e+002
  3.9008264e+002
  3.9098646e+002
  3.9187234e+002
  3.9273849e+002
  3.9358320e+002
  3.9440521e+002
  3.9520337e+002
  3.9597649e+002
  3.9672342e+002
  3.9744299e+002
  3.9813404e+002
  3.9879539e+002
  3.9942588e+002
  4.0002434e+002
  4.0058961e+002
  4.0112051e+002
  4.0161590e+002
  4.0207458e+002
  4.0249541e+002
  4.0287722e+002
  4.0321889e+002
  4.0352014e+002
  4.0378118e+002
  4.0400225e+002
  4.0418358e+002
  4.0432541e+002
  4.0442797e+002
  4.0449149e+002
  4.0451621e+002
  4.0450236e+002
  4.0445019e+002
  4.0435991e+002
  4.0423177e+002
  4.0406600e+002
  4.0386283e+002
  4.0362250e+002
  4.0334525e+002
  4.0303191e+002
  4.0268441e+002
  4.0230478e+002
  4.0189506e+002
  4.0145729e+002
  4.0099350e+002
  4.0050573e+002
  3.9999602e+002
  3.9946639e+002
  3.9891890e+002
  3.9835557e+002
  3.9777844e+002
  3.9718955e+002
  3.9659093e+002
  3.9598462e+002
  3.9537266e+002
  3.9475719e+002
  3.9414096e+002
  3.9352691e+002
  3.9291801e+002
  3.9231720e+002
  3.9172743e+002
  3.9115166e+002
  3.9059284e+002
  3.9005392e+002
  3.8953786e+002
  3.8904760e+002
  3.8858609e+002
  3.8815630e+002
  3.8776116e+002
  3.8740364e+002
  3.8708669e+002
  3.8681315e+002
  3.8658362e+002
  3.8639649e+002
  3.8625009e+002
  3.8614272e+002
  3.8607267e+002
  3.8603828e+002
  3.8603783e+002
  3.8606965e+002
  3.8613203e+002
  3.8622330e+002
  3.8634174e+002
  3.8648569e+002
  3.8665344e+002
  3.8684330e+002
  3.8705357e+002
  3.8728258e+002
  3.8752869e+002
  3.8779042e+002
  3.8806634e+002
  3.8835501e+002
  3.8865497e+002
  3.8896480e+002
  3.8928305e+002
  3.8960828e+002
  3.8993905e+002
  3.9027391e+002
  3.9061142e+002
  3.9095015e+002
  3.9128865e+002
  3.9162547e+002
  3.9195919e+002
  3.9228835e+002
  3.9261154e+002
  3.9292757e+002
  3.9323534e+002
  3.9353377e+002
  3.9382180e+002
  3.9409832e+002
  3.9436226e+002
  3.9461254e+002
  3.9484807e+002
  3.9506778e+002
  3.9527057e+002
  3.9545537e+002
  3.9562110e+002
  3.9576667e+002
  3.9589099e+002
  3.9599300e+002
  3.9607162e+002
  3.9612687e+002
  3.9616030e+002
  3.9617357e+002
  3.9616836e+002
  3.9614631e+002
  3.9610911e+002
  3.9605841e+002
  3.9599588e+002
  3.9592319e+002
  3.9584200e+002
  3.9575397e+002
  3.9566078e+002
  3.9556408e+002
  3.9546555e+002
  3.9536685e+002
  3.9526964e+002
  3.9517535e+002
  3.9508442e+002
  3.9499701e+002
  3.9491330e+002
  3.9483344e+002
  3.9475762e+002
  3.9468600e+002
  3.9461874e+002
  3.9455603e+002
  3.9449801e+002
  3.9444488e+002
  3.9439679e+002
  3.9435391e+002
  3.9431641e+002
  3.9428446e+002
  3.9425823e+002
  3.9423788e+002
  3.9422325e+002
  3.9421398e+002
  3.9420971e+002
  3.9421006e+002
  3.9421466e+002
  3.9422315e+002
  3.9423514e+002
  3.9425029e+002
  3.9426820e+002
  3.9428851e+002
  3.9431086e+002
  3.9433487e+002
  3.9436017e+002
  3.9438639e+002
  3.9441316e+002
  3.9444012e+002
  3.9446719e+002
  3.9449495e+002
  3.9452405e+002
  3.9455516e+002
  3.9458891e+002
  3.9462598e+002
  3.9466701e+002
  3.9471266e+002
  3.9476358e+002
  3.9482043e+002
  3.9488387e+002
  3.9495455e+002
  3.9503312e+002
  3.9512024e+002
  3.9521656e+002
  3.9532274e+002
  3.9543917e+002
  3.9556448e+002
  3.9569658e+002
  3.9583339e+002
  3.9597281e+002
  3.9611278e+002
  3.9625119e+002
  3.9638597e+002
  3.9651502e+002
  3.9663627e+002
  3.9674763e+002
  3.9684701e+002
  3.9693232e+002
  3.9700149e+002
  3.9705242e+002
  3.9708303e+002
  3.9709128e+002
  3.9707642e+002
  3.9703916e+002
  3.9698030e+002
  3.9690062e+002
  3.9680091e+002
  3.9668196e+002
  3.9654457e+002
  3.9638952e+002
  3.9621760e+002
  3.9602960e+002
  3.9582631e+002
  3.9560852e+002
  3.9537702e+002
  3.9513260e+002
  3.9487605e+002
  3.9460817e+002
  3.9432985e+002
  3.9404241e+002
  3.9374725e+002
  3.9344576e+002
  3.9313931e+002
  3.9282931e+002
  3.9251714e+002
  3.9220420e+002
  3.9189187e+002
  3.9158154e+002
  3.9127461e+002
  3.9097246e+002
  3.9067649e+002
  3.9038809e+002
  3.9010863e+002
  3.8983953e+002
  3.8958208e+002
  3.8933671e+002
  3.8910332e+002
  3.8888181e+002
  3.8867205e+002
  3.8847395e+002
  3.8828739e+002
  3.8811226e+002
  3.8794846e+002
  3.8779587e+002
  3.8765438e+002
  3.8752389e+002
  3.8740428e+002
  3.8729544e+002
  3.8719727e+002
  3.8710965e+002
  3.8703248e+002
  3.8696545e+002
  3.8690798e+002
  3.8685944e+002
  3.8681921e+002
  3.8678667e+002
  3.8676119e+002
  3.8674215e+002
  3.8672892e+002
  3.8672089e+002
  3.8671744e+002
  3.8671793e+002
  3.8672175e+002
  3.8672827e+002
  3.8673687e+002
  3.8674693e+002
  3.8675783e+002
  3.8676888e+002
  3.8677916e+002
  3.8678766e+002
  3.8679337e+002
  3.8679527e+002
  3.8679235e+002
  3.8678359e+002
  3.8676800e+002
  3.8674454e+002
  3.8671222e+002
  3.8667002e+002
  3.8661693e+002
  3.8655193e+002
  3.8647402e+002
  3.8638218e+002
  3.8627540e+002
  3.8615271e+002
  3.8601394e+002
  3.8585963e+002
  3.8569034e+002
  3.8550664e+002
  3.8530910e+002
  3.8509827e+002
  3.8487473e+002
  3.8463905e+002
  3.8439178e+002
  3.8413349e+002
  3.8386474e+002
  3.8358611e+002
  3.8329816e+002
  3.8300145e+002
  3.8269654e+002
  3.8238401e+002
  3.8206455e+002
  3.8173915e+002
  3.8140887e+002
  3.8107476e+002
  3.8073786e+002
  3.8039923e+002
  3.8005992e+002
  3.7972098e+002
  3.7938346e+002
  3.7904840e+002
  3.7871686e+002
  3.7838990e+002
  3.7806855e+002
  3.7775386e+002
  3.7744690e+002
  3.7714871e+002
  3.7686020e+002
  3.7658123e+002
  3.7631113e+002
  3.7604924e+002
  3.7579491e+002
  3.7554748e+002
  3.7530628e+002
  3.7507066e+002
  3.7483995e+002
  3.7461349e+002
  3.7439063e+002
  3.7417071e+002
  3.7395306e+002
  3.7373702e+002
  3.7352194e+002
  3.7330715e+002
  3.7309201e+002
  3.7287654e+002
  3.7266161e+002
  3.7244816e+002
  3.7223711e+002
  3.7202941e+002
  3.7182598e+002
  3.7162776e+002
  3.7143568e+002
  3.7125067e+002
  3.7107367e+002
  3.7090561e+002
  3.7074743e+002
  3.7060006e+002
  3.7046443e+002
  3.7034147e+002
  3.7023212e+002
  3.7013643e+002
  3.7005115e+002
  3.6997222e+002
  3.6989557e+002
  3.6981715e+002
  3.6973289e+002
  3.6963875e+002
  3.6953066e+002
  3.6940456e+002
  3.6925639e+002
  3.6908210e+002
  3.6887763e+002
  3.6863892e+002
  3.6836191e+002
  3.6804254e+002
  3.6767675e+002
  3.6726073e+002
  3.6679386e+002
  3.6627776e+002
  3.6571409e+002
  3.6510452e+002
  3.6445074e+002
  3.6375440e+002
  3.6301717e+002
  3.6224073e+002
  3.6142674e+002
  3.6057688e+002
  3.5969281e+002
  3.5877620e+002
  3.5782872e+002
  3.5685205e+002
  3.5584784e+002
  3.5481777e+002
  3.5376239e+002
  3.5268015e+002
  3.5156925e+002
  3.5042789e+002
  3.4925427e+002
  3.4804660e+002
  3.4680307e+002
  3.4552189e+002
  3.4420126e+002
  3.4283938e+002
  3.4143446e+002
  3.3998468e+002
  3.3848827e+002
  3.3694341e+002
  3.3534832e+002
  3.3370118e+002
  3.3200130e+002
  3.3025445e+002
  3.2846876e+002
  3.2665240e+002
  3.2481352e+002
  3.2296026e+002
  3.2110078e+002
  3.1924324e+002
  3.1739577e+002
  3.1556653e+002
  3.1376368e+002
  3.1199537e+002
  3.1026974e+002
  3.0859495e+002
  3.0697915e+002
  3.0543050e+002
  3.0395694e+002
  3.0256169e+002
  3.0124308e+002
  2.9999920e+002
  2.9882815e+002
  2.9772803e+002
  2.9669694e+002
  2.9573296e+002
  2.9483421e+002
  2.9399877e+002
  2.9322475e+002
  2.9251023e+002
  2.9185333e+002
  2.9125213e+002
  2.9070474e+002
  2.9020924e+002
  2.8976374e+002
  2.8936643e+002
  2.8901572e+002
  2.8871010e+002
  2.8844803e+002
  2.8822799e+002
  2.8804846e+002
  2.8790790e+002
  2.8780480e+002
  2.8773762e+002
  2.8770484e+002
  2.8770494e+002
  2.8773638e+002
  2.8779765e+002
  2.8788721e+002
  2.8800354e+002
  2.8814511e+002
  2.8831037e+002
  2.8849747e+002
  2.8870439e+002
  2.8892914e+002
  2.8916969e+002
  2.8942403e+002
  2.8969016e+002
  2.8996607e+002
  2.9024974e+002
  2.9053916e+002
  2.9083232e+002
  2.9112722e+002
  2.9142183e+002
  2.9171415e+002
  2.9200217e+002
  2.9228388e+002
  2.9255729e+002
  2.9282213e+002
  2.9308069e+002
  2.9333547e+002
  2.9358899e+002
  2.9384375e+002
  2.9410226e+002
  2.9436702e+002
  2.9464055e+002
  2.9492536e+002
  2.9522394e+002
  2.9553881e+002
  2.9587248e+002
  2.9622745e+002
  2.9660624e+002
  2.9701134e+002
  2.9744527e+002
  2.9790971e+002
  2.9840262e+002
  2.9892090e+002
  2.9946146e+002
  3.0002120e+002
  3.0059704e+002
  3.0118588e+002
  3.0178462e+002
  3.0239018e+002
  3.0299945e+002
  3.0360935e+002
  3.0421679e+002
  3.0481867e+002
  3.0541189e+002
  3.0599337e+002
  3.0656000e+002
  3.0710882e+002
  3.0763874e+002
  3.0815021e+002
  3.0864375e+002
  3.0911985e+002
  3.0957902e+002
  3.1002176e+002
  3.1044858e+002
  3.1085998e+002
  3.1125647e+002
  3.1163854e+002
  3.1200671e+002
  3.1236148e+002
  3.1270334e+002
  3.1303281e+002
  3.1335040e+002
  3.1365659e+002
  3.1395277e+002
  3.1424219e+002
  3.1452841e+002
  3.1481497e+002
  3.1510540e+002
  3.1540324e+002
  3.1571205e+002
  3.1603535e+002
  3.1637668e+002
  3.1673960e+002
  3.1712763e+002
  3.1754433e+002
  3.1799322e+002
  3.1847786e+002
  3.1900178e+002
  3.1956852e+002
  3.2018074e+002
  3.2083485e+002
  3.2152457e+002
  3.2224361e+002
  3.2298568e+002
  3.2374448e+002
  3.2451374e+002
  3.2528714e+002
  3.2605842e+002
  3.2682126e+002
  3.2756939e+002
  3.2829652e+002
  3.2899634e+002
  3.2966258e+002
  3.3028893e+002
  3.3086912e+002
  3.3139699e+002
  3.3187119e+002
  3.3229610e+002
  3.3267642e+002
  3.3301686e+002
  3.3332213e+002
  3.3359693e+002
  3.3384597e+002
  3.3407395e+002
  3.3428559e+002
  3.3448558e+002
  3.3467865e+002
  3.3486948e+002
  3.3506280e+002
  3.3526330e+002
  3.3547570e+002
  3.3570470e+002
  3.3595406e+002
  3.3622425e+002
  3.3651507e+002
  3.3682630e+002
  3.3715771e+002
  3.3750909e+002
  3.3788021e+002
  3.3827086e+002
  3.3868082e+002
  3.3910987e+002
  3.3955779e+002
  3.4002436e+002
  3.4050937e+002
  3.4101259e+002
  3.4153381e+002
  3.4207280e+002
  3.4262920e+002
  3.4320094e+002
  3.4378488e+002
  3.4437783e+002
  3.4497663e+002
  3.4557809e+002
  3.4617905e+002
  3.4677633e+002
  3.4736676e+002
  3.4794716e+002
  3.4851436e+002
  3.4906519e+002
  3.4959647e+002
  3.5010503e+002
  3.5058769e+002
  3.5104129e+002
  3.5146265e+002
  3.5184939e+002
  3.5220048e+002
  3.5251505e+002
  3.5279222e+002
  3.5303110e+002
  3.5323081e+002
  3.5339048e+002
  3.5350921e+002
  3.5358613e+002
  3.5362036e+002
  3.5361102e+002
  3.5355722e+002
  3.5345808e+002
  3.5331273e+002
  3.5312028e+002
  3.5287984e+002
  3.5259055e+002
  3.5225154e+002
  3.5186195e+002
  3.5142093e+002
  3.5092762e+002
  3.5038117e+002
  3.4978072e+002
  3.4912542e+002
  3.4841441e+002
  3.4764683e+002
  3.4682183e+002
  3.4593856e+002
  3.4499615e+002
  3.4399375e+002
  3.4293051e+002
  3.4180558e+002
  3.4061820e+002
  3.3937021e+002
  3.3806580e+002
  3.3670928e+002
  3.3530495e+002
  3.3385713e+002
  3.3237011e+002
  3.3084819e+002
  3.2929568e+002
  3.2771689e+002
  3.2611612e+002
  3.2449767e+002
  3.2286584e+002
  3.2122495e+002
  3.1957929e+002
  3.1793317e+002
  3.1629089e+002
  3.1465596e+002
  3.1302977e+002
  3.1141336e+002
  3.0980779e+002
  3.0821411e+002
  3.0663335e+002
  3.0506658e+002
  3.0351483e+002
  3.0197916e+002
  3.0046062e+002
  2.9896025e+002
  2.9747910e+002
  2.9601822e+002
  2.9457865e+002
  2.9316146e+002
  2.9176768e+002
  2.9039821e+002
  2.8905275e+002
  2.8773034e+002
  2.8643005e+002
  2.8515094e+002
  2.8389206e+002
  2.8265247e+002
  2.8143123e+002
  2.8022739e+002
  2.7904002e+002
  2.7786817e+002
  2.7671090e+002
  2.7556727e+002
  2.7443633e+002
  2.7331715e+002
  2.7220877e+002
  2.7111031e+002
  2.7002256e+002
  2.6894875e+002
  2.6789224e+002
  2.6685641e+002
  2.6584465e+002
  2.6486032e+002
  2.6390681e+002
  2.6298750e+002
  2.6210576e+002
  2.6126496e+002
  2.6046850e+002
  2.5971974e+002
  2.5902206e+002
  2.5837884e+002
  2.5779346e+002
  2.5726930e+002
  2.5680863e+002
  2.5640921e+002
  2.5606769e+002
  2.5578069e+002
  2.5554484e+002
  2.5535676e+002
  2.5521309e+002
  2.5511045e+002
  2.5504547e+002
  2.5501478e+002
  2.5501501e+002
  2.5504279e+002
  2.5509474e+002
  2.5516750e+002
  2.5525768e+002
  2.5536193e+002
  2.5547691e+002
  2.5560004e+002
  2.5572926e+002
  2.5586251e+002
  2.5599776e+002
  2.5613296e+002
  2.5626606e+002
  2.5639503e+002
  2.5651782e+002
  2.5663238e+002
  2.5673667e+002
  2.5682864e+002
  2.5690625e+002
  2.5696746e+002
  2.5701022e+002
  2.5703248e+002
  2.5703222e+002
  2.5700872e+002
  2.5696400e+002
  2.5690041e+002
  2.5682031e+002
  2.5672605e+002
  2.5661998e+002
  2.5650446e+002
  2.5638183e+002
  2.5625445e+002
  2.5612467e+002
  2.5599485e+002
  2.5586733e+002
  2.5574447e+002
  2.5562863e+002
  2.5552214e+002
  2.5542738e+002
  2.5534626e+002
  2.5527806e+002
  2.5522099e+002
  2.5517327e+002
  2.5513313e+002
  2.5509877e+002
  2.5506842e+002
  2.5504029e+002
  2.5501261e+002
  2.5498359e+002
  2.5495145e+002
  2.5491441e+002
  2.5487069e+002
  2.5481850e+002
  2.5475607e+002
  2.5468160e+002
  2.5459337e+002
  2.5449075e+002
  2.5437435e+002
  2.5424483e+002
  2.5410287e+002
  2.5394914e+002
  2.5378430e+002
  2.5360902e+002
  2.5342397e+002
  2.5322982e+002
  2.5302723e+002
  2.5281688e+002
  2.5259944e+002
  2.5237557e+002
  2.5214595e+002
  2.5191123e+002
  2.5167209e+002
  2.5142967e+002
  2.5118657e+002
  2.5094568e+002
  2.5070987e+002
  2.5048203e+002
  2.5026505e+002
  2.5006181e+002
  2.4987520e+002
  2.4970810e+002
  2.4956339e+002
  2.4944397e+002
  2.4935270e+002
  2.4929249e+002
  2.4926621e+002
  2.4927675e+002
  2.4932699e+002
  2.4941937e+002
  2.4955166e+002
  2.4971892e+002
  2.4991617e+002
  2.5013843e+002
  2.5038072e+002
  2.5063805e+002
  2.5090545e+002
  2.5117793e+002
  2.5145052e+002
  2.5171823e+002
  2.5197609e+002
  2.5221911e+002
  2.5244231e+002
  2.5264071e+002
  2.5280933e+002
  2.5294323e+002
  2.5304064e+002
  2.5310484e+002
  2.5313955e+002
  2.5314852e+002
  2.5313547e+002
  2.5310416e+002
  2.5305830e+002
  2.5300165e+002
  2.5293792e+002
  2.5287086e+002
  2.5280421e+002
  2.5274170e+002
  2.5268706e+002
  2.5264404e+002
  2.5261636e+002
  2.5260776e+002
  2.5262127e+002
  2.5265650e+002
  2.5271202e+002
  2.5278642e+002
  2.5287826e+002
  2.5298614e+002
  2.5310862e+002
  2.5324429e+002
  2.5339172e+002
  2.5354949e+002
  2.5371618e+002
  2.5389037e+002
  2.5407064e+002
  2.5425556e+002
  2.5444371e+002
  2.5463368e+002
  2.5482405e+002
  2.5501362e+002
  2.5520139e+002
  2.5538634e+002
  2.5556749e+002
  2.5574381e+002
  2.5591431e+002
  2.5607798e+002
  2.5623381e+002
  2.5638081e+002
  2.5651797e+002
  2.5664428e+002
  2.5675873e+002
  2.5686033e+002
  2.5694807e+002
  2.5702094e+002
  2.5707794e+002
  2.5711856e+002
  2.5714347e+002
  2.5715350e+002
  2.5714951e+002
  2.5713234e+002
  2.5710282e+002
  2.5706179e+002
  2.5701011e+002
  2.5694861e+002
  2.5687813e+002
  2.5679952e+002
  2.5671362e+002
  2.5662127e+002
  2.5652332e+002
  2.5642059e+002
  2.5631395e+002
  2.5620405e+002
  2.5609029e+002
  2.5597144e+002
  2.5584630e+002
  2.5571364e+002
  2.5557227e+002
  2.5542095e+002
  2.5525849e+002
  2.5508366e+002
  2.5489524e+002
  2.5469204e+002
  2.5447282e+002
  2.5423639e+002
  2.5398152e+002
  2.5370700e+002
  2.5341161e+002
  2.5309422e+002
  2.5275652e+002
  2.5240377e+002
  2.5204146e+002
  2.5167508e+002
  2.5131013e+002
  2.5095210e+002
  2.5060648e+002
  2.5027876e+002
  2.4997444e+002
  2.4969901e+002
  2.4945795e+002
  2.4925677e+002
  2.4910096e+002
  2.4899600e+002
  2.4894739e+002
  2.4896062e+002
  2.4903962e+002
  2.4918252e+002
  2.4938615e+002
  2.4964733e+002
  2.4996287e+002
  2.5032958e+002
  2.5074430e+002
  2.5120383e+002
  2.5170499e+002
  2.5224460e+002
  2.5281948e+002
  2.5342644e+002
  2.5406231e+002
  2.5472390e+002
  2.5540803e+002
  2.5611151e+002
  2.5683110e+002
  2.5756277e+002
  2.5830193e+002
  2.5904400e+002
  2.5978439e+002
  2.6051852e+002
  2.6124178e+002
  2.6194961e+002
  2.6263741e+002
  2.6330059e+002
  2.6393456e+002
  2.6453474e+002
  2.6509655e+002
  2.6561538e+002
  2.6608666e+002
  2.6650579e+002
  2.6686822e+002
  2.6717205e+002
  2.6742036e+002
  2.6761679e+002
  2.6776496e+002
  2.6786851e+002
  2.6793106e+002
  2.6795626e+002
  2.6794773e+002
  2.6790910e+002
  2.6784401e+002
  2.6775609e+002
  2.6764896e+002
  2.6752626e+002
  2.6739162e+002
  2.6724868e+002
  2.6710105e+002
  2.6695234e+002
  2.6680583e+002
  2.6666472e+002
  2.6653223e+002
  2.6641154e+002
  2.6630585e+002
  2.6621838e+002
  2.6615231e+002
  2.6611085e+002
  2.6609721e+002
  2.6611456e+002
  2.6616613e+002
  2.6625511e+002
  2.6638470e+002
  2.6655810e+002
  2.6677851e+002
  2.6704902e+002
  2.6737033e+002
  2.6774073e+002
  2.6815840e+002
  2.6862153e+002
  2.6912829e+002
  2.6967688e+002
  2.7026547e+002
  2.7089226e+002
  2.7155542e+002
  2.7225314e+002
  2.7298360e+002
  2.7374499e+002
  2.7453549e+002
  2.7535329e+002
  2.7619656e+002
  2.7706350e+002
  2.7795301e+002
  2.7886599e+002
  2.7980373e+002
  2.8076750e+002
  2.8175857e+002
  2.8277821e+002
  2.8382768e+002
  2.8490828e+002
  2.8602125e+002
  2.8716788e+002
  2.8834944e+002
  2.8956720e+002
  2.9082244e+002
  2.9211641e+002
  2.9345040e+002
  2.9482568e+002
  2.9624307e+002
  2.9769935e+002
  2.9918915e+002
  3.0070704e+002
  3.0224764e+002
  3.0380553e+002
  3.0537531e+002
  3.0695156e+002
  3.0852890e+002
  3.1010190e+002
  3.1166517e+002
  3.1321329e+002
  3.1474087e+002
  3.1624250e+002
  3.1771276e+002
  3.1914627e+002
  3.2053766e+002
  3.2188461e+002
  3.2318922e+002
  3.2445393e+002
  3.2568119e+002
  3.2687346e+002
  3.2803318e+002
  3.2916281e+002
  3.3026479e+002
  3.3134157e+002
  3.3239560e+002
  3.3342934e+002
  3.3444523e+002
  3.3544572e+002
  3.3643326e+002
  3.3741031e+002
  3.3837930e+002
  3.3934237e+002
  3.4030028e+002
  3.4125338e+002
  3.4220205e+002
  3.4314665e+002
  3.4408757e+002
  3.4502516e+002
  3.4595979e+002
  3.4689184e+002
  3.4782168e+002
  3.4874967e+002
  3.4967619e+002
  3.5060160e+002
  3.5152628e+002
  3.5245059e+002
  3.5337491e+002
  3.5429957e+002
  3.5522457e+002
  3.5614958e+002
  3.5707431e+002
  3.5799843e+002
  3.5892163e+002
  3.5984359e+002
  3.6076400e+002
  3.6168254e+002
  3.6259890e+002
  3.6351276e+002
  3.6442380e+002
  3.6533171e+002
  3.6623619e+002
  3.6713690e+002
  3.6803353e+002
  3.6892578e+002
  3.6981338e+002
  3.7069623e+002
  3.7157423e+002
  3.7244730e+002
  3.7331532e+002
  3.7417822e+002
  3.7503589e+002
  3.7588825e+002
  3.7673520e+002
  3.7757664e+002
  3.7841248e+002
  3.7924263e+002
  3.8006699e+002
  3.8088547e+002
  3.8169798e+002
  3.8250442e+002
  3.8330459e+002
  3.8409752e+002
  3.8488193e+002
  3.8565655e+002
  3.8642010e+002
  3.8717128e+002
  3.8790884e+002
  3.8863148e+002
  3.8933792e+002
  3.9002689e+002
  3.9069710e+002
  3.9134728e+002
  3.9197615e+002
  3.9258242e+002
  3.9316482e+002
  3.9372206e+002
  3.9425291e+002
  3.9475709e+002
  3.9523549e+002
  3.9568904e+002
  3.9611870e+002
  3.9652541e+002
  3.9691011e+002
  3.9727374e+002
  3.9761725e+002
  3.9794158e+002
  3.9824767e+002
  3.9853647e+002
  3.9880892e+002
  3.9906596e+002
  3.9930854e+002
  3.9953760e+002
  3.9975409e+002
  3.9995920e+002
  4.0015504e+002
  4.0034386e+002
  4.0052794e+002
  4.0070954e+002
  4.0089094e+002
  4.0107440e+002
  4.0126220e+002
  4.0145660e+002
  4.0165988e+002
  4.0187429e+002
  4.0210212e+002
  4.0234563e+002
  4.0260708e+002
  4.0288876e+002
  4.0319293e+002
  4.0352175e+002
  4.0387626e+002
  4.0425681e+002
  4.0466371e+002
  4.0509730e+002
  4.0555790e+002
  4.0604584e+002
  4.0656144e+002
  4.0710502e+002
  4.0767693e+002
  4.0827747e+002
  4.0890698e+002
  4.0956578e+002
  4.1025420e+002
  4.1097257e+002
  4.1172121e+002
  4.1250045e+002
  4.1331039e+002
  4.1415078e+002
  4.1502133e+002
  4.1592176e+002
  4.1685177e+002
  4.1781107e+002
  4.1879938e+002
  4.1981640e+002
  4.2086186e+002
  4.2193544e+002
  4.2303688e+002
  4.2416588e+002
  4.2532214e+002
  4.2650539e+002
  4.2771533e+002
  4.2895167e+002
  4.3021359e+002
  4.3149755e+002
  4.3279911e+002
  4.3411387e+002
  4.3543738e+002
  4.3676524e+002
  4.3809300e+002
  4.3941626e+002
  4.4073057e+002
  4.4203153e+002
  4.4331470e+002
  4.4457566e+002
  4.4580998e+002
  4.4701324e+002
  4.4818102e+002
  4.4930889e+002
  4.5039256e+002
  4.5143032e+002
  4.5242282e+002
  4.5337081e+002
  4.5427503e+002
  4.5513622e+002
  4.5595514e+002
  4.5673251e+002
  4.5746909e+002
  4.5816561e+002
  4.5882283e+002
  4.5944148e+002
  4.6002231e+002
  4.6056606e+002
  4.6107348e+002
  4.6154530e+002
  4.6198227e+002
  4.6238536e+002
  4.6275609e+002
  4.6309607e+002
  4.6340694e+002
  4.6369029e+002
  4.6394774e+002
  4.6418092e+002
  4.6439143e+002
  4.6458090e+002
  4.6475093e+002
  4.6490315e+002
  4.6503917e+002
  4.6516060e+002
  4.6526906e+002
  4.6536617e+002
  4.6545354e+002
  4.6553265e+002
  4.6560376e+002
  4.6566657e+002
  4.6572079e+002
  4.6576608e+002
  4.6580216e+002
  4.6582871e+002
  4.6584542e+002
  4.6585198e+002
  4.6584808e+002
  4.6583343e+002
  4.6580770e+002
  4.6577059e+002
  4.6572179e+002
  4.6566100e+002
  4.6558789e+002
  4.6550219e+002
  4.6540402e+002
  4.6529412e+002
  4.6517324e+002
  4.6504216e+002
  4.6490165e+002
  4.6475247e+002
  4.6459539e+002
  4.6443118e+002
  4.6426060e+002
  4.6408443e+002
  4.6390343e+002
  4.6371837e+002
  4.6353001e+002
  4.6333913e+002
  4.6314648e+002
  4.6295285e+002
  4.6275895e+002
  4.6256535e+002
  4.6237256e+002
  4.6218112e+002
  4.6199155e+002
  4.6180437e+002
  4.6162009e+002
  4.6143925e+002
  4.6126237e+002
  4.6108997e+002
  4.6092257e+002
  4.6076069e+002
  4.6060487e+002
  4.6045561e+002
  4.6031345e+002
  4.6017890e+002
  4.6005246e+002
  4.5993409e+002
  4.5982343e+002
  4.5972005e+002
  4.5962359e+002
  4.5953363e+002
  4.5944978e+002
  4.5937165e+002
  4.5929885e+002
  4.5923097e+002
  4.5916763e+002
  4.5910842e+002
  4.5905295e+002
  4.5900083e+002
  4.5895166e+002
  4.5890505e+002
  4.5886060e+002
  4.5881759e+002
  4.5877470e+002
  4.5873053e+002
  4.5868365e+002
  4.5863268e+002
  4.5857620e+002
  4.5851281e+002
  4.5844110e+002
  4.5835967e+002
  4.5826711e+002
  4.5816202e+002
  4.5804299e+002
  4.5790861e+002
  4.5775749e+002
  4.5758821e+002
  4.5739937e+002
  4.5718985e+002
  4.5696024e+002
  4.5671180e+002
  4.5644579e+002
  4.5616346e+002
  4.5586606e+002
  4.5555485e+002
  4.5523108e+002
  4.5489600e+002
  4.5455088e+002
  4.5419696e+002
  4.5383550e+002
  4.5346776e+002
  4.5309498e+002
  4.5271842e+002
  4.5233935e+002
  4.5195899e+002
  4.5157832e+002
  4.5119800e+002
  4.5081871e+002
  4.5044109e+002
  4.5006580e+002
  4.4969350e+002
  4.4932485e+002
  4.4896051e+002
  4.4860114e+002
  4.4824738e+002
  4.4789991e+002
  4.4755938e+002
  4.4722645e+002
  4.4690177e+002
  4.4658601e+002
  4.4627982e+002
  4.4598358e+002
  4.4569685e+002
  4.4541902e+002
  4.4514950e+002
  4.4488768e+002
  4.4463296e+002
  4.4438473e+002
  4.4414240e+002
  4.4390536e+002
  4.4367301e+002
  4.4344474e+002
  4.4321997e+002
  4.4299807e+002
  4.4277846e+002
  4.4256053e+002
  4.4234367e+002
  4.4212698e+002
  4.4190655e+002
  4.4167676e+002
  4.4143196e+002
  4.4116651e+002
  4.4087478e+002
  4.4055113e+002
  4.4018992e+002
  4.3978550e+002
  4.3933223e+002
  4.3882449e+002
  4.3825661e+002
  4.3762298e+002
  4.3691794e+002
  4.3613586e+002
  4.3527109e+002
  4.3431807e+002
  4.3327537e+002
  4.3214802e+002
  4.3094162e+002
  4.2966175e+002
  4.2831400e+002
  4.2690396e+002
  4.2543722e+002
  4.2391937e+002
  4.2235599e+002
  4.2075268e+002
  4.1911503e+002
  4.1744862e+002
  4.1575905e+002
  4.1405190e+002
  4.1233276e+002
  4.1060722e+002
  4.0888006e+002
  4.0715224e+002
  4.0542364e+002
  4.0369413e+002
  4.0196359e+002
  4.0023187e+002
  3.9849885e+002
  3.9676441e+002
  3.9502841e+002
  3.9329072e+002
  3.9155122e+002
  3.8980978e+002
  3.8806626e+002
  3.8632054e+002
  3.8457249e+002
  3.8282198e+002
  3.8106888e+002
  3.7931295e+002
  3.7755389e+002
  3.7579140e+002
  3.7402515e+002
  3.7225483e+002
  3.7048015e+002
  3.6870079e+002
  3.6691643e+002
  3.6512678e+002
  3.6333151e+002
  3.6153032e+002
  3.5972290e+002
  3.5790894e+002
  3.5608813e+002
  3.5426016e+002
  3.5242472e+002
  3.5058246e+002
  3.4873624e+002
  3.4688924e+002
  3.4504464e+002
  3.4320561e+002
  3.4137532e+002
  3.3955695e+002
  3.3775368e+002
  3.3596868e+002
  3.3420514e+002
  3.3246621e+002
  3.3075509e+002
  3.2907494e+002
  3.2742894e+002
  3.2582027e+002
  3.2425210e+002
  3.2272716e+002
  3.2124487e+002
  3.1980319e+002
  3.1840007e+002
  3.1703347e+002
  3.1570134e+002
  3.1440164e+002
  3.1313231e+002
  3.1189131e+002
  3.1067660e+002
  3.0948614e+002
  3.0831786e+002
  3.0716973e+002
  3.0603971e+002
  3.0492573e+002
  3.0382577e+002
  3.0273778e+002
  3.0166015e+002
  3.0059179e+002
  2.9953161e+002
  2.9847857e+002
  2.9743158e+002
  2.9638959e+002
  2.9535152e+002
  2.9431631e+002
  2.9328289e+002
  2.9225020e+002
  2.9121715e+002
  2.9018270e+002
  2.8914577e+002
  2.8810529e+002
  2.8706019e+002
  2.8600942e+002
  2.8495242e+002
  2.8389049e+002
  2.8282537e+002
  2.8175876e+002
  2.8069238e+002
  2.7962794e+002
  2.7856718e+002
  2.7751180e+002
  2.7646352e+002
  2.7542405e+002
  2.7439513e+002
  2.7337845e+002
  2.7237574e+002
  2.7138872e+002
  2.7041911e+002
  2.6946862e+002
  2.6853889e+002
  2.6763077e+002
  2.6674452e+002
  2.6588044e+002
  2.6503878e+002
  2.6421983e+002
  2.6342386e+002
  2.6265115e+002
  2.6190197e+002
  2.6117660e+002
  2.6047531e+002
  2.5979837e+002
  2.5914607e+002
  2.5851867e+002
  2.5791645e+002
  2.5733969e+002
  2.5678866e+002
  2.5626381e+002
  2.5576591e+002
  2.5529575e+002
  2.5485412e+002
  2.5444183e+002
  2.5405968e+002
  2.5370845e+002
  2.5338894e+002
  2.5310195e+002
  2.5284827e+002
  2.5262871e+002
  2.5244405e+002
  2.5229510e+002
  2.5218265e+002
  2.5210749e+002
  2.5207042e+002
  2.5207217e+002
  2.5211303e+002
  2.5219315e+002
  2.5231268e+002
  2.5247179e+002
  2.5267062e+002
  2.5290933e+002
  2.5318807e+002
  2.5350699e+002
  2.5386625e+002
  2.5426600e+002
  2.5470640e+002
  2.5518760e+002
  2.5570974e+002
  2.5627300e+002
  2.5687751e+002
  2.5752337e+002
  2.5820927e+002
  2.5893253e+002
  2.5969044e+002
  2.6048028e+002
  2.6129930e+002
  2.6214480e+002
  2.6301405e+002
  2.6390432e+002
  2.6481290e+002
  2.6573704e+002
  2.6667404e+002
  2.6762117e+002
  2.6857570e+002
  2.6953492e+002
  2.7049608e+002
  2.7145648e+002
  2.7241362e+002
  2.7336566e+002
  2.7431086e+002
  2.7524747e+002
  2.7617377e+002
  2.7708800e+002
  2.7798844e+002
  2.7887334e+002
  2.7974097e+002
  2.8058959e+002
  2.8141745e+002
  2.8222282e+002
  2.8300396e+002
  2.8375913e+002
  2.8448659e+002
  2.8518461e+002
  2.8585196e+002
  2.8649200e+002
  2.8711045e+002
  2.8771304e+002
  2.8830551e+002
  2.8889360e+002
  2.8948305e+002
  2.9007959e+002
  2.9068896e+002
  2.9131691e+002
  2.9196916e+002
  2.9265146e+002
  2.9336954e+002
  2.9412914e+002
  2.9493600e+002
  2.9579585e+002
  2.9671433e+002
  2.9769143e+002
  2.9871920e+002
  2.9978908e+002
  3.0089249e+002
  3.0202088e+002
  3.0316567e+002
  3.0431830e+002
  3.0547020e+002
  3.0661281e+002
  3.0773756e+002
  3.0883589e+002
  3.0989922e+002
  3.1091900e+002
  3.1188665e+002
  3.1279362e+002
  3.1363132e+002
  3.1439305e+002
  3.1507985e+002
  3.1569478e+002
  3.1624091e+002
  3.1672132e+002
  3.1713907e+002
  3.1749724e+002
  3.1779890e+002
  3.1804712e+002
  3.1824497e+002
  3.1839552e+002
  3.1850185e+002
  3.1856702e+002
  3.1859410e+002
  3.1858616e+002
  3.1854629e+002
  3.1847751e+002
  3.1838239e+002
  3.1826314e+002
  3.1812194e+002
  3.1796100e+002
  3.1778251e+002
  3.1758867e+002
  3.1738166e+002
  3.1716368e+002
  3.1693693e+002
  3.1670360e+002
  3.1646589e+002
  3.1622599e+002
  3.1598609e+002
  3.1574839e+002
  3.1551509e+002
  3.1528837e+002
  3.1506947e+002
  3.1485764e+002
  3.1465187e+002
  3.1445115e+002
  3.1425447e+002
  3.1406082e+002
  3.1386919e+002
  3.1367857e+002
  3.1348795e+002
  3.1329631e+002
  3.1310266e+002
  3.1290599e+002
  3.1270527e+002
  3.1249950e+002
  3.1228768e+002
  3.1206879e+002
  3.1184181e+002
  3.1160566e+002
  3.1135922e+002
  3.1110139e+002
  3.1083105e+002
  3.1054709e+002
  3.1024840e+002
  3.0993387e+002
  3.0960237e+002
  3.0925282e+002
  3.0888408e+002
  3.0849505e+002
  3.0808462e+002
  3.0765167e+002
  3.0719510e+002
  3.0671379e+002
  3.0620666e+002
  3.0567368e+002
  3.0511598e+002
  3.0453473e+002
  3.0393114e+002
  3.0330637e+002
  3.0266163e+002
  3.0199810e+002
  3.0131696e+002
  3.0061941e+002
  2.9990662e+002
  2.9917980e+002
  2.9844011e+002
  2.9768876e+002
  2.9692692e+002
  2.9615579e+002
  2.9537655e+002
  2.9459004e+002
  2.9379597e+002
  2.9299382e+002
  2.9218307e+002
  2.9136321e+002
  2.9053373e+002
  2.8969410e+002
  2.8884381e+002
  2.8798235e+002
  2.8710920e+002
  2.8622384e+002
  2.8532576e+002
  2.8441444e+002
  2.8348936e+002
  2.8255001e+002
  2.8159588e+002
  2.8062631e+002
  2.7963926e+002
  2.7863184e+002
  2.7760116e+002
  2.7654430e+002
  2.7545837e+002
  2.7434047e+002
  2.7318770e+002
  2.7199716e+002
  2.7076594e+002
  2.6949115e+002
  2.6816989e+002
  2.6679926e+002
  2.6537636e+002
  2.6389828e+002
  2.6236212e+002
  2.6076503e+002
  2.5910678e+002
  2.5739154e+002
  2.5562386e+002
  2.5380831e+002
  2.5194945e+002
  2.5005184e+002
  2.4812004e+002
  2.4615863e+002
  2.4417215e+002
  2.4216518e+002
  2.4014228e+002
  2.3810801e+002
  2.3606693e+002
  2.3402361e+002
  2.3198260e+002
  2.2994848e+002
  2.2792573e+002
  2.2591849e+002
  2.2393079e+002
  2.2196665e+002
  2.2003012e+002
  2.1812520e+002
  2.1625594e+002
  2.1442637e+002
  2.1264050e+002
  2.1090237e+002
  2.0921600e+002
  2.0758543e+002
  2.0601469e+002
  2.0450779e+002
  2.0306877e+002
  2.0170167e+002
  2.0041035e+002
  1.9919591e+002
  1.9805698e+002
  1.9699209e+002
  1.9599979e+002
  1.9507861e+002
  1.9422709e+002
  1.9344377e+002
  1.9272719e+002
  1.9207590e+002
  1.9148841e+002
  1.9096329e+002
  1.9049906e+002
  1.9009427e+002
  1.8974745e+002
  1.8945714e+002
  1.8922188e+002
  1.8904034e+002
  1.8891149e+002
  1.8883436e+002
  1.8880797e+002
  1.8883135e+002
  1.8890352e+002
  1.8902350e+002
  1.8919032e+002
  1.8940300e+002
  1.8966057e+002
  1.8996204e+002
  1.9030646e+002
  1.9069283e+002
  1.9112018e+002
  1.9158754e+002
  1.9209394e+002
  1.9263814e+002
  1.9321706e+002
  1.9382670e+002
  1.9446306e+002
  1.9512215e+002
  1.9579997e+002
  1.9649253e+002
  1.9719582e+002
  1.9790585e+002
  1.9861863e+002
  1.9933016e+002
  2.0003644e+002
  2.0073347e+002
  2.0141727e+002
  2.0208382e+002
  2.0272914e+002
  2.0334930e+002
  2.0394307e+002
  2.0451273e+002
  2.0506078e+002
  2.0558973e+002
  2.0610209e+002
  2.0660038e+002
  2.0708710e+002
  2.0756477e+002
  2.0803588e+002
  2.0850295e+002
  2.0896850e+002
  2.0943502e+002
  2.0990504e+002
  2.1038105e+002
  2.1086557e+002
  2.1136111e+002
  2.1186998e+002
  2.1239370e+002
  2.1293362e+002
  2.1349110e+002
  2.1406747e+002
  2.1466410e+002
  2.1528233e+002
  2.1592351e+002
  2.1658899e+002
  2.1728011e+002
  2.1799823e+002
  2.1874469e+002
  2.1952084e+002
  2.2032804e+002
  2.2116763e+002
  2.2204096e+002
  2.2294921e+002
  2.2389143e+002
  2.2486516e+002
  2.2586793e+002
  2.2689723e+002
  2.2795059e+002
  2.2902553e+002
  2.3011955e+002
  2.3123017e+002
  2.3235491e+002
  2.3349128e+002
  2.3463679e+002
  2.3578897e+002
  2.3694532e+002
  2.3810335e+002
  2.3926060e+002
  2.4041456e+002
  2.4156304e+002
  2.4270440e+002
  2.4383704e+002
  2.4495937e+002
  2.4606980e+002
  2.4716674e+002
  2.4824860e+002
  2.4931379e+002
  2.5036073e+002
  2.5138782e+002
  2.5239347e+002
  2.5337610e+002
  2.5433410e+002
  2.5526590e+002
  2.5616991e+002
  2.5704452e+002
  2.5788856e+002
  2.5870311e+002
  2.5949012e+002
  2.6025155e+002
  2.6098933e+002
  2.6170542e+002
  2.6240177e+002
  2.6308031e+002
  2.6374299e+002
  2.6439177e+002
  2.6502859e+002
  2.6565540e+002
  2.6627414e+002
  2.6688675e+002
  2.6749520e+002
  2.6810142e+002
  2.6870722e+002
  2.6931129e+002
  2.6990903e+002
  2.7049573e+002
  2.7106668e+002
  2.7161715e+002
  2.7214242e+002
  2.7263778e+002
  2.7309850e+002
  2.7351987e+002
  2.7389716e+002
  2.7422566e+002
  2.7450064e+002
  2.7471739e+002
  2.7487119e+002
  2.7495732e+002
  2.7497106e+002
  2.7490962e+002
  2.7477577e+002
  2.7457332e+002
  2.7430606e+002
  2.7397777e+002
  2.7359225e+002
  2.7315330e+002
  2.7266470e+002
  2.7213025e+002
  2.7155375e+002
  2.7093897e+002
  2.7028972e+002
  2.6960979e+002
  2.6890297e+002
  2.6817305e+002
  2.6742383e+002
  2.6665884e+002
  2.6587930e+002
  2.6508510e+002
  2.6427614e+002
  2.6345233e+002
  2.6261355e+002
  2.6175971e+002
  2.6089070e+002
  2.6000641e+002
  2.5910674e+002
  2.5819159e+002
  2.5726086e+002
  2.5631444e+002
  2.5535223e+002
  2.5437412e+002
  2.5338001e+002
  2.5236979e+002
  2.5134325e+002
  2.5029996e+002
  2.4923952e+002
  2.4816149e+002
  2.4706546e+002
  2.4595101e+002
  2.4481771e+002
  2.4366514e+002
  2.4249289e+002
  2.4130052e+002
  2.4008762e+002
  2.3885377e+002
  2.3759854e+002
  2.3632151e+002
  2.3502226e+002
  2.3370038e+002
  2.3235610e+002
  2.3099268e+002
  2.2961420e+002
  2.2822476e+002
  2.2682844e+002
  2.2542933e+002
  2.2403153e+002
  2.2263912e+002
  2.2125619e+002
  2.1988683e+002
  2.1853512e+002
  2.1720517e+002
  2.1590106e+002
  2.1462687e+002
  2.1338670e+002
  2.1218463e+002
  2.1102466e+002
  2.0990914e+002
  2.0883907e+002
  2.0781545e+002
  2.0683925e+002
  2.0591145e+002
  2.0503303e+002
  2.0420498e+002
  2.0342827e+002
  2.0270389e+002
  2.0203281e+002
  2.0141601e+002
  2.0085448e+002
  2.0034920e+002
  1.9990114e+002
  1.9951128e+002
  1.9918061e+002
  1.9890891e+002
  1.9869328e+002
  1.9853049e+002
  1.9841729e+002
  1.9835042e+002
  1.9832664e+002
  1.9834271e+002
  1.9839537e+002
  1.9848138e+002
  1.9859748e+002
  1.9874043e+002
  1.9890699e+002
  1.9909390e+002
  1.9929792e+002
  1.9951580e+002
  1.9974428e+002
  1.9998068e+002
  2.0022615e+002
  2.0048349e+002
  2.0075553e+002
  2.0104507e+002
  2.0135492e+002
  2.0168791e+002
  2.0204685e+002
  2.0243455e+002
  2.0285383e+002
  2.0330750e+002
  2.0379837e+002
  2.0432927e+002
  2.0490300e+002
  2.0552237e+002
  2.0619021e+002
  2.0690925e+002
  2.0767972e+002
  2.0849887e+002
  2.0936379e+002
  2.1027156e+002
  2.1121926e+002
  2.1220397e+002
  2.1322277e+002
  2.1427275e+002
  2.1535099e+002
  2.1645456e+002
  2.1758056e+002
  2.1872606e+002
  2.1988814e+002
  2.2106388e+002
  2.2225038e+002
  2.2344470e+002
  2.2464424e+002
  2.2584745e+002
  2.2705301e+002
  2.2825959e+002
  2.2946587e+002
  2.3067053e+002
  2.3187223e+002
  2.3306967e+002
  2.3426151e+002
  2.3544644e+002
  2.3662312e+002
  2.3779024e+002
  2.3894647e+002
  2.4009049e+002
  2.4122097e+002
  2.4233660e+002
  2.4343613e+002
  2.4451939e+002
  2.4558685e+002
  2.4663901e+002
  2.4767636e+002
  2.4869940e+002
  2.4970861e+002
  2.5070450e+002
  2.5168755e+002
  2.5265825e+002
  2.5361711e+002
  2.5456461e+002
  2.5550125e+002
  2.5642752e+002
  2.5734391e+002
  2.5825092e+002
  2.5914905e+002
  2.6003889e+002
  2.6092126e+002
  2.6179699e+002
  2.6266690e+002
  2.6353183e+002
  2.6439260e+002
  2.6525005e+002
  2.6610499e+002
  2.6695826e+002
  2.6781069e+002
  2.6866311e+002
  2.6951633e+002
  2.7037121e+002
  2.7122855e+002
  2.7208919e+002
  2.7295397e+002
  2.7382322e+002
  2.7469481e+002
  2.7556574e+002
  2.7643303e+002
  2.7729368e+002
  2.7814472e+002
  2.7898316e+002
  2.7980601e+002
  2.8061028e+002
  2.8139300e+002
  2.8215116e+002
  2.8288179e+002
  2.8358190e+002
  2.8424851e+002
  2.8487862e+002
  2.8546925e+002
  2.8601754e+002
  2.8652322e+002
  2.8698843e+002
  2.8741543e+002
  2.8780647e+002
  2.8816379e+002
  2.8848965e+002
  2.8878628e+002
  2.8905594e+002
  2.8930089e+002
  2.8952335e+002
  2.8972559e+002
  2.8990986e+002
  2.9007839e+002
  2.9023344e+002
  2.9037726e+002
  2.9051210e+002
  2.9063966e+002
  2.9076024e+002
  2.9087392e+002
  2.9098076e+002
  2.9108083e+002
  2.9117421e+002
  2.9126096e+002
  2.9134115e+002
  2.9141486e+002
  2.9148214e+002
  2.9154308e+002
  2.9159773e+002
  2.9164618e+002
  2.9168849e+002
  2.9172472e+002
  2.9175496e+002
  2.9177939e+002
  2.9179923e+002
  2.9181622e+002
  2.9183211e+002
  2.9184864e+002
  2.9186756e+002
  2.9189060e+002
  2.9191951e+002
  2.9195603e+002
  2.9200191e+002
  2.9205888e+002
  2.9212870e+002
  2.9221310e+002
  2.9231383e+002
  2.9243263e+002
  2.9257125e+002
  2.9273141e+002
  2.9291421e+002
  2.9311991e+002
  2.9334870e+002
  2.9360074e+002
  2.9387623e+002
  2.9417536e+002
  2.9449829e+002
  2.9484523e+002
  2.9521635e+002
  2.9561184e+002
  2.9603189e+002
  2.9647666e+002
  2.9694636e+002
  2.9744116e+002
  2.9796125e+002
  2.9850681e+002
  2.9907810e+002
  2.9967569e+002
  3.0030021e+002
  3.0095231e+002
  3.0163263e+002
  3.0234181e+002
  3.0308049e+002
  3.0384931e+002
  3.0464891e+002
  3.0547994e+002
  3.0634303e+002
  3.0723883e+002
  3.0816797e+002
  3.0913110e+002
  3.1012887e+002
  3.1116190e+002
  3.1223076e+002
  3.1333488e+002
  3.1447284e+002
  3.1564321e+002
  3.1684456e+002
  3.1807545e+002
  3.1933444e+002
  3.2062010e+002
  3.2193100e+002
  3.2326571e+002
  3.2462278e+002
  3.2600078e+002
  3.2739829e+002
  3.2881386e+002
  3.3024606e+002
  3.3169345e+002
  3.3315461e+002
  3.3462803e+002
  3.3611210e+002
  3.3760517e+002
  3.3910561e+002
  3.4061178e+002
  3.4212205e+002
  3.4363478e+002
  3.4514833e+002
  3.4666106e+002
  3.4817134e+002
  3.4967754e+002
  3.5117800e+002
  3.5267110e+002
  3.5415521e+002
  3.5562867e+002
  3.5708987e+002
  3.5853729e+002
  3.5997037e+002
  3.6138886e+002
  3.6279254e+002
  3.6418119e+002
  3.6555456e+002
  3.6691244e+002
  3.6825459e+002
  3.6958078e+002
  3.7089078e+002
  3.7218437e+002
  3.7346131e+002
  3.7472138e+002
  3.7596434e+002
  3.7718997e+002
  3.7839804e+002
  3.7958831e+002
  3.8076039e+002
  3.8191372e+002
  3.8304775e+002
  3.8416189e+002
  3.8525560e+002
  3.8632829e+002
  3.8737941e+002
  3.8840839e+002
  3.8941467e+002
  3.9039767e+002
  3.9135684e+002
  3.9229160e+002
  3.9320139e+002
  3.9408565e+002
  3.9494381e+002
  3.9577530e+002
  3.9658003e+002
  3.9735940e+002
  3.9811507e+002
  3.9884871e+002
  3.9956200e+002
  4.0025661e+002
  4.0093420e+002
  4.0159646e+002
  4.0224505e+002
  4.0288164e+002
  4.0350791e+002
  4.0412552e+002
  4.0473615e+002
  4.0534147e+002
  4.0594316e+002
  4.0654287e+002
  4.0714221e+002
  4.0774194e+002
  4.0834236e+002
  4.0894375e+002
  4.0954639e+002
  4.1015057e+002
  4.1075657e+002
  4.1136468e+002
  4.1197518e+002
  4.1258836e+002
  4.1320450e+002
  4.1382389e+002
  4.1444682e+002
  4.1507356e+002
  4.1570440e+002
  4.1633962e+002
  4.1697952e+002
  4.1762407e+002
  4.1827281e+002
  4.1892522e+002
  4.1958081e+002
  4.2023904e+002
  4.2089942e+002
  4.2156143e+002
  4.2222456e+002
  4.2288830e+002
  4.2355214e+002
  4.2421556e+002
  4.2487805e+002
  4.2553911e+002
  4.2619823e+002
  4.2685488e+002
  4.2750856e+002
  4.2815869e+002
  4.2880433e+002
  4.2944446e+002
  4.3007805e+002
  4.3070406e+002
  4.3132146e+002
  4.3192922e+002
  4.3252632e+002
  4.3311171e+002
  4.3368437e+002
  4.3424326e+002
  4.3478736e+002
  4.3531564e+002
  4.3582705e+002
  4.3632058e+002
  4.3679519e+002
  4.3724981e+002
  4.3768284e+002
  4.3809220e+002
  4.3847579e+002
  4.3883150e+002
  4.3915725e+002
  4.3945094e+002
  4.3971047e+002
  4.3993374e+002
  4.4011866e+002
  4.4026313e+002
  4.4036505e+002
  4.4042232e+002
  4.4043286e+002
  4.4039455e+002
  4.4030531e+002
  4.4016304e+002
  4.3996644e+002
  4.3971611e+002
  4.3941294e+002
  4.3905780e+002
  4.3865157e+002
  4.3819513e+002
  4.3768936e+002
  4.3713514e+002
  4.3653334e+002
  4.3588486e+002
  4.3519056e+002
  4.3445132e+002
  4.3366803e+002
  4.3284157e+002
  4.3197281e+002
  4.3106263e+002
  4.3011197e+002
  4.2912217e+002
  4.2809477e+002
  4.2703131e+002
  4.2593331e+002
  4.2480233e+002
  4.2363989e+002
  4.2244753e+002
  4.2122678e+002
  4.1997919e+002
  4.1870629e+002
  4.1740961e+002
  4.1609070e+002
  4.1475108e+002
  4.1339229e+002
  4.1201588e+002
  4.1062337e+002
  4.0921614e+002
  4.0779540e+002
  4.0636234e+002
  4.0491813e+002
  4.0346398e+002
  4.0200106e+002
  4.0053056e+002
  3.9905368e+002
  3.9757159e+002
  3.9608549e+002
  3.9459656e+002
  3.9310599e+002
  3.9161498e+002
  3.9012469e+002
  3.8863633e+002
  3.8715108e+002
  3.8566976e+002
  3.8419180e+002
  3.8271635e+002
  3.8124254e+002
  3.7976949e+002
  3.7829635e+002
  3.7682225e+002
  3.7534632e+002
  3.7386770e+002
  3.7238552e+002
  3.7089890e+002
  3.6940700e+002
  3.6790893e+002
  3.6640384e+002
  3.6489086e+002
  3.6336912e+002
  3.6183791e+002
  3.6029848e+002
  3.5875342e+002
  3.5720533e+002
  3.5565681e+002
  3.5411049e+002
  3.5256895e+002
  3.5103481e+002
  3.4951067e+002
  3.4799915e+002
  3.4650284e+002
  3.4502435e+002
  3.4356630e+002
  3.4213128e+002
  3.4072190e+002
  3.3934077e+002
  3.3799048e+002
  3.3667174e+002
  3.3538177e+002
  3.3411742e+002
  3.3287554e+002
  3.3165298e+002
  3.3044657e+002
  3.2925316e+002
  3.2806960e+002
  3.2689274e+002
  3.2571941e+002
  3.2454647e+002
  3.2337077e+002
  3.2218914e+002
  3.2099843e+002
  3.1979549e+002
  3.1857716e+002
  3.1734106e+002
  3.1608909e+002
  3.1482470e+002
  3.1355132e+002
  3.1227241e+002
  3.1099141e+002
  3.0971174e+002
  3.0843687e+002
  3.0717022e+002
  3.0591524e+002
  3.0467538e+002
  3.0345407e+002
  3.0225475e+002
  3.0108087e+002
  2.9993587e+002
  2.9882320e+002
  2.9774614e+002
  2.9670490e+002
  2.9569654e+002
  2.9471800e+002
  2.9376624e+002
  2.9283818e+002
  2.9193077e+002
  2.9104096e+002
  2.9016568e+002
  2.8930188e+002
  2.8844649e+002
  2.8759647e+002
  2.8674875e+002
  2.8590027e+002
  2.8504798e+002
  2.8418882e+002
  2.8331973e+002
  2.8243839e+002
  2.8154452e+002
  2.8063822e+002
  2.7971956e+002
  2.7878864e+002
  2.7784554e+002
  2.7689034e+002
  2.7592314e+002
  2.7494402e+002
  2.7395307e+002
  2.7295037e+002
  2.7193600e+002
  2.7091006e+002
  2.6987263e+002
  2.6882380e+002
  2.6776366e+002
  2.6669252e+002
  2.6561292e+002
  2.6452854e+002
  2.6344307e+002
  2.6236023e+002
  2.6128370e+002
  2.6021718e+002
  2.5916437e+002
  2.5812898e+002
  2.5711470e+002
  2.5612522e+002
  2.5516424e+002
  2.5423548e+002
  2.5334261e+002
  2.5248934e+002
  2.5167938e+002
  2.5091637e+002
  2.5020194e+002
  2.4953476e+002
  2.4891324e+002
  2.4833580e+002
  2.4780088e+002
  2.4730689e+002
  2.4685226e+002
  2.4643540e+002
  2.4605475e+002
  2.4570872e+002
  2.4539574e+002
  2.4511423e+002
  2.4486262e+002
  2.4463933e+002
  2.4444277e+002
  2.4427138e+002
  2.4412367e+002
  2.4399852e+002
  2.4389494e+002
  2.4381192e+002
  2.4374845e+002
  2.4370354e+002
  2.4367618e+002
  2.4366536e+002
  2.4367009e+002
  2.4368935e+002
  2.4372215e+002
  2.4376748e+002
  2.4382433e+002
  2.4389171e+002
  2.4396861e+002
  2.4405403e+002
  2.4414698e+002
  2.4424696e+002
  2.4435379e+002
  2.4446732e+002
  2.4458738e+002
  2.4471384e+002
  2.4484652e+002
  2.4498528e+002
  2.4512995e+002
  2.4528038e+002
  2.4543642e+002
  2.4559790e+002
  2.4576468e+002
  2.4593659e+002
  2.4611348e+002
  2.4629520e+002
  2.4648158e+002
  2.4667223e+002
  2.4686621e+002
  2.4706252e+002
  2.4726017e+002
  2.4745816e+002
  2.4765549e+002
  2.4785116e+002
  2.4804416e+002
  2.4823351e+002
  2.4841819e+002
  2.4859722e+002
  2.4876960e+002
  2.4893431e+002
  2.4909037e+002
  2.4923678e+002
  2.4937253e+002
  2.4949671e+002
  2.4960897e+002
  2.4970919e+002
  2.4979726e+002
  2.4987305e+002
  2.4993645e+002
  2.4998735e+002
  2.5002562e+002
  2.5005115e+002
  2.5006381e+002
  2.5006351e+002
  2.5005011e+002
  2.5002350e+002
  2.4998356e+002
  2.4993018e+002
  2.4986324e+002
  2.4978263e+002
  2.4968859e+002
  2.4958173e+002
  2.4946272e+002
  2.4933219e+002
  2.4919079e+002
  2.4903917e+002
  2.4887797e+002
  2.4870784e+002
  2.4852943e+002
  2.4834338e+002
  2.4815034e+002
  2.4795096e+002
  2.4774588e+002
  2.4753575e+002
  2.4732121e+002
  2.4710292e+002
  2.4688138e+002
  2.4665669e+002
  2.4642883e+002
  2.4619780e+002
  2.4596360e+002
  2.4572622e+002
  2.4548565e+002
  2.4524189e+002
  2.4499494e+002
  2.4474478e+002
  2.4449142e+002
  2.4423485e+002
  2.4397506e+002
  2.4371205e+002
  2.4344582e+002
  2.4317635e+002
  2.4290366e+002
  2.4262798e+002
  2.4234966e+002
  2.4206907e+002
  2.4178657e+002
  2.4150252e+002
  2.4121727e+002
  2.4093118e+002
  2.4064463e+002
  2.4035796e+002
  2.4007153e+002
  2.3978571e+002
  2.3950086e+002
  2.3921734e+002
  2.3893550e+002
  2.3865571e+002
  2.3837833e+002
  2.3810455e+002
  2.3783690e+002
  2.3757805e+002
  2.3733067e+002
  2.3709744e+002
  2.3688102e+002
  2.3668408e+002
  2.3650931e+002
  2.3635936e+002
  2.3623691e+002
  2.3614462e+002
  2.3608518e+002
  2.3606125e+002
  2.3607550e+002
  2.3613061e+002
  2.3622924e+002
  2.3637318e+002
  2.3655974e+002
  2.3678475e+002
  2.3704408e+002
  2.3733358e+002
  2.3764910e+002
  2.3798651e+002
  2.3834164e+002
  2.3871036e+002
  2.3908851e+002
  2.3947196e+002
  2.3985656e+002
  2.4023816e+002
  2.4061262e+002
  2.4097578e+002
  2.4132351e+002
  2.4165184e+002
  2.4196043e+002
  2.4225223e+002
  2.4253033e+002
  2.4279779e+002
  2.4305768e+002
  2.4331308e+002
  2.4356707e+002
  2.4382272e+002
  2.4408310e+002
  2.4435129e+002
  2.4463036e+002
  2.4492338e+002
  2.4523343e+002
  2.4556359e+002
  2.4591692e+002
  2.4629650e+002
  2.4670464e+002
  2.4714170e+002
  2.4760774e+002
  2.4810283e+002
  2.4862703e+002
  2.4918039e+002
  2.4976299e+002
  2.5037488e+002
  2.5101613e+002
  2.5168679e+002
  2.5238693e+002
  2.5311661e+002
  2.5387589e+002
  2.5466483e+002
  2.5548350e+002
  2.5633196e+002
  2.5721008e+002
  2.5811626e+002
  2.5904815e+002
  2.6000344e+002
  2.6097978e+002
  2.6197484e+002
  2.6298628e+002
  2.6401177e+002
  2.6504897e+002
  2.6609554e+002
  2.6714915e+002
  2.6820747e+002
  2.6926816e+002
  2.7032888e+002
  2.7138729e+002
  2.7244107e+002
  2.7348790e+002
  2.7452645e+002
  2.7555673e+002
  2.7657880e+002
  2.7759276e+002
  2.7859869e+002
  2.7959667e+002
  2.8058678e+002
  2.8156911e+002
  2.8254374e+002
  2.8351076e+002
  2.8447025e+002
  2.8542228e+002
  2.8636696e+002
  2.8730435e+002
  2.8823454e+002
  2.8915762e+002
  2.9007332e+002
  2.9098003e+002
  2.9187582e+002
  2.9275874e+002
  2.9362685e+002
  2.9447822e+002
  2.9531091e+002
  2.9612296e+002
  2.9691246e+002
  2.9767745e+002
  2.9841600e+002
  2.9912617e+002
  2.9980601e+002
  3.0045359e+002
  3.0106697e+002
  3.0164421e+002
  3.0218352e+002
  3.0268516e+002
  3.0315086e+002
  3.0358238e+002
  3.0398148e+002
  3.0434994e+002
  3.0468950e+002
  3.0500194e+002
  3.0528901e+002
  3.0555247e+002
  3.0579410e+002
  3.0601565e+002
  3.0621889e+002
  3.0640557e+002
  3.0657746e+002
  3.0673632e+002
  3.0688392e+002
  3.0702140e+002
  3.0714871e+002
  3.0726568e+002
  3.0737213e+002
  3.0746786e+002
  3.0755269e+002
  3.0762645e+002
  3.0768895e+002
  3.0774000e+002
  3.0777942e+002
  3.0780704e+002
  3.0782265e+002
  3.0782609e+002
  3.0781716e+002
  3.0779569e+002
  3.0776148e+002
  3.0771466e+002
  3.0765713e+002
  3.0759148e+002
  3.0752028e+002
  3.0744612e+002
  3.0737160e+002
  3.0729928e+002
  3.0723176e+002
  3.0717162e+002
  3.0712145e+002
  3.0708383e+002
  3.0706134e+002
  3.0705657e+002
  3.0707211e+002
  3.0711053e+002
  3.0717443e+002
  3.0726627e+002
  3.0738564e+002
  3.0752911e+002
  3.0769309e+002
  3.0787399e+002
  3.0806824e+002
  3.0827223e+002
  3.0848240e+002
  3.0869514e+002
  3.0890689e+002
  3.0911405e+002
  3.0931303e+002
  3.0950026e+002
  3.0967214e+002
  3.0982510e+002
  3.0995554e+002
  3.1005988e+002
  3.1013549e+002
  3.1018260e+002
  3.1020196e+002
  3.1019431e+002
  3.1016042e+002
  3.1010103e+002
  3.1001690e+002
  3.0990879e+002
  3.0977744e+002
  3.0962361e+002
  3.0944805e+002
  3.0925151e+002
  3.0903475e+002
  3.0879853e+002
  3.0854358e+002
  3.0827068e+002
  3.0798064e+002
  3.0767508e+002
  3.0735605e+002
  3.0702559e+002
  3.0668575e+002
  3.0633859e+002
  3.0598616e+002
  3.0563051e+002
  3.0527369e+002
  3.0491774e+002
  3.0456473e+002
  3.0421671e+002
  3.0387571e+002
  3.0354380e+002
  3.0322303e+002
  3.0291544e+002
  3.0262308e+002
  3.0234705e+002
  3.0208708e+002
  3.0184273e+002
  3.0161360e+002
  3.0139927e+002
  3.0119931e+002
  3.0101331e+002
  3.0084086e+002
  3.0068154e+002
  3.0053493e+002
  3.0040061e+002
  3.0027817e+002
  3.0016719e+002
  3.0006726e+002
  2.9997794e+002
  2.9989884e+002
  2.9982953e+002
  2.9976963e+002
  2.9971876e+002
  2.9967652e+002
  2.9964255e+002
  2.9961645e+002
  2.9959784e+002
  2.9958634e+002
  2.9958157e+002
  2.9958315e+002
  2.9959068e+002
  2.9960380e+002
  2.9962211e+002
  2.9964524e+002
  2.9967279e+002
  2.9970440e+002
  2.9973963e+002
  2.9977739e+002
  2.9981604e+002
  2.9985391e+002
  2.9988934e+002
  2.9992066e+002
  2.9994621e+002
  2.9996432e+002
  2.9997333e+002
  2.9997157e+002
  2.9995738e+002
  2.9992909e+002
  2.9988504e+002
  2.9982357e+002
  2.9974300e+002
  2.9964168e+002
  2.9951794e+002
  2.9937249e+002
  2.9921143e+002
  2.9904165e+002
  2.9887002e+002
  2.9870343e+002
  2.9854874e+002
  2.9841285e+002
  2.9830262e+002
  2.9822493e+002
  2.9818666e+002
  2.9819469e+002
  2.9825590e+002
  2.9837717e+002
  2.9856537e+002
  2.9882738e+002
  2.9917008e+002
  2.9959868e+002
  3.0010631e+002
  3.0068078e+002
  3.0130987e+002
  3.0198138e+002
  3.0268307e+002
  3.0340275e+002
  3.0412819e+002
  3.0484717e+002
  3.0554748e+002
  3.0621691e+002
  3.0684324e+002
  3.0741425e+002
  3.0791773e+002
  3.0834146e+002
  3.0867322e+002
  3.0890107e+002
  3.0902181e+002
  3.0904294e+002
  3.0897262e+002
  3.0881900e+002
  3.0859024e+002
  3.0829447e+002
  3.0793987e+002
  3.0753458e+002
  3.0708675e+002
  3.0660453e+002
  3.0609609e+002
  3.0556956e+002
  3.0503312e+002
  3.0449489e+002
  3.0396305e+002
  3.0344574e+002
  3.0294738e+002
  3.0245918e+002
  3.0196944e+002
  3.0146649e+002
  3.0093862e+002
  3.0037415e+002
  2.9976139e+002
  2.9908864e+002
  2.9834421e+002
  2.9751642e+002
  2.9659357e+002
  2.9556397e+002
  2.9441594e+002
  2.9313777e+002
  2.9171777e+002
  2.9014427e+002
  2.8840729e+002
  2.8651754e+002
  2.8449925e+002
  2.8237692e+002
  2.8017504e+002
  2.7791809e+002
  2.7563055e+002
  2.7333693e+002
  2.7106170e+002
  2.6882934e+002
  2.6666436e+002
  2.6459123e+002
  2.6263445e+002
  2.6081849e+002
  2.5916786e+002
  2.5770702e+002
  2.5646035e+002
  2.5543956e+002
  2.5463370e+002
  2.5402943e+002
  2.5361340e+002
  2.5337228e+002
  2.5329273e+002
  2.5336140e+002
  2.5356497e+002
  2.5389009e+002
  2.5432341e+002
  2.5485162e+002
  2.5546135e+002
  2.5613928e+002
  2.5687206e+002
  2.5764636e+002
  2.5844884e+002
  2.5926563e+002
  2.6007994e+002
  2.6087400e+002
  2.6163004e+002
  2.6233029e+002
  2.6295698e+002
  2.6349233e+002
  2.6391857e+002
  2.6421792e+002
  2.6437262e+002
  2.6436489e+002
  2.6417696e+002
  2.6379105e+002
  2.6318940e+002
  2.6235422e+002
  2.6126776e+002
  2.5991326e+002
  2.5829629e+002
  2.5644390e+002
  2.5438405e+002
  2.5214465e+002
  2.4975364e+002
  2.4723896e+002
  2.4462855e+002
  2.4195033e+002
  2.3923224e+002
  2.3650221e+002
  2.3378819e+002
  2.3111810e+002
  2.2851988e+002
  2.2602146e+002
  2.2365078e+002
  2.2143576e+002
  2.1939428e+002
  2.1751708e+002
  2.1579033e+002
  2.1420022e+002
  2.1273292e+002
  2.1137462e+002
  2.1011150e+002
  2.0892973e+002
  2.0781550e+002
  2.0675498e+002
  2.0573436e+002
  2.0473981e+002
  2.0375752e+002
  2.0277367e+002
  2.0177443e+002
  2.0074599e+002
  1.9967596e+002
  1.9856450e+002
  1.9741820e+002
  1.9624371e+002
  1.9504769e+002
  1.9383679e+002
  1.9261766e+002
  1.9139695e+002
  1.9018131e+002
  1.8897741e+002
  1.8779188e+002
  1.8663138e+002
  1.8550257e+002
  1.8441209e+002
  1.8336660e+002
  1.8237275e+002
  1.8143706e+002
  1.8055997e+002
  1.7973326e+002
  1.7894810e+002
  1.7819564e+002
  1.7746703e+002
  1.7675343e+002
  1.7604599e+002
  1.7533586e+002
  1.7461419e+002
  1.7387214e+002
  1.7310087e+002
  1.7229151e+002
  1.7143524e+002
  1.7052319e+002
  1.6954653e+002
  1.6849640e+002
  1.6736724e+002
  1.6616713e+002
  1.6490774e+002
  1.6360072e+002
  1.6225772e+002
  1.6089040e+002
  1.5951041e+002
  1.5812942e+002
  1.5675907e+002
  1.5541103e+002
  1.5409694e+002
  1.5282847e+002
  1.5161726e+002
  1.5047498e+002
  1.4941327e+002
  1.4844381e+002
  1.4757761e+002
  1.4681656e+002
  1.4615559e+002
  1.4558944e+002
  1.4511285e+002
  1.4472056e+002
  1.4440731e+002
  1.4416785e+002
  1.4399692e+002
  1.4388927e+002
  1.4383963e+002
  1.4384275e+002
  1.4389337e+002
  1.4398624e+002
  1.4411609e+002
  1.4427767e+002
  1.4446574e+002
  1.4467591e+002
  1.4490567e+002
  1.4515273e+002
  1.4541480e+002
  1.4568960e+002
  1.4597484e+002
  1.4626823e+002
  1.4656748e+002
  1.4687031e+002
  1.4717443e+002
  1.4747756e+002
  1.4777739e+002
  1.4807166e+002
  1.4835806e+002
  1.4863432e+002
  1.4889814e+002
  1.4914774e+002
  1.4938456e+002
  1.4961135e+002
  1.4983084e+002
  1.5004580e+002
  1.5025895e+002
  1.5047306e+002
  1.5069085e+002
  1.5091509e+002
  1.5114852e+002
  1.5139388e+002
  1.5165392e+002
  1.5193138e+002
  1.5222901e+002
  1.5254956e+002
  1.5289577e+002
  1.5327034e+002
  1.5367474e+002
  1.5410905e+002
  1.5457328e+002
  1.5506743e+002
  1.5559151e+002
  1.5614553e+002
  1.5672949e+002
  1.5734341e+002
  1.5798730e+002
  1.5866115e+002
  1.5936498e+002
  1.6009880e+002
  1.6086261e+002
  1.6165642e+002
  1.6248025e+002
  1.6333408e+002
  1.6421764e+002
  1.6512965e+002
  1.6606865e+002
  1.6703316e+002
  1.6802174e+002
  1.6903291e+002
  1.7006522e+002
  1.7111720e+002
  1.7218738e+002
  1.7327431e+002
  1.7437652e+002
  1.7549254e+002
  1.7662092e+002
  1.7776019e+002
  1.7890889e+002
  1.8006555e+002
  1.8122896e+002
  1.8240056e+002
  1.8358340e+002
  1.8478050e+002
  1.8599494e+002
  1.8722977e+002
  1.8848804e+002
  1.8977279e+002
  1.9108710e+002
  1.9243400e+002
  1.9381655e+002
  1.9523781e+002
  1.9670083e+002
  1.9820866e+002
  1.9976436e+002
  2.0137097e+002
  2.0303153e+002
  2.0474670e+002
  2.0651332e+002
  2.0832787e+002
  2.1018682e+002
  2.1208665e+002
  2.1402383e+002
  2.1599484e+002
  2.1799615e+002
  2.2002425e+002
  2.2207560e+002
  2.2414669e+002
  2.2623399e+002
  2.2833397e+002
  2.3044311e+002
  2.3255789e+002
  2.3467478e+002
  2.3679085e+002
  2.3890606e+002
  2.4102128e+002
  2.4313736e+002
  2.4525516e+002
  2.4737554e+002
  2.4949938e+002
  2.5162751e+002
  2.5376081e+002
  2.5590014e+002
  2.5804636e+002
  2.6020032e+002
  2.6236289e+002
  2.6453492e+002
  2.6671729e+002
  2.6891084e+002
  2.7111626e+002
  2.7333083e+002
  2.7554880e+002
  2.7776436e+002
  2.7997167e+002
  2.8216490e+002
  2.8433822e+002
  2.8648581e+002
  2.8860183e+002
  2.9068045e+002
  2.9271585e+002
  2.9470219e+002
  2.9663363e+002
  2.9850436e+002
  3.0030854e+002
  3.0204034e+002
  3.0369394e+002
  3.0526554e+002
  3.0675632e+002
  3.0816821e+002
  3.0950314e+002
  3.1076305e+002
  3.1194986e+002
  3.1306551e+002
  3.1411192e+002
  3.1509103e+002
  3.1600478e+002
  3.1685508e+002
  3.1764388e+002
  3.1837309e+002
  3.1904467e+002
  3.1966053e+002
  3.2022260e+002
  3.2073314e+002
  3.2119681e+002
  3.2161944e+002
  3.2200685e+002
  3.2236487e+002
  3.2269931e+002
  3.2301601e+002
  3.2332078e+002
  3.2361946e+002
  3.2391786e+002
  3.2422181e+002
  3.2453714e+002
  3.2486967e+002
  3.2522523e+002
  3.2560963e+002
  3.2602870e+002
  3.2648815e+002
  3.2698866e+002
  3.2752449e+002
  3.2808946e+002
  3.2867740e+002
  3.2928212e+002
  3.2989745e+002
  3.3051721e+002
  3.3113522e+002
  3.3174530e+002
  3.3234128e+002
  3.3291698e+002
  3.3346622e+002
  3.3398282e+002
  3.3446060e+002
  3.3489339e+002
  3.3527501e+002
  3.3560192e+002
  3.3588047e+002
  3.3611939e+002
  3.3632737e+002
  3.3651311e+002
  3.3668533e+002
  3.3685272e+002
  3.3702400e+002
  3.3720786e+002
  3.3741301e+002
  3.3764816e+002
  3.3792201e+002
  3.3824326e+002
  3.3862063e+002
  3.3906281e+002
  3.3957851e+002
  3.4017577e+002
  3.4085405e+002
  3.4160684e+002
  3.4242750e+002
  3.4330941e+002
  3.4424592e+002
  3.4523040e+002
  3.4625623e+002
  3.4731676e+002
  3.4840536e+002
  3.4951540e+002
  3.5064024e+002
  3.5177326e+002
  3.5290780e+002
  3.5403725e+002
  3.5515497e+002
  3.5625432e+002
  3.5732921e+002
  3.5837452e+002
  3.5938525e+002
  3.6035641e+002
  3.6128300e+002
  3.6216002e+002
  3.6298248e+002
  3.6374537e+002
  3.6444371e+002
  3.6507249e+002
  3.6562672e+002
  3.6610139e+002
  3.6649152e+002
  3.6679210e+002
  3.6699814e+002
  3.6710464e+002
  3.6710883e+002
  3.6702093e+002
  3.6685590e+002
  3.6662871e+002
  3.6635432e+002
  3.6604768e+002
  3.6572377e+002
  3.6539755e+002
  3.6508397e+002
  3.6479800e+002
  3.6455461e+002
  3.6436874e+002
  3.6425538e+002
  3.6422947e+002
  3.6430599e+002
  3.6449989e+002
  3.6482557e+002
  3.6528377e+002
  3.6586135e+002
  3.6654449e+002
  3.6731942e+002
  3.6817233e+002
  3.6908942e+002
  3.7005691e+002
  3.7106100e+002
  3.7208790e+002
  3.7312381e+002
  3.7415494e+002
  3.7516749e+002
  3.7614767e+002
  3.7708168e+002
  3.7795573e+002
  3.7875604e+002
  3.7947342e+002
  3.8011204e+002
  3.8067844e+002
  3.8117917e+002
  3.8162079e+002
  3.8200982e+002
  3.8235283e+002
  3.8265636e+002
  3.8292696e+002
  3.8317117e+002
  3.8339555e+002
  3.8360663e+002
  3.8381097e+002
  3.8401511e+002
  3.8422560e+002
  3.8444900e+002
  3.8469082e+002
  3.8494706e+002
  3.8520850e+002
  3.8546587e+002
  3.8570989e+002
  3.8593128e+002
  3.8612078e+002
  3.8626911e+002
  3.8636699e+002
  3.8640515e+002
  3.8637432e+002
  3.8626521e+002
  3.8606857e+002
  3.8577510e+002
  3.8537555e+002
  3.8486063e+002
  3.8422123e+002
  3.8345776e+002
  3.8258481e+002
  3.8161814e+002
  3.8057353e+002
  3.7946675e+002
  3.7831357e+002
  3.7712975e+002
  3.7593106e+002
  3.7473328e+002
  3.7355218e+002
  3.7240351e+002
  3.7130306e+002
  3.7026659e+002
  3.6930987e+002
  3.6844867e+002
  3.6769877e+002
  3.6707095e+002
  3.6655388e+002
  3.6613005e+002
  3.6578195e+002
  3.6549209e+002
  3.6524294e+002
  3.6501700e+002
  3.6479676e+002
  3.6456473e+002
  3.6430338e+002
  3.6399521e+002
  3.6362272e+002
  3.6316839e+002
  3.6261472e+002
  3.6194420e+002
  3.6113932e+002
  3.6018385e+002
  3.5908194e+002
  3.5785420e+002
  3.5652172e+002
  3.5510560e+002
  3.5362690e+002
  3.5210673e+002
  3.5056616e+002
  3.4902629e+002
  3.4750819e+002
  3.4603295e+002
  3.4462167e+002
  3.4329542e+002
  3.4207530e+002
  3.4098238e+002
  3.4003776e+002
  3.3926247e+002
  3.3866864e+002
  3.3824845e+002
  3.3799140e+002
  3.3788698e+002
  3.3792469e+002
  3.3809403e+002
  3.3838448e+002
  3.3878554e+002
  3.3928672e+002
  3.3987749e+002
  3.4054737e+002
  3.4128584e+002
  3.4208239e+002
  3.4292653e+002
  3.4380775e+002
  3.4471554e+002
  3.4564004e+002
  3.4657580e+002
  3.4751929e+002
  3.4846697e+002
  3.4941531e+002
  3.5036076e+002
  3.5129979e+002
  3.5222887e+002
  3.5314445e+002
  3.5404301e+002
  3.5492099e+002
  3.5577487e+002
  3.5660112e+002
  3.5739618e+002
  3.5815654e+002
  3.5887864e+002
  3.5955904e+002
  3.6019684e+002
  3.6079418e+002
  3.6135339e+002
  3.6187677e+002
  3.6236665e+002
  3.6282534e+002
  3.6325515e+002
  3.6365840e+002
  3.6403741e+002
  3.6439449e+002
  3.6473196e+002
  3.6505213e+002
  3.6535733e+002
  3.6564986e+002
  3.6593205e+002
  3.6620621e+002
  3.6647385e+002
  3.6673377e+002
  3.6698418e+002
  3.6722330e+002
  3.6744934e+002
  3.6766051e+002
  3.6785503e+002
  3.6803111e+002
  3.6818697e+002
  3.6832082e+002
  3.6843087e+002
  3.6851534e+002
  3.6857244e+002
  3.6860039e+002
  3.6859740e+002
  3.6856169e+002
  3.6849181e+002
  3.6839034e+002
  3.6826239e+002
  3.6811313e+002
  3.6794770e+002
  3.6777126e+002
  3.6758898e+002
  3.6740600e+002
  3.6722748e+002
  3.6705858e+002
  3.6690445e+002
  3.6677026e+002
  3.6666115e+002
  3.6658228e+002
  3.6653882e+002
  3.6653591e+002
  3.6657868e+002
  3.6666945e+002
  3.6680562e+002
  3.6698413e+002
  3.6720190e+002
  3.6745586e+002
  3.6774294e+002
  3.6806007e+002
  3.6840416e+002
  3.6877215e+002
  3.6916097e+002
  3.6956753e+002
  3.6998878e+002
  3.7042163e+002
  3.7086301e+002
  3.7130985e+002
  3.7175907e+002
  3.7220800e+002
  3.7265603e+002
  3.7310323e+002
  3.7354967e+002
  3.7399543e+002
  3.7444059e+002
  3.7488522e+002
  3.7532938e+002
  3.7577317e+002
  3.7621664e+002
  3.7665988e+002
  3.7710296e+002
  3.7754596e+002
  3.7798894e+002
  3.7843198e+002
  3.7887516e+002
  3.7931845e+002
  3.7975964e+002
  3.8019455e+002
  3.8061887e+002
  3.8102833e+002
  3.8141863e+002
  3.8178550e+002
  3.8212465e+002
  3.8243178e+002
  3.8270262e+002
  3.8293288e+002
  3.8311828e+002
  3.8325452e+002
  3.8333732e+002
  3.8336240e+002
  3.8332547e+002
  3.8322225e+002
  3.8305032e+002
  3.8281218e+002
  3.8251109e+002
  3.8215033e+002
  3.8173317e+002
  3.8126288e+002
  3.8074274e+002
  3.8017602e+002
  3.7956600e+002
  3.7891594e+002
  3.7822913e+002
  3.7750883e+002
  3.7675832e+002
  3.7598087e+002
  3.7517976e+002
  3.7435825e+002
  3.7351994e+002
  3.7267097e+002
  3.7181879e+002
  3.7097086e+002
  3.7013461e+002
  3.6931751e+002
  3.6852701e+002
  3.6777054e+002
  3.6705558e+002
  3.6638956e+002
  3.6577994e+002
  3.6523418e+002
  3.6475971e+002
  3.6436399e+002
  3.6405448e+002
  3.6383862e+002
  3.6372373e+002
  3.6371128e+002
  3.6379472e+002
  3.6396692e+002
  3.6422074e+002
  3.6454906e+002
  3.6494475e+002
  3.6540069e+002
  3.6590973e+002
  3.6646476e+002
  3.6705864e+002
  3.6768425e+002
  3.6833445e+002
  3.6900212e+002
  3.6968012e+002
  3.7036134e+002
  3.7103863e+002
  3.7170557e+002
  3.7235854e+002
  3.7299462e+002
  3.7361091e+002
  3.7420449e+002
  3.7477245e+002
  3.7531187e+002
  3.7581985e+002
  3.7629348e+002
  3.7672983e+002
  3.7712600e+002
  3.7747907e+002
  3.7778613e+002
  3.7804428e+002
  3.7825059e+002
  3.7840216e+002
  3.7849636e+002
  3.7853462e+002
  3.7852136e+002
  3.7846107e+002
  3.7835824e+002
  3.7821737e+002
  3.7804294e+002
  3.7783944e+002
  3.7761137e+002
  3.7736321e+002
  3.7709946e+002
  3.7682461e+002
  3.7654314e+002
  3.7625955e+002
  3.7597833e+002
  3.7570396e+002
  3.7544094e+002
  3.7519316e+002
  3.7496327e+002
  3.7475381e+002
  3.7456730e+002
  3.7440626e+002
  3.7427321e+002
  3.7417068e+002
  3.7410119e+002
  3.7406726e+002
  3.7407142e+002
  3.7411619e+002
  3.7420409e+002
  3.7433764e+002
  3.7451937e+002
  3.7475180e+002
  3.7503745e+002
  3.7537832e+002
  3.7577310e+002
  3.7621920e+002
  3.7671402e+002
  3.7725497e+002
  3.7783945e+002
  3.7846488e+002
  3.7912866e+002
  3.7982819e+002
  3.8056089e+002
  3.8132416e+002
  3.8211541e+002
  3.8293204e+002
  3.8377146e+002
  3.8463107e+002
  3.8550829e+002
  3.8640047e+002
  3.8730340e+002
  3.8821122e+002
  3.8911800e+002
  3.9001779e+002
  3.9090463e+002
  3.9177259e+002
  3.9261572e+002
  3.9342808e+002
  3.9420372e+002
  3.9493669e+002
  3.9562105e+002
  3.9625085e+002
  3.9682016e+002
  3.9732302e+002
  3.9775349e+002
  3.9810562e+002
  3.9837632e+002
  3.9857123e+002
  3.9869767e+002
  3.9876297e+002
  3.9877444e+002
  3.9873942e+002
  3.9866522e+002
  3.9855917e+002
  3.9842859e+002
  3.9828080e+002
  3.9812314e+002
  3.9796291e+002
  3.9780744e+002
  3.9766406e+002
  3.9754009e+002
  3.9744286e+002
  3.9737931e+002
  3.9735274e+002
  3.9736430e+002
  3.9741510e+002
  3.9750627e+002
  3.9763895e+002
  3.9781424e+002
  3.9803327e+002
  3.9829717e+002
  3.9860706e+002
  3.9896406e+002
  3.9936930e+002
  3.9982390e+002
  4.0032898e+002
  4.0088567e+002
  4.0149509e+002
  4.0215830e+002
  4.0287237e+002
  4.0362802e+002
  4.0441540e+002
  4.0522467e+002
  4.0604597e+002
  4.0686946e+002
  4.0768530e+002
  4.0848364e+002
  4.0925463e+002
  4.0998843e+002
  4.1067519e+002
  4.1130507e+002
  4.1186821e+002
  4.1235477e+002
  4.1275491e+002
  4.1305878e+002
  4.1325955e+002
  4.1336477e+002
  4.1338625e+002
  4.1333582e+002
  4.1322530e+002
  4.1306650e+002
  4.1287126e+002
  4.1265138e+002
  4.1241869e+002
  4.1218501e+002
  4.1196215e+002
  4.1176195e+002
  4.1159622e+002
  4.1147677e+002
  4.1141544e+002
  4.1142403e+002
  4.1151397e+002
  4.1168947e+002
  4.1194861e+002
  4.1228926e+002
  4.1270930e+002
  4.1320660e+002
  4.1377903e+002
  4.1442448e+002
  4.1514082e+002
  4.1592591e+002
  4.1677765e+002
  4.1769390e+002
  4.1867253e+002
  4.1971143e+002
  4.2080847e+002
  4.2196152e+002
  4.2316845e+002
  4.2442326e+002
  4.2571082e+002
  4.2701468e+002
  4.2831837e+002
  4.2960544e+002
  4.3085942e+002
  4.3206385e+002
  4.3320229e+002
  4.3425826e+002
  4.3521530e+002
  4.3605697e+002
  4.3676680e+002
  4.3732832e+002
  4.3772509e+002
  4.3794063e+002
  4.3795850e+002
  4.3776561e+002
  4.3737422e+002
  4.3680805e+002
  4.3609088e+002
  4.3524650e+002
  4.3429869e+002
  4.3327123e+002
  4.3218792e+002
  4.3107253e+002
  4.2994885e+002
  4.2884066e+002
  4.2777174e+002
  4.2676588e+002
  4.2584687e+002
  4.2503848e+002
  4.2436450e+002
  4.2384837e+002
  4.2350092e+002
  4.2331723e+002
  4.2329138e+002
  4.2341744e+002
  4.2368950e+002
  4.2410164e+002
  4.2464792e+002
  4.2532244e+002
  4.2611927e+002
  4.2703249e+002
  4.2805617e+002
  4.2918440e+002
  4.3041126e+002
  4.3173082e+002
  4.3313717e+002
  4.3462437e+002
  4.3618485e+002
  4.3780493e+002
  4.3946956e+002
  4.4116372e+002
  4.4287235e+002
  4.4458041e+002
  4.4627285e+002
  4.4793463e+002
  4.4955071e+002
  4.5110604e+002
  4.5258558e+002
  4.5397429e+002
  4.5525712e+002
  4.5641902e+002
  4.5744496e+002
  4.5831988e+002
  4.5903017e+002
  4.5957977e+002
  4.5998446e+002
  4.6026025e+002
  4.6042313e+002
  4.6048913e+002
  4.6047424e+002
  4.6039447e+002
  4.6026583e+002
  4.6010432e+002
  4.5992596e+002
  4.5974674e+002
  4.5958267e+002
  4.5944976e+002
  4.5936402e+002
  4.5934144e+002
  4.5939798e+002
  4.5954260e+002
  4.5977140e+002
  4.6007908e+002
  4.6046035e+002
  4.6090992e+002
  4.6142248e+002
  4.6199275e+002
  4.6261542e+002
  4.6328521e+002
  4.6399682e+002
  4.6474495e+002
  4.6552430e+002
  4.6632959e+002
  4.6715551e+002
  4.6799678e+002
  4.6884809e+002
  4.6970472e+002
  4.7056513e+002
  4.7142892e+002
  4.7229568e+002
  4.7316499e+002
  4.7403645e+002
  4.7490965e+002
  4.7578418e+002
  4.7665963e+002
  4.7753560e+002
  4.7841166e+002
  4.7928742e+002
  4.8016247e+002
  4.8103639e+002
  4.8190877e+002
  4.8277922e+002
  4.8364726e+002
  4.8451140e+002
  4.8536908e+002
  4.8621771e+002
  4.8705470e+002
  4.8787745e+002
  4.8868337e+002
  4.8946987e+002
  4.9023435e+002
  4.9097421e+002
  4.9168687e+002
  4.9236973e+002
  4.9302019e+002
  4.9363567e+002
  4.9421356e+002
  4.9475128e+002
  4.9524624e+002
  4.9569688e+002
  4.9610464e+002
  4.9647141e+002
  4.9679911e+002
  4.9708967e+002
  4.9734499e+002
  4.9756699e+002
  4.9775759e+002
  4.9791870e+002
  4.9805225e+002
  4.9816014e+002
  4.9824428e+002
  4.9830661e+002
  4.9834903e+002
  4.9837345e+002
  4.9838180e+002
  4.9837579e+002
  4.9835526e+002
  4.9831912e+002
  4.9826622e+002
  4.9819544e+002
  4.9810565e+002
  4.9799573e+002
  4.9786454e+002
  4.9771097e+002
  4.9753387e+002
  4.9733213e+002
  4.9710462e+002
  4.9685020e+002
  4.9656776e+002
  4.9625616e+002
  4.9591427e+002
  4.9554094e+002
  4.9513340e+002
  4.9468654e+002
  4.9419507e+002
  4.9365371e+002
  4.9305717e+002
  4.9240016e+002
  4.9167739e+002
  4.9088357e+002
  4.9001342e+002
  4.8906165e+002
  4.8802296e+002
  4.8689208e+002
  4.8566371e+002
  4.8433256e+002
  4.8289335e+002
  4.8134079e+002
  4.7967249e+002
  4.7789851e+002
  4.7603226e+002
  4.7408717e+002
  4.7207663e+002
  4.7001406e+002
  4.6791287e+002
  4.6578648e+002
  4.6364829e+002
  4.6151172e+002
  4.5939017e+002
  4.5729707e+002
  4.5524582e+002
  4.5324984e+002
  4.5132253e+002
  4.4947731e+002
  4.4772689e+002
  4.4607335e+002
  4.4451042e+002
  4.4303163e+002
  4.4163050e+002
  4.4030054e+002
  4.3903528e+002
  4.3782824e+002
  4.3667294e+002
  4.3556289e+002
  4.3449163e+002
  4.3345266e+002
  4.3243951e+002
  4.3144571e+002
  4.3046476e+002
  4.2949020e+002
  4.2851555e+002
  4.2753652e+002
  4.2655351e+002
  4.2556753e+002
  4.2457959e+002
  4.2359071e+002
  4.2260188e+002
  4.2161413e+002
  4.2062846e+002
  4.1964589e+002
  4.1866742e+002
  4.1769406e+002
  4.1672682e+002
  4.1576673e+002
  4.1481477e+002
  4.1387198e+002
  4.1293935e+002
  4.1201811e+002
  4.1111093e+002
  4.1022106e+002
  4.0935176e+002
  4.0850629e+002
  4.0768791e+002
  4.0689988e+002
  4.0614546e+002
  4.0542790e+002
  4.0475047e+002
  4.0411642e+002
  4.0352902e+002
  4.0299152e+002
  4.0250718e+002
  4.0207926e+002
  4.0171102e+002
  4.0140558e+002
  4.0116160e+002
  4.0097273e+002
  4.0083230e+002
  4.0073366e+002
  4.0067015e+002
  4.0063512e+002
  4.0062191e+002
  4.0062386e+002
  4.0063432e+002
  4.0064663e+002
  4.0065414e+002
  4.0065018e+002
  4.0062811e+002
  4.0058127e+002
  4.0050300e+002
  4.0038665e+002
  4.0022751e+002
  4.0002726e+002
  3.9978892e+002
  3.9951547e+002
  3.9920991e+002
  3.9887526e+002
  3.9851450e+002
  3.9813064e+002
  3.9772668e+002
  3.9730562e+002
  3.9687045e+002
  3.9642419e+002
  3.9596982e+002
  3.9551035e+002
  3.9504877e+002
  3.9458810e+002
  3.9413122e+002
  3.9367990e+002
  3.9323521e+002
  3.9279822e+002
  3.9236998e+002
  3.9195155e+002
  3.9154401e+002
  3.9114840e+002
  3.9076578e+002
  3.9039723e+002
  3.9004380e+002
  3.8970654e+002
  3.8938653e+002
  3.8908483e+002
  3.8880248e+002
  3.8854056e+002
  3.8830007e+002
  3.8807803e+002
  3.8786472e+002
  3.8764978e+002
  3.8742285e+002
  3.8717355e+002
  3.8689153e+002
  3.8656642e+002
  3.8618786e+002
  3.8574548e+002
  3.8522892e+002
  3.8462782e+002
  3.8393180e+002
  3.8313052e+002
  3.8221359e+002
  3.8117067e+002
  3.7999138e+002
  3.7866880e+002
  3.7721346e+002
  3.7564145e+002
  3.7396886e+002
  3.7221179e+002
  3.7038632e+002
  3.6850853e+002
  3.6659452e+002
  3.6466038e+002
  3.6272219e+002
  3.6079605e+002
  3.5889804e+002
  3.5704425e+002
  3.5525078e+002
  3.5353370e+002
  3.5190912e+002
  3.5039250e+002
  3.4898756e+002
  3.4768732e+002
  3.4648444e+002
  3.4537157e+002
  3.4434135e+002
  3.4338645e+002
  3.4249950e+002
  3.4167315e+002
  3.4090007e+002
  3.4017289e+002
  3.3948428e+002
  3.3882687e+002
  3.3819331e+002
  3.3757627e+002
  3.3696838e+002
  3.3636231e+002
  3.3575398e+002
  3.3514752e+002
  3.3454837e+002
  3.3396195e+002
  3.3339370e+002
  3.3284903e+002
  3.3233338e+002
  3.3185218e+002
  3.3141085e+002
  3.3101481e+002
  3.3066951e+002
  3.3038036e+002
  3.3015279e+002
  3.2999224e+002
  3.2990412e+002
  3.2989386e+002
  3.2996650e+002
  3.3012385e+002
  3.3036617e+002
  3.3069372e+002
  3.3110676e+002
  3.3160554e+002
  3.3219032e+002
  3.3286136e+002
  3.3361890e+002
  3.3446322e+002
  3.3539456e+002
  3.3641318e+002
  3.3751934e+002
  3.3871329e+002
  3.3999530e+002
  3.4136561e+002
  3.4282437e+002
  3.4436716e+002
  3.4598351e+002
  3.4766255e+002
  3.4939337e+002
  3.5116509e+002
  3.5296683e+002
  3.5478770e+002
  3.5661681e+002
  3.5844327e+002
  3.6025620e+002
  3.6204471e+002
  3.6379791e+002
  3.6550491e+002
  3.6715484e+002
  3.6873679e+002
  3.7023989e+002
  3.7165722e+002
  3.7299729e+002
  3.7427235e+002
  3.7549466e+002
  3.7667646e+002
  3.7783002e+002
  3.7896757e+002
  3.8010138e+002
  3.8124370e+002
  3.8240677e+002
  3.8360286e+002
  3.8484421e+002
  3.8614307e+002
  3.8751170e+002
  3.8896235e+002
  3.9050728e+002
  3.9215705e+002
  3.9389969e+002
  3.9570713e+002
  3.9755094e+002
  3.9940267e+002
  4.0123390e+002
  4.0301620e+002
  4.0472113e+002
  4.0632026e+002
  4.0778516e+002
  4.0908740e+002
  4.1019854e+002
  4.1109015e+002
  4.1173381e+002
  4.1210107e+002
  4.1216350e+002
  4.1189281e+002
  4.1127675e+002
  4.1033461e+002
  4.0908939e+002
  4.0756404e+002
  4.0578154e+002
  4.0376486e+002
  4.0153699e+002
  3.9912089e+002
  3.9653953e+002
  3.9381590e+002
  3.9097296e+002
  3.8803369e+002
  3.8502106e+002
  3.8195804e+002
  3.7886761e+002
  3.7577275e+002
  3.7269557e+002
  3.6965304e+002
  3.6666021e+002
  3.6373212e+002
  3.6088380e+002
  3.5813030e+002
  3.5548665e+002
  3.5296791e+002
  3.5058910e+002
  3.4836527e+002
  3.4631145e+002
  3.4444270e+002
  3.4277404e+002
  3.4132053e+002
  3.4009719e+002
  3.3911908e+002
  3.3840057e+002
  3.3793980e+002
  3.3771782e+002
  3.3771489e+002
  3.3791127e+002
  3.3828723e+002
  3.3882301e+002
  3.3949888e+002
  3.4029510e+002
  3.4119193e+002
  3.4216962e+002
  3.4320843e+002
  3.4428862e+002
  3.4539045e+002
  3.4649418e+002
  3.4758007e+002
  3.4862838e+002
  3.4962367e+002
  3.5056329e+002
  3.5144695e+002
  3.5227437e+002
  3.5304524e+002
  3.5375928e+002
  3.5441621e+002
  3.5501572e+002
  3.5555754e+002
  3.5604137e+002
  3.5646692e+002
  3.5683390e+002
  3.5714202e+002
  3.5739100e+002
  3.5758054e+002
  3.5771034e+002
  3.5778025e+002
  3.5779115e+002
  3.5774457e+002
  3.5764202e+002
  3.5748503e+002
  3.5727512e+002
  3.5701380e+002
  3.5670261e+002
  3.5634306e+002
  3.5593668e+002
  3.5548498e+002
  3.5498948e+002
  3.5445172e+002
  3.5387320e+002
  3.5325545e+002
  3.5260000e+002
  3.5190839e+002
  3.5118462e+002
  3.5043636e+002
  3.4967161e+002
  3.4889837e+002
  3.4812464e+002
  3.4735842e+002
  3.4660771e+002
  3.4588051e+002
  3.4518483e+002
  3.4452866e+002
  3.4391999e+002
  3.4336684e+002
  3.4287720e+002
  3.4245907e+002
  3.4212045e+002
  3.4186934e+002
  3.4170947e+002
  3.4162493e+002
  3.4159420e+002
  3.4159574e+002
  3.4160803e+002
  3.4160952e+002
  3.4157868e+002
  3.4149399e+002
  3.4133391e+002
  3.4107691e+002
  3.4070145e+002
  3.4018601e+002
  3.3950905e+002
  3.3864905e+002
  3.3758445e+002
  3.3629375e+002
  3.3475690e+002
  3.3297911e+002
  3.3098646e+002
  3.2880569e+002
  3.2646351e+002
  3.2398665e+002
  3.2140184e+002
  3.1873580e+002
  3.1601526e+002
  3.1326693e+002
  3.1051755e+002
  3.0779384e+002
  3.0512251e+002
  3.0253031e+002
  3.0004394e+002
  2.9769014e+002
  2.9549559e+002
  2.9347480e+002
  2.9161448e+002
  2.8989740e+002
  2.8830637e+002
  2.8682416e+002
  2.8543358e+002
  2.8411740e+002
  2.8285844e+002
  2.8163946e+002
  2.8044327e+002
  2.7925266e+002
  2.7805041e+002
  2.7681932e+002
  2.7554217e+002
  2.7420177e+002
  2.7278090e+002
  2.7126499e+002
  2.6965854e+002
  2.6797439e+002
  2.6622542e+002
  2.6442451e+002
  2.6258454e+002
  2.6071839e+002
  2.5883893e+002
  2.5695905e+002
  2.5509162e+002
  2.5324952e+002
  2.5144564e+002
  2.4969284e+002
  2.4800401e+002
  2.4639203e+002
  2.4486978e+002
  2.4344990e+002
  2.4213698e+002
  2.4092589e+002
  2.3981090e+002
  2.3878628e+002
  2.3784629e+002
  2.3698521e+002
  2.3619731e+002
  2.3547686e+002
  2.3481812e+002
  2.3421538e+002
  2.3366289e+002
  2.3315493e+002
  2.3268576e+002
  2.3224967e+002
  2.3184091e+002
  2.3145377e+002
  2.3108309e+002
  2.3072583e+002
  2.3037937e+002
  2.3004111e+002
  2.2970845e+002
  2.2937878e+002
  2.2904949e+002
  2.2871798e+002
  2.2838165e+002
  2.2803789e+002
  2.2768410e+002
  2.2731766e+002
  2.2693598e+002
  2.2653644e+002
  2.2611645e+002
  2.2567340e+002
  2.2520483e+002
  2.2470986e+002
  2.2418872e+002
  2.2364162e+002
  2.2306877e+002
  2.2247040e+002
  2.2184673e+002
  2.2119799e+002
  2.2052438e+002
  2.1982612e+002
  2.1910345e+002
  2.1835658e+002
  2.1758572e+002
  2.1679110e+002
  2.1597294e+002
  2.1513146e+002
  2.1426690e+002
  2.1338150e+002
  2.1248103e+002
  2.1157166e+002
  2.1065955e+002
  2.0975086e+002
  2.0885176e+002
  2.0796839e+002
  2.0710692e+002
  2.0627350e+002
  2.0547431e+002
  2.0471549e+002
  2.0400321e+002
  2.0334362e+002
  2.0274289e+002
  2.0220717e+002
  2.0174263e+002
  2.0135529e+002
  2.0105043e+002
  2.0083308e+002
  2.0070828e+002
  2.0068105e+002
  2.0075644e+002
  2.0093947e+002
  2.0123517e+002
  2.0164857e+002
  2.0218472e+002
  2.0284863e+002
  2.0364535e+002
  2.0457990e+002
  2.0565732e+002
  2.0688264e+002
  2.0826089e+002
  2.0979668e+002
  2.1148556e+002
  2.1331440e+002
  2.1526974e+002
  2.1733808e+002
  2.1950596e+002
  2.2175990e+002
  2.2408640e+002
  2.2647201e+002
  2.2890324e+002
  2.3136662e+002
  2.3384865e+002
  2.3633588e+002
  2.3881482e+002
  2.4127198e+002
  2.4369391e+002
  2.4606711e+002
  2.4838052e+002
  2.5062956e+002
  2.5281071e+002
  2.5492046e+002
  2.5695531e+002
  2.5891173e+002
  2.6078622e+002
  2.6257527e+002
  2.6427537e+002
  2.6588300e+002
  2.6739467e+002
  2.6880684e+002
  2.7011602e+002
  2.7131869e+002
  2.7241135e+002
  2.7339048e+002
  2.7425404e+002
  2.7501279e+002
  2.7568401e+002
  2.7628503e+002
  2.7683320e+002
  2.7734585e+002
  2.7784032e+002
  2.7833396e+002
  2.7884410e+002
  2.7938807e+002
  2.7998322e+002
  2.8064689e+002
  2.8139641e+002
  2.8224912e+002
  2.8322237e+002
  2.8433349e+002
  2.8559952e+002
  2.8702346e+002
  2.8858857e+002
  2.9027664e+002
  2.9206946e+002
  2.9394880e+002
  2.9589646e+002
  2.9789420e+002
  2.9992382e+002
  3.0196710e+002
  3.0400583e+002
  3.0602178e+002
  3.0799674e+002
  3.0991249e+002
  3.1175082e+002
  3.1349350e+002
  3.1512233e+002
  3.1662408e+002
  3.1800621e+002
  3.1928155e+002
  3.2046292e+002
  3.2156316e+002
  3.2259508e+002
  3.2357153e+002
  3.2450533e+002
  3.2540930e+002
  3.2629627e+002
  3.2717907e+002
  3.2807052e+002
  3.2898346e+002
  3.2993072e+002
  3.3092511e+002
  3.3197947e+002
  3.3310588e+002
  3.3430561e+002
  3.3557172e+002
  3.3689705e+002
  3.3827447e+002
  3.3969682e+002
  3.4115697e+002
  3.4264777e+002
  3.4416208e+002
  3.4569274e+002
  3.4723262e+002
  3.4877457e+002
  3.5031144e+002
  3.5183609e+002
  3.5334138e+002
  3.5482016e+002
  3.5626529e+002
  3.5767108e+002
  3.5903484e+002
  3.6035425e+002
  3.6162701e+002
  3.6285080e+002
  3.6402330e+002
  3.6514220e+002
  3.6620519e+002
  3.6720996e+002
  3.6815419e+002
  3.6903557e+002
  3.6985178e+002
  3.7060052e+002
  3.7127946e+002
  3.7188630e+002
  3.7241872e+002
  3.7287488e+002
  3.7325601e+002
  3.7356452e+002
  3.7380287e+002
  3.7397350e+002
  3.7407883e+002
  3.7412131e+002
  3.7410338e+002
  3.7402748e+002
  3.7389605e+002
  3.7371151e+002
  3.7347633e+002
  3.7319292e+002
  3.7286373e+002
  3.7249120e+002
  3.7207777e+002
  3.7162586e+002
  3.7113743e+002
  3.7061394e+002
  3.7005682e+002
  3.6946748e+002
  3.6884736e+002
  3.6819789e+002
  3.6752050e+002
  3.6681660e+002
  3.6608763e+002
  3.6533502e+002
  3.6456018e+002
  3.6376456e+002
  3.6294958e+002
  3.6211665e+002
  3.6126722e+002
  3.6040271e+002
  3.5952564e+002
  3.5864194e+002
  3.5775827e+002
  3.5688124e+002
  3.5601750e+002
  3.5517368e+002
  3.5435641e+002
  3.5357232e+002
  3.5282805e+002
  3.5213024e+002
  3.5148550e+002
  3.5090048e+002
  3.5038181e+002
  3.4993613e+002
  3.4957006e+002
  3.4929024e+002
  3.4910249e+002
  3.4900418e+002
  3.4898760e+002
  3.4904501e+002
  3.4916863e+002
  3.4935072e+002
  3.4958350e+002
  3.4985923e+002
  3.5017014e+002
  3.5050848e+002
  3.5086648e+002
  3.5123639e+002
  3.5161044e+002
  3.5198088e+002
  3.5233994e+002
  3.5267987e+002
  3.5299295e+002
  3.5327446e+002
  3.5352452e+002
  3.5374374e+002
  3.5393269e+002
  3.5409199e+002
  3.5422220e+002
  3.5432393e+002
  3.5439776e+002
  3.5444429e+002
  3.5446411e+002
  3.5445780e+002
  3.5442596e+002
  3.5436918e+002
  3.5428805e+002
  3.5418316e+002
  3.5405509e+002
  3.5390501e+002
  3.5373681e+002
  3.5355522e+002
  3.5336500e+002
  3.5317087e+002
  3.5297757e+002
  3.5278986e+002
  3.5261247e+002
  3.5245013e+002
  3.5230759e+002
  3.5218959e+002
  3.5210087e+002
  3.5204616e+002
  3.5203021e+002
  3.5205776e+002
  3.5213355e+002
  3.5226208e+002
  3.5244350e+002
  3.5267418e+002
  3.5295031e+002
  3.5326812e+002
  3.5362383e+002
  3.5401364e+002
  3.5443378e+002
  3.5488045e+002
  3.5534989e+002
  3.5583829e+002
  3.5634189e+002
  3.5685689e+002
  3.5737951e+002
  3.5790596e+002
  3.5843247e+002
  3.5895524e+002
  3.5946860e+002
  3.5996229e+002
  3.6042534e+002
  3.6084682e+002
  3.6121576e+002
  3.6152121e+002
  3.6175222e+002
  3.6189783e+002
  3.6194709e+002
  3.6188904e+002
  3.6171274e+002
  3.6140722e+002
  3.6096154e+002
  3.6036474e+002
  3.5960586e+002
  3.5867396e+002
  3.5756110e+002
  3.5628274e+002
  3.5486522e+002
  3.5333497e+002
  3.5171839e+002
  3.5004191e+002
  3.4833192e+002
  3.4661485e+002
  3.4491711e+002
  3.4326510e+002
  3.4168526e+002
  3.4020398e+002
  3.3884768e+002
  3.3764278e+002
  3.3661568e+002
  3.3579281e+002
  3.3520001e+002
  3.3484223e+002
  3.3469748e+002
  3.3474201e+002
  3.3495207e+002
  3.3530390e+002
  3.3577377e+002
  3.3633790e+002
  3.3697257e+002
  3.3765400e+002
  3.3835846e+002
  3.3906219e+002
  3.3974145e+002
  3.4037247e+002
  3.4093151e+002
  3.4139482e+002
  3.4173865e+002
  3.4194583e+002
  3.4202383e+002
  3.4198591e+002
  3.4184529e+002
  3.4161523e+002
  3.4130898e+002
  3.4093977e+002
  3.4052084e+002
  3.4006545e+002
  3.3958684e+002
  3.3909825e+002
  3.3861293e+002
  3.3814411e+002
  3.3770505e+002
  3.3730899e+002
  3.3696917e+002
  3.3669800e+002
  3.3649715e+002
  3.3636088e+002
  3.3628327e+002
  3.3625842e+002
  3.3628043e+002
  3.3634340e+002
  3.3644141e+002
  3.3656856e+002
  3.3671896e+002
  3.3688669e+002
  3.3706585e+002
  3.3725053e+002
  3.3743484e+002
  3.3761287e+002
  3.3777870e+002
  3.3792646e+002
  3.3805157e+002
  3.3815196e+002
  3.3822587e+002
  3.3827150e+002
  3.3828709e+002
  3.3827084e+002
  3.3822099e+002
  3.3813575e+002
  3.3801334e+002
  3.3785198e+002
  3.3764990e+002
  3.3740531e+002
  3.3711644e+002
  3.3678150e+002
  3.3639872e+002
  3.3596631e+002
  3.3548390e+002
  3.3495926e+002
  3.3440312e+002
  3.3382619e+002
  3.3323920e+002
  3.3265288e+002
  3.3207793e+002
  3.3152510e+002
  3.3100509e+002
  3.3052864e+002
  3.3010647e+002
  3.2974929e+002
  3.2946784e+002
  3.2927284e+002
  3.2917500e+002
  3.2918505e+002
  3.2931329e+002
  3.2955972e+002
  3.2991391e+002
  3.3036498e+002
  3.3090202e+002
  3.3151414e+002
  3.3219046e+002
  3.3292007e+002
  3.3369208e+002
  3.3449560e+002
  3.3531973e+002
  3.3615358e+002
  3.3698626e+002
  3.3780687e+002
  3.3860452e+002
  3.3936831e+002
  3.4008736e+002
  3.4075277e+002
  3.4136138e+002
  3.4191108e+002
  3.4239972e+002
  3.4282519e+002
  3.4318536e+002
  3.4347809e+002
  3.4370125e+002
  3.4385273e+002
  3.4393038e+002
  3.4393208e+002
  3.4385571e+002
  3.4369913e+002
  3.4346021e+002
  3.4313683e+002
  3.4272686e+002
  3.4222902e+002
  3.4165011e+002
  3.4100128e+002
  3.4029371e+002
  3.3953862e+002
  3.3874719e+002
  3.3793062e+002
  3.3710012e+002
  3.3626687e+002
  3.3544208e+002
  3.3463694e+002
  3.3386266e+002
  3.3313042e+002
  3.3245142e+002
  3.3183687e+002
  3.3129795e+002
  3.3084572e+002
  3.3048265e+002
  3.3019850e+002
  3.2998197e+002
  3.2982177e+002
  3.2970661e+002
  3.2962520e+002
  3.2956625e+002
  3.2951846e+002
  3.2947054e+002
  3.2941120e+002
  3.2932914e+002
  3.2921308e+002
  3.2905173e+002
  3.2883378e+002
  3.2854796e+002
  3.2818296e+002
  3.2773124e+002
  3.2720181e+002
  3.2660828e+002
  3.2596426e+002
  3.2528336e+002
  3.2457917e+002
  3.2386530e+002
  3.2315537e+002
  3.2246298e+002
  3.2180172e+002
  3.2118522e+002
  3.2062707e+002
  3.2014088e+002
  3.1974026e+002
  3.1943881e+002
  3.1925014e+002
  3.1918706e+002
  3.1924963e+002
  3.1942769e+002
  3.1971079e+002
  3.2008849e+002
  3.2055033e+002
  3.2108587e+002
  3.2168464e+002
  3.2233621e+002
  3.2303013e+002
  3.2375594e+002
  3.2450319e+002
  3.2526143e+002
  3.2602022e+002
  3.2676910e+002
  3.2749762e+002
  3.2819537e+002
  3.2885634e+002
  3.2948442e+002
  3.3008480e+002
  3.3066270e+002
  3.3122330e+002
  3.3177182e+002
  3.3231345e+002
  3.3285339e+002
  3.3339684e+002
  3.3394901e+002
  3.3451510e+002
  3.3510030e+002
  3.3570982e+002
  3.3634886e+002
  3.3702262e+002
  3.3773630e+002
  3.3849420e+002
  3.3929438e+002
  3.4013222e+002
  3.4100314e+002
  3.4190252e+002
  3.4282576e+002
  3.4376825e+002
  3.4472538e+002
  3.4569255e+002
  3.4666516e+002
  3.4763859e+002
  3.4860824e+002
  3.4956950e+002
  3.5051778e+002
  3.5144845e+002
  3.5235692e+002
  3.5323863e+002
  3.5409058e+002
  3.5491160e+002
  3.5570062e+002
  3.5645659e+002
  3.5717843e+002
  3.5786508e+002
  3.5851548e+002
  3.5912856e+002
  3.5970325e+002
  3.6023849e+002
  3.6073323e+002
  3.6118638e+002
  3.6159689e+002
  3.6196370e+002
  3.6228573e+002
  3.6256192e+002
  3.6279274e+002
  3.6298383e+002
  3.6314191e+002
  3.6327371e+002
  3.6338597e+002
  3.6348542e+002
  3.6357878e+002
  3.6367279e+002
  3.6377418e+002
  3.6388967e+002
  3.6402600e+002
  3.6418990e+002
  3.6438810e+002
  3.6462733e+002
  3.6491431e+002
  3.6525579e+002
  3.6565807e+002
  3.6612291e+002
  3.6664911e+002
  3.6723545e+002
  3.6788072e+002
  3.6858370e+002
  3.6934316e+002
  3.7015788e+002
  3.7102663e+002
  3.7194821e+002
  3.7292137e+002
  3.7394492e+002
  3.7501761e+002
  3.7613824e+002
  3.7730557e+002
  3.7851839e+002
  3.7977547e+002
  3.8107520e+002
  3.8241532e+002
  3.8379348e+002
  3.8520735e+002
  3.8665459e+002
  3.8813287e+002
  3.8963985e+002
  3.9117319e+002
  3.9273055e+002
  3.9430961e+002
  3.9590803e+002
  3.9752346e+002
  3.9915357e+002
  4.0079602e+002
  4.0244849e+002
  4.0410863e+002
  4.0577337e+002
  4.0743581e+002
  4.0908781e+002
  4.1072119e+002
  4.1232782e+002
  4.1389953e+002
  4.1542817e+002
  4.1690558e+002
  4.1832361e+002
  4.1967410e+002
  4.2094890e+002
  4.2213985e+002
  4.2323880e+002
  4.2423760e+002
  4.2512807e+002
  4.2590208e+002
  4.2655183e+002
  4.2707682e+002
  4.2748334e+002
  4.2777793e+002
  4.2796713e+002
  4.2805750e+002
  4.2805558e+002
  4.2796791e+002
  4.2780104e+002
  4.2756151e+002
  4.2725586e+002
  4.2689065e+002
  4.2647242e+002
  4.2600771e+002
  4.2550307e+002
  4.2496504e+002
  4.2440016e+002
  4.2381336e+002
  4.2320535e+002
  4.2257618e+002
  4.2192588e+002
  4.2125450e+002
  4.2056208e+002
  4.1984865e+002
  4.1911427e+002
  4.1835896e+002
  4.1758278e+002
  4.1678575e+002
  4.1596793e+002
  4.1512936e+002
  4.1427007e+002
  4.1339011e+002
  4.1248951e+002
  4.1156833e+002
  4.1062672e+002
  4.0966485e+002
  4.0868293e+002
  4.0768113e+002
  4.0665966e+002
  4.0561868e+002
  4.0455841e+002
  4.0347902e+002
  4.0238070e+002
  4.0126364e+002
  4.0012804e+002
  3.9897407e+002
  3.9780194e+002
  3.9661182e+002
  3.9540390e+002
  3.9417839e+002
  3.9293545e+002
  3.9167529e+002
  3.9039809e+002
  3.8910405e+002
  3.8779334e+002
  3.8646616e+002
  3.8512270e+002
  3.8376314e+002
  3.8238769e+002
  3.8099651e+002
  3.7958981e+002
  3.7816777e+002
  3.7673058e+002
  3.7527843e+002
  3.7381151e+002
  3.7233000e+002
