type_profil = N_XYZ
N_x=256
N_z=64
Re_n_xyz =
  1.0000000e+000  1.0000000e+000  1.0000000e+000  1.0000000e+000  1.0000000e+000  1.0000000e+000  1.0000000e+000  1.0000000e+000  1.0000000e+000  1.0000000e+000  1.0000000e+000  1.0000000e+000  1.0000000e+000  1.0000000e+000  1.0000000e+000  1.0000000e+000  1.0000000e+000  1.0000000e+000  1.0000000e+000  1.0000000e+000  1.0000000e+000  1.0000000e+000  1.0000000e+000  1.0000000e+000  1.0000000e+000  1.0000000e+000  1.0000000e+000  1.0000000e+000  1.0000000e+000  1.0000000e+000  1.0000000e+000  1.0000000e+000  1.0000000e+000  1.0000000e+000  1.0000000e+000  1.0000000e+000  1.0000000e+000  1.0000000e+000  1.0000000e+000  1.0000000e+000  1.0000000e+000  1.0000000e+000  1.0000000e+000  1.0000000e+000  1.0000000e+000  1.0000000e+000  1.0000000e+000  1.0000000e+000  1.0000000e+000  1.0000000e+000  1.0000000e+000  1.0000000e+000  1.0000000e+000  1.0000000e+000  1.0000000e+000  1.0000000e+000  1.0000000e+000  1.0000000e+000  1.0000000e+000  1.0000000e+000  1.0000000e+000  1.0000000e+000  1.0000000e+000  1.0000000e+000  1.0000000e+000  1.0000000e+000  1.0000000e+000  1.0000000e+000  1.0000000e+000  1.0000000e+000  1.0000000e+000  1.0000000e+000  1.0000000e+000  1.0000000e+000  1.0000000e+000  1.0000000e+000  1.0000000e+000  1.0000000e+000  1.0000000e+000  1.0000000e+000  1.0000000e+000  1.0000000e+000  1.0000000e+000  1.0000000e+000  1.0000000e+000  1.0000000e+000  1.0000000e+000  1.0000000e+000  1.0000000e+000  1.0000000e+000  1.0000000e+000  1.0000000e+000  1.0000000e+000  1.0000000e+000  1.0000000e+000  1.0000000e+000  1.0000000e+000  1.0000000e+000  1.0000000e+000  1.0000000e+000  1.0000000e+000  1.0000000e+000  1.0000000e+000  1.0000000e+000  1.0000000e+000  1.0000000e+000  1.0000000e+000  1.0000000e+000  1.0000000e+000  1.0000000e+000  1.0000000e+000  1.0000000e+000  1.0000000e+000  1.0000000e+000  1.0000000e+000  1.0000000e+000  1.0000000e+000  1.0000000e+000  1.0000000e+000  1.0000000e+000  1.0000000e+000  1.0000000e+000  1.0000000e+000  1.0000000e+000  1.0000000e+000  1.0000000e+000  1.0000000e+000  1.0000000e+000  1.0000000e+000  1.0000000e+000  1.0000000e+000  1.0000000e+000  1.0000000e+000  1.0000000e+000  1.0000000e+000  1.0000000e+000  1.0000000e+000  1.0000000e+000  1.0000000e+000  1.0000000e+000  1.0000000e+000  1.0000000e+000  1.0000000e+000  1.0000000e+000  1.0000000e+000  1.0000000e+000  1.0000000e+000  1.0000000e+000  1.0000000e+000  1.0000000e+000  1.0000000e+000  1.0000000e+000  1.0000000e+000  1.0000000e+000  1.0000000e+000  1.0000000e+000  1.0000000e+000  1.0000000e+000  1.0000000e+000  1.0000000e+000  1.0000000e+000  1.0000000e+000  1.0000000e+000  1.0000000e+000  1.0000000e+000  1.0000000e+000  1.0000000e+000  1.0000000e+000  1.0000000e+000  1.0000000e+000  1.0000000e+000  1.0000000e+000  1.0000000e+000  1.0000000e+000  1.0000000e+000  1.0000000e+000  1.0000000e+000  1.0000000e+000  1.0000000e+000  1.0000000e+000  1.0000000e+000  1.0000000e+000  1.0000000e+000  1.0000000e+000  1.0000000e+000  1.0000000e+000  1.0000000e+000  1.0000000e+000  1.0000000e+000  1.0000000e+000  1.0000000e+000  1.0000000e+000  1.0000000e+000  1.0000000e+000  1.0000000e+000  1.0000000e+000  1.0000000e+000  1.0000000e+000  1.0000000e+000  1.0000000e+000  1.0000000e+000  1.0000000e+000  1.0000000e+000  1.0000000e+000  1.0000000e+000  1.0000000e+000  1.0000000e+000  1.0000000e+000  1.0000000e+000  1.0000000e+000  1.0000000e+000  1.0000000e+000  1.0000000e+000  1.0000000e+000  1.0000000e+000  1.0000000e+000  1.0000000e+000  1.0000000e+000  1.0000000e+000  1.0000000e+000  1.0000000e+000  1.0000000e+000  1.0000000e+000  1.0000000e+000  1.0000000e+000  1.0000000e+000  1.0000000e+000  1.0000000e+000  1.0000000e+000  1.0000000e+000  1.0000000e+000  1.0000000e+000  1.0000000e+000  1.0000000e+000  1.0000000e+000  1.0000000e+000  1.0000000e+000  1.0000000e+000  1.0000000e+000  1.0000000e+000  1.0000000e+000  1.0000000e+000  1.0000000e+000  1.0000000e+000  1.0000000e+000  1.0000000e+000  1.0000000e+000  1.0000000e+000  1.0000000e+000  1.0000000e+000  1.0000000e+000  1.0000000e+000  1.0000000e+000  1.0000000e+000  1.0000000e+000  1.0000000e+000
  1.0000000e+000  1.0000000e+000  1.0000000e+000  1.0000000e+000  1.0000000e+000  1.0000000e+000  1.0000000e+000  1.0000000e+000  1.0000000e+000  1.0000000e+000  1.0000000e+000  1.0000000e+000  1.0000000e+000  1.0000000e+000  1.0000000e+000  1.0000000e+000  1.0000000e+000  1.0000000e+000  1.0000000e+000  1.0000000e+000  1.0000000e+000  1.0000000e+000  1.0000000e+000  1.0000000e+000  1.0000000e+000  1.0000000e+000  1.0000000e+000  1.0000000e+000  1.0000000e+000  1.0000000e+000  1.0000000e+000  1.0000000e+000  1.0000000e+000  1.0000000e+000  1.0000000e+000  1.0000000e+000  1.0000000e+000  1.0000000e+000  1.0000000e+000  1.0000000e+000  1.0000000e+000  1.0000000e+000  1.0000000e+000  1.0000000e+000  1.0000000e+000  1.0000000e+000  1.0000000e+000  1.0000000e+000  1.0000000e+000  1.0000000e+000  1.0000000e+000  1.0000000e+000  1.0000000e+000  1.0000000e+000  1.0000000e+000  1.0000000e+000  1.0000000e+000  1.0000000e+000  1.0000000e+000  1.0000000e+000  1.0000000e+000  1.0000000e+000  1.0000000e+000  1.0000000e+000  1.0000000e+000  1.0000000e+000  1.0000000e+000  1.0000000e+000  1.0000000e+000  1.0000000e+000  1.0000000e+000  1.0000000e+000  1.0000000e+000  1.0000000e+000  1.0000000e+000  1.0000000e+000  1.0000000e+000  1.0000000e+000  1.0000000e+000  1.0000000e+000  1.0000000e+000  1.0000000e+000  1.0000000e+000  1.0000000e+000  1.0000000e+000  1.0000000e+000  1.0000000e+000  1.0000000e+000  1.0000000e+000  1.0000000e+000  1.0000000e+000  1.0000000e+000  1.0000000e+000  1.0000000e+000  1.0000000e+000  1.0000000e+000  1.0000000e+000  1.0000000e+000  1.0000000e+000  1.0000000e+000  1.0000000e+000  1.0000000e+000  1.0000000e+000  1.0000000e+000  1.0000000e+000  1.0000000e+000  1.0000000e+000  1.0000000e+000  1.0000000e+000  1.0000000e+000  1.0000000e+000  1.0000000e+000  1.0000000e+000  1.0000000e+000  1.0000000e+000  1.0000000e+000  1.0000000e+000  1.0000000e+000  1.0000000e+000  1.0000000e+000  1.0000000e+000  1.0000000e+000  1.0000000e+000  1.0000000e+000  1.0000000e+000  1.0000000e+000  1.0000000e+000  1.0000000e+000  1.0000000e+000  1.0000000e+000  1.0000000e+000  1.0000000e+000  1.0000000e+000  1.0000000e+000  1.0000000e+000  1.0000000e+000  1.0000000e+000  1.0000000e+000  1.0000000e+000  1.0000000e+000  1.0000000e+000  1.0000000e+000  1.0000000e+000  1.0000000e+000  1.0000000e+000  1.0000000e+000  1.0000000e+000  1.0000000e+000  1.0000000e+000  1.0000000e+000  1.0000000e+000  1.0000000e+000  1.0000000e+000  1.0000000e+000  1.0000000e+000  1.0000000e+000  1.0000000e+000  1.0000000e+000  1.0000000e+000  1.0000000e+000  1.0000000e+000  1.0000000e+000  1.0000000e+000  1.0000000e+000  1.0000000e+000  1.0000000e+000  1.0000000e+000  1.0000000e+000  1.0000000e+000  1.0000000e+000  1.0000000e+000  1.0000000e+000  1.0000000e+000  1.0000000e+000  1.0000000e+000  1.0000000e+000  1.0000000e+000  1.0000000e+000  1.0000000e+000  1.0000000e+000  1.0000000e+000  1.0000000e+000  1.0000000e+000  1.0000000e+000  1.0000000e+000  1.0000000e+000  1.0000000e+000  1.0000000e+000  1.0000000e+000  1.0000000e+000  1.0000000e+000  1.0000000e+000  1.0000000e+000  1.0000000e+000  1.0000000e+000  1.0000000e+000  1.0000000e+000  1.0000000e+000  1.0000000e+000  1.0000000e+000  1.0000000e+000  1.0000000e+000  1.0000000e+000  1.0000000e+000  1.0000000e+000  1.0000000e+000  1.0000000e+000  1.0000000e+000  1.0000000e+000  1.0000000e+000  1.0000000e+000  1.0000000e+000  1.0000000e+000  1.0000000e+000  1.0000000e+000  1.0000000e+000  1.0000000e+000  1.0000000e+000  1.0000000e+000  1.0000000e+000  1.0000000e+000  1.0000000e+000  1.0000000e+000  1.0000000e+000  1.0000000e+000  1.0000000e+000  1.0000000e+000  1.0000000e+000  1.0000000e+000  1.0000000e+000  1.0000000e+000  1.0000000e+000  1.0000000e+000  1.0000000e+000  1.0000000e+000  1.0000000e+000  1.0000000e+000  1.0000000e+000  1.0000000e+000  1.0000000e+000  1.0000000e+000  1.0000000e+000  1.0000000e+000  1.0000000e+000  1.0000000e+000  1.0000000e+000  1.0000000e+000  1.0000000e+000  1.0000000e+000  1.0000000e+000  1.0000000e+000  1.0000000e+000  1.0000000e+000  1.0000000e+000  1.0000000e+000  1.0000000e+000
  1.0000000e+000  1.0000000e+000  1.0000000e+000  1.0000000e+000  1.0000000e+000  1.0000000e+000  1.0000000e+000  1.0000000e+000  1.0000000e+000  1.0000000e+000  1.0000000e+000  1.0000000e+000  1.0000000e+000  1.0000000e+000  1.0000000e+000  1.0000000e+000  1.0000000e+000  1.0000000e+000  1.0000000e+000  1.0000000e+000  1.0000000e+000  1.0000000e+000  1.0000000e+000  1.0000000e+000  1.0000000e+000  1.0000000e+000  1.0000000e+000  1.0000000e+000  1.0000000e+000  1.0000000e+000  1.0000000e+000  1.0000000e+000  1.0000000e+000  1.0000000e+000  1.0000000e+000  1.0000000e+000  1.0000000e+000  1.0000000e+000  1.0000000e+000  1.0000000e+000  1.0000000e+000  1.0000000e+000  1.0000000e+000  1.0000000e+000  1.0000000e+000  1.0000000e+000  1.0000000e+000  1.0000000e+000  1.0000000e+000  1.0000000e+000  1.0000000e+000  1.0000000e+000  1.0000000e+000  1.0000000e+000  1.0000000e+000  1.0000000e+000  1.0000000e+000  1.0000000e+000  1.0000000e+000  1.0000000e+000  1.0000000e+000  1.0000000e+000  1.0000000e+000  1.0000000e+000  1.0000000e+000  1.0000000e+000  1.0000000e+000  1.0000000e+000  1.0000000e+000  1.0000000e+000  1.0000000e+000  1.0000000e+000  1.0000000e+000  1.0000000e+000  1.0000000e+000  1.0000000e+000  1.0000000e+000  1.0000000e+000  1.0000000e+000  1.0000000e+000  1.0000000e+000  1.0000000e+000  1.0000000e+000  1.0000000e+000  1.0000000e+000  1.0000000e+000  1.0000000e+000  1.0000000e+000  1.0000000e+000  1.0000000e+000  1.0000000e+000  1.0000000e+000  1.0000000e+000  1.0000000e+000  1.0000000e+000  1.0000000e+000  1.0000000e+000  1.0000000e+000  1.0000000e+000  1.0000000e+000  1.0000000e+000  1.0000000e+000  1.0000000e+000  1.0000000e+000  1.0000000e+000  1.0000000e+000  1.0000000e+000  1.0000000e+000  1.0000000e+000  1.0000000e+000  1.0000000e+000  1.0000000e+000  1.0000000e+000  1.0000000e+000  1.0000000e+000  1.0000000e+000  1.0000000e+000  1.0000000e+000  1.0000000e+000  1.0000000e+000  1.0000000e+000  1.0000000e+000  1.0000000e+000  1.0000000e+000  1.0000000e+000  1.0000000e+000  1.0000000e+000  1.0000000e+000  1.0000000e+000  1.0000000e+000  1.0000000e+000  1.0000000e+000  1.0000000e+000  1.0000000e+000  1.0000000e+000  1.0000000e+000  1.0000000e+000  1.0000000e+000  1.0000000e+000  1.0000000e+000  1.0000000e+000  1.0000000e+000  1.0000000e+000  1.0000000e+000  1.0000000e+000  1.0000000e+000  1.0000000e+000  1.0000000e+000  1.0000000e+000  1.0000000e+000  1.0000000e+000  1.0000000e+000  1.0000000e+000  1.0000000e+000  1.0000000e+000  1.0000000e+000  1.0000000e+000  1.0000000e+000  1.0000000e+000  1.0000000e+000  1.0000000e+000  1.0000000e+000  1.0000000e+000  1.0000000e+000  1.0000000e+000  1.0000000e+000  1.0000000e+000  1.0000000e+000  1.0000000e+000  1.0000000e+000  1.0000000e+000  1.0000000e+000  1.0000000e+000  1.0000000e+000  1.0000000e+000  1.0000000e+000  1.0000000e+000  1.0000000e+000  1.0000000e+000  1.0000000e+000  1.0000000e+000  1.0000000e+000  1.0000000e+000  1.0000000e+000  1.0000000e+000  1.0000000e+000  1.0000000e+000  1.0000000e+000  1.0000000e+000  1.0000000e+000  1.0000000e+000  1.0000000e+000  1.0000000e+000  1.0000000e+000  1.0000000e+000  1.0000000e+000  1.0000000e+000  1.0000000e+000  1.0000000e+000  1.0000000e+000  1.0000000e+000  1.0000000e+000  1.0000000e+000  1.0000000e+000  1.0000000e+000  1.0000000e+000  1.0000000e+000  1.0000000e+000  1.0000000e+000  1.0000000e+000  1.0000000e+000  1.0000000e+000  1.0000000e+000  1.0000000e+000  1.0000000e+000  1.0000000e+000  1.0000000e+000  1.0000000e+000  1.0000000e+000  1.0000000e+000  1.0000000e+000  1.0000000e+000  1.0000000e+000  1.0000000e+000  1.0000000e+000  1.0000000e+000  1.0000000e+000  1.0000000e+000  1.0000000e+000  1.0000000e+000  1.0000000e+000  1.0000000e+000  1.0000000e+000  1.0000000e+000  1.0000000e+000  1.0000000e+000  1.0000000e+000  1.0000000e+000  1.0000000e+000  1.0000000e+000  1.0000000e+000  1.0000000e+000  1.0000000e+000  1.0000000e+000  1.0000000e+000  1.0000000e+000  1.0000000e+000  1.0000000e+000  1.0000000e+000  1.0000000e+000  1.0000000e+000  1.0000000e+000  1.0000000e+000  1.0000000e+000  1.0000000e+000  1.0000000e+000
  1.0000000e+000  1.0000000e+000  1.0000000e+000  1.0000000e+000  1.0000000e+000  1.0000000e+000  1.0000000e+000  1.0000000e+000  1.0000000e+000  1.0000000e+000  1.0000000e+000  1.0000000e+000  1.0000000e+000  1.0000000e+000  1.0000000e+000  1.0000000e+000  1.0000000e+000  1.0000000e+000  1.0000000e+000  1.0000000e+000  1.0000000e+000  1.0000000e+000  1.0000000e+000  1.0000000e+000  1.0000000e+000  1.0000000e+000  1.0000000e+000  1.0000000e+000  1.0000000e+000  1.0000000e+000  1.0000000e+000  1.0000000e+000  1.0000000e+000  1.0000000e+000  1.0000000e+000  1.0000000e+000  1.0000000e+000  1.0000000e+000  1.0000000e+000  1.0000000e+000  1.0000000e+000  1.0000000e+000  1.0000000e+000  1.0000000e+000  1.0000000e+000  1.0000000e+000  1.0000000e+000  1.0000000e+000  1.0000000e+000  1.0000000e+000  1.0000000e+000  1.0000000e+000  1.0000000e+000  1.0000000e+000  1.0000000e+000  1.0000000e+000  1.0000000e+000  1.0000000e+000  1.0000000e+000  1.0000000e+000  1.0000000e+000  1.0000000e+000  1.0000000e+000  1.0000000e+000  1.0000000e+000  1.0000000e+000  1.0000000e+000  1.0000000e+000  1.0000000e+000  1.0000000e+000  1.0000000e+000  1.0000000e+000  1.0000000e+000  1.0000000e+000  1.0000000e+000  1.0000000e+000  1.0000000e+000  1.0000000e+000  1.0000000e+000  1.0000000e+000  1.0000000e+000  1.0000000e+000  1.0000000e+000  1.0000000e+000  1.0000000e+000  1.0000000e+000  1.0000000e+000  1.0000000e+000  1.0000000e+000  1.0000000e+000  1.0000000e+000  1.0000000e+000  1.0000000e+000  1.0000000e+000  1.0000000e+000  1.0000000e+000  1.0000000e+000  1.0000000e+000  1.0000000e+000  1.0000000e+000  1.0000000e+000  1.0000000e+000  1.0000000e+000  1.0000000e+000  1.0000000e+000  1.0000000e+000  1.0000000e+000  1.0000000e+000  1.0000000e+000  1.0000000e+000  1.0000000e+000  1.0000000e+000  1.0000000e+000  1.0000000e+000  1.0000000e+000  1.0000000e+000  1.0000000e+000  1.0000000e+000  1.0000000e+000  1.0000000e+000  1.0000000e+000  1.0000000e+000  1.0000000e+000  1.0000000e+000  1.0000000e+000  1.0000000e+000  1.0000000e+000  1.0000000e+000  1.0000000e+000  1.0000000e+000  1.0000000e+000  1.0000000e+000  1.0000000e+000  1.0000000e+000  1.0000000e+000  1.0000000e+000  1.0000000e+000  1.0000000e+000  1.0000000e+000  1.0000000e+000  1.0000000e+000  1.0000000e+000  1.0000000e+000  1.0000000e+000  1.0000000e+000  1.0000000e+000  1.0000000e+000  1.0000000e+000  1.0000000e+000  1.0000000e+000  1.0000000e+000  1.0000000e+000  1.0000000e+000  1.0000000e+000  1.0000000e+000  1.0000000e+000  1.0000000e+000  1.0000000e+000  1.0000000e+000  1.0000000e+000  1.0000000e+000  1.0000000e+000  1.0000000e+000  1.0000000e+000  1.0000000e+000  1.0000000e+000  1.0000000e+000  1.0000000e+000  1.0000000e+000  1.0000000e+000  1.0000000e+000  1.0000000e+000  1.0000000e+000  1.0000000e+000  1.0000000e+000  1.0000000e+000  1.0000000e+000  1.0000000e+000  1.0000000e+000  1.0000000e+000  1.0000000e+000  1.0000000e+000  1.0000000e+000  1.0000000e+000  1.0000000e+000  1.0000000e+000  1.0000000e+000  1.0000000e+000  1.0000000e+000  1.0000000e+000  1.0000000e+000  1.0000000e+000  1.0000000e+000  1.0000000e+000  1.0000000e+000  1.0000000e+000  1.0000000e+000  1.0000000e+000  1.0000000e+000  1.0000000e+000  1.0000000e+000  1.0000000e+000  1.0000000e+000  1.0000000e+000  1.0000000e+000  1.0000000e+000  1.0000000e+000  1.0000000e+000  1.0000000e+000  1.0000000e+000  1.0000000e+000  1.0000000e+000  1.0000000e+000  1.0000000e+000  1.0000000e+000  1.0000000e+000  1.0000000e+000  1.0000000e+000  1.0000000e+000  1.0000000e+000  1.0000000e+000  1.0000000e+000  1.0000000e+000  1.0000000e+000  1.0000000e+000  1.0000000e+000  1.0000000e+000  1.0000000e+000  1.0000000e+000  1.0000000e+000  1.0000000e+000  1.0000000e+000  1.0000000e+000  1.0000000e+000  1.0000000e+000  1.0000000e+000  1.0000000e+000  1.0000000e+000  1.0000000e+000  1.0000000e+000  1.0000000e+000  1.0000000e+000  1.0000000e+000  1.0000000e+000  1.0000000e+000  1.0000000e+000  1.0000000e+000  1.0000000e+000  1.0000000e+000  1.0000000e+000  1.0000000e+000  1.0000000e+000  1.0000000e+000  1.0000000e+000  1.0000000e+000  1.0000000e+000
  1.0000000e+000  1.0000000e+000  1.0000000e+000  1.0000000e+000  1.0000000e+000  1.0000000e+000  1.0000000e+000  1.0000000e+000  1.0000000e+000  1.0000000e+000  1.0000000e+000  1.0000000e+000  1.0000000e+000  1.0000000e+000  1.0000000e+000  1.0000000e+000  1.0000000e+000  1.0000000e+000  1.0000000e+000  1.0000000e+000  1.0000000e+000  1.0000000e+000  1.0000000e+000  1.0000000e+000  1.0000000e+000  1.0000000e+000  1.0000000e+000  1.0000000e+000  1.0000000e+000  1.0000000e+000  1.0000000e+000  1.0000000e+000  1.0000000e+000  1.0000000e+000  1.0000000e+000  1.0000000e+000  1.0000000e+000  1.0000000e+000  1.0000000e+000  1.0000000e+000  1.0000000e+000  1.0000000e+000  1.0000000e+000  1.0000000e+000  1.0000000e+000  1.0000000e+000  1.0000000e+000  1.0000000e+000  1.0000000e+000  1.0000000e+000  1.0000000e+000  1.0000000e+000  1.0000000e+000  1.0000000e+000  1.0000000e+000  1.0000000e+000  1.0000000e+000  1.0000000e+000  1.0000000e+000  1.0000000e+000  1.0000000e+000  1.0000000e+000  1.0000000e+000  1.0000000e+000  1.0000000e+000  1.0000000e+000  1.0000000e+000  1.0000000e+000  1.0000000e+000  1.0000000e+000  1.0000000e+000  1.0000000e+000  1.0000000e+000  1.0000000e+000  1.0000000e+000  1.0000000e+000  1.0000000e+000  1.0000000e+000  1.0000000e+000  1.0000000e+000  1.0000000e+000  1.0000000e+000  1.0000000e+000  1.0000000e+000  1.0000000e+000  1.0000000e+000  1.0000000e+000  1.0000000e+000  1.0000000e+000  1.0000000e+000  1.0000000e+000  1.0000000e+000  1.0000000e+000  1.0000000e+000  1.0000000e+000  1.0000000e+000  1.0000000e+000  1.0000000e+000  1.0000000e+000  1.0000000e+000  1.0000000e+000  1.0000000e+000  1.0000000e+000  1.0000000e+000  1.0000000e+000  1.0000000e+000  1.0000000e+000  1.0000000e+000  1.0000000e+000  1.0000000e+000  1.0000000e+000  1.0000000e+000  1.0000000e+000  1.0000000e+000  1.0000000e+000  1.0000000e+000  1.0000000e+000  1.0000000e+000  1.0000000e+000  1.0000000e+000  1.0000000e+000  1.0000000e+000  1.0000000e+000  1.0000000e+000  1.0000000e+000  1.0000000e+000  1.0000000e+000  1.0000000e+000  1.0000000e+000  1.0000000e+000  1.0000000e+000  1.0000000e+000  1.0000000e+000  1.0000000e+000  1.0000000e+000  1.0000000e+000  1.0000000e+000  1.0000000e+000  1.0000000e+000  1.0000000e+000  1.0000000e+000  1.0000000e+000  1.0000000e+000  1.0000000e+000  1.0000000e+000  1.0000000e+000  1.0000000e+000  1.0000000e+000  1.0000000e+000  1.0000000e+000  1.0000000e+000  1.0000000e+000  1.0000000e+000  1.0000000e+000  1.0000000e+000  1.0000000e+000  1.0000000e+000  1.0000000e+000  1.0000000e+000  1.0000000e+000  1.0000000e+000  1.0000000e+000  1.0000000e+000  1.0000000e+000  1.0000000e+000  1.0000000e+000  1.0000000e+000  1.0000000e+000  1.0000000e+000  1.0000000e+000  1.0000000e+000  1.0000000e+000  1.0000000e+000  1.0000000e+000  1.0000000e+000  1.0000000e+000  1.0000000e+000  1.0000000e+000  1.0000000e+000  1.0000000e+000  1.0000000e+000  1.0000000e+000  1.0000000e+000  1.0000000e+000  1.0000000e+000  1.0000000e+000  1.0000000e+000  1.0000000e+000  1.0000000e+000  1.0000000e+000  1.0000000e+000  1.0000000e+000  1.0000000e+000  1.0000000e+000  1.0000000e+000  1.0000000e+000  1.0000000e+000  1.0000000e+000  1.0000000e+000  1.0000000e+000  1.0000000e+000  1.0000000e+000  1.0000000e+000  1.0000000e+000  1.0000000e+000  1.0000000e+000  1.0000000e+000  1.0000000e+000  1.0000000e+000  1.0000000e+000  1.0000000e+000  1.0000000e+000  1.0000000e+000  1.0000000e+000  1.0000000e+000  1.0000000e+000  1.0000000e+000  1.0000000e+000  1.0000000e+000  1.0000000e+000  1.0000000e+000  1.0000000e+000  1.0000000e+000  1.0000000e+000  1.0000000e+000  1.0000000e+000  1.0000000e+000  1.0000000e+000  1.0000000e+000  1.0000000e+000  1.0000000e+000  1.0000000e+000  1.0000000e+000  1.0000000e+000  1.0000000e+000  1.0000000e+000  1.0000000e+000  1.0000000e+000  1.0000000e+000  1.0000000e+000  1.0000000e+000  1.0000000e+000  1.0000000e+000  1.0000000e+000  1.0000000e+000  1.0000000e+000  1.0000000e+000  1.0000000e+000  1.0000000e+000  1.0000000e+000  1.0000000e+000  1.0000000e+000  1.0000000e+000  1.0000000e+000  1.0000000e+000  1.0000000e+000
  1.0000000e+000  1.0000000e+000  1.0000000e+000  1.0000000e+000  1.0000000e+000  1.0000000e+000  1.0000000e+000  1.0000000e+000  1.0000000e+000  1.0000000e+000  1.0000000e+000  1.0000000e+000  1.0000000e+000  1.0000000e+000  1.0000000e+000  1.0000000e+000  1.0000000e+000  1.0000000e+000  1.0000000e+000  1.0000000e+000  1.0000000e+000  1.0000000e+000  1.0000000e+000  1.0000000e+000  1.0000000e+000  1.0000000e+000  1.0000000e+000  1.0000000e+000  1.0000000e+000  1.0000000e+000  1.0000000e+000  1.0000000e+000  1.0000000e+000  1.0000000e+000  1.0000000e+000  1.0000000e+000  1.0000000e+000  1.0000000e+000  1.0000000e+000  1.0000000e+000  1.0000000e+000  1.0000000e+000  1.0000000e+000  1.0000000e+000  1.0000000e+000  1.0000000e+000  1.0000000e+000  1.0000000e+000  1.0000000e+000  1.0000000e+000  1.0000000e+000  1.0000000e+000  1.0000000e+000  1.0000000e+000  1.0000000e+000  1.0000000e+000  1.0000000e+000  1.0000000e+000  1.0000000e+000  1.0000000e+000  1.0000000e+000  1.0000000e+000  1.0000000e+000  1.0000000e+000  1.0000000e+000  1.0000000e+000  1.0000000e+000  1.0000000e+000  1.0000000e+000  1.0000000e+000  1.0000000e+000  1.0000000e+000  1.0000000e+000  1.0000000e+000  1.0000000e+000  1.0000000e+000  1.0000000e+000  1.0000000e+000  1.0000000e+000  1.0000000e+000  1.0000000e+000  1.0000000e+000  1.0000000e+000  1.0000000e+000  1.0000000e+000  1.0000000e+000  1.0000000e+000  1.0000000e+000  1.0000000e+000  1.0000000e+000  1.0000000e+000  1.0000000e+000  1.0000000e+000  1.0000000e+000  1.0000000e+000  1.0000000e+000  1.0000000e+000  1.0000000e+000  1.0000000e+000  1.0000000e+000  1.0000000e+000  1.0000000e+000  1.0000000e+000  1.0000000e+000  1.0000000e+000  1.0000000e+000  1.0000000e+000  1.0000000e+000  1.0000000e+000  1.0000000e+000  1.0000000e+000  1.0000000e+000  1.0000000e+000  1.0000000e+000  1.0000000e+000  1.0000000e+000  1.0000000e+000  1.0000000e+000  1.0000000e+000  1.0000000e+000  1.0000000e+000  1.0000000e+000  1.0000000e+000  1.0000000e+000  1.0000000e+000  1.0000000e+000  1.0000000e+000  1.0000000e+000  1.0000000e+000  1.0000000e+000  1.0000000e+000  1.0000000e+000  1.0000000e+000  1.0000000e+000  1.0000000e+000  1.0000000e+000  1.0000000e+000  1.0000000e+000  1.0000000e+000  1.0000000e+000  1.0000000e+000  1.0000000e+000  1.0000000e+000  1.0000000e+000  1.0000000e+000  1.0000000e+000  1.0000000e+000  1.0000000e+000  1.0000000e+000  1.0000000e+000  1.0000000e+000  1.0000000e+000  1.0000000e+000  1.0000000e+000  1.0000000e+000  1.0000000e+000  1.0000000e+000  1.0000000e+000  1.0000000e+000  1.0000000e+000  1.0000000e+000  1.0000000e+000  1.0000000e+000  1.0000000e+000  1.0000000e+000  1.0000000e+000  1.0000000e+000  1.0000000e+000  1.0000000e+000  1.0000000e+000  1.0000000e+000  1.0000000e+000  1.0000000e+000  1.0000000e+000  1.0000000e+000  1.0000000e+000  1.0000000e+000  1.0000000e+000  1.0000000e+000  1.0000000e+000  1.0000000e+000  1.0000000e+000  1.0000000e+000  1.0000000e+000  1.0000000e+000  1.0000000e+000  1.0000000e+000  1.0000000e+000  1.0000000e+000  1.0000000e+000  1.0000000e+000  1.0000000e+000  1.0000000e+000  1.0000000e+000  1.0000000e+000  1.0000000e+000  1.0000000e+000  1.0000000e+000  1.0000000e+000  1.0000000e+000  1.0000000e+000  1.0000000e+000  1.0000000e+000  1.0000000e+000  1.0000000e+000  1.0000000e+000  1.0000000e+000  1.0000000e+000  1.0000000e+000  1.0000000e+000  1.0000000e+000  1.0000000e+000  1.0000000e+000  1.0000000e+000  1.0000000e+000  1.0000000e+000  1.0000000e+000  1.0000000e+000  1.0000000e+000  1.0000000e+000  1.0000000e+000  1.0000000e+000  1.0000000e+000  1.0000000e+000  1.0000000e+000  1.0000000e+000  1.0000000e+000  1.0000000e+000  1.0000000e+000  1.0000000e+000  1.0000000e+000  1.0000000e+000  1.0000000e+000  1.0000000e+000  1.0000000e+000  1.0000000e+000  1.0000000e+000  1.0000000e+000  1.0000000e+000  1.0000000e+000  1.0000000e+000  1.0000000e+000  1.0000000e+000  1.0000000e+000  1.0000000e+000  1.0000000e+000  1.0000000e+000  1.0000000e+000  1.0000000e+000  1.0000000e+000  1.0000000e+000  1.0000000e+000  1.0000000e+000  1.0000000e+000  1.0000000e+000  1.0000000e+000
  1.0000000e+000  1.0000000e+000  1.0000000e+000  1.0000000e+000  1.0000000e+000  1.0000000e+000  1.0000000e+000  1.0000000e+000  1.0000000e+000  1.0000000e+000  1.0000000e+000  1.0000000e+000  1.0000000e+000  1.0000000e+000  1.0000000e+000  1.0000000e+000  1.0000000e+000  1.0000000e+000  1.0000000e+000  1.0000000e+000  1.0000000e+000  1.0000000e+000  1.0000000e+000  1.0000000e+000  1.0000000e+000  1.0000000e+000  1.0000000e+000  1.0000000e+000  1.0000000e+000  1.0000000e+000  1.0000000e+000  1.0000000e+000  1.0000000e+000  1.0000000e+000  1.0000000e+000  1.0000000e+000  1.0000000e+000  1.0000000e+000  1.0000000e+000  1.0000000e+000  1.0000000e+000  1.0000000e+000  1.0000000e+000  1.0000000e+000  1.0000000e+000  1.0000000e+000  1.0000000e+000  1.0000000e+000  1.0000000e+000  1.0000000e+000  1.0000000e+000  1.0000000e+000  1.0000000e+000  1.0000000e+000  1.0000000e+000  1.0000000e+000  1.0000000e+000  1.0000000e+000  1.0000000e+000  1.0000000e+000  1.0000000e+000  1.0000000e+000  1.0000000e+000  1.0000000e+000  1.0000000e+000  1.0000000e+000  1.0000000e+000  1.0000000e+000  1.0000000e+000  1.0000000e+000  1.0000000e+000  1.0000000e+000  1.0000000e+000  1.0000000e+000  1.0000000e+000  1.0000000e+000  1.0000000e+000  1.0000000e+000  1.0000000e+000  1.0000000e+000  1.0000000e+000  1.0000000e+000  1.0000000e+000  1.0000000e+000  1.0000000e+000  1.0000000e+000  1.0000000e+000  1.0000000e+000  1.0000000e+000  1.0000000e+000  1.0000000e+000  1.0000000e+000  1.0000000e+000  1.0000000e+000  1.0000000e+000  1.0000000e+000  1.0000000e+000  1.0000000e+000  1.0000000e+000  1.0000000e+000  1.0000000e+000  1.0000000e+000  1.0000000e+000  1.0000000e+000  1.0000000e+000  1.0000000e+000  1.0000000e+000  1.0000000e+000  1.0000000e+000  1.0000000e+000  1.0000000e+000  1.0000000e+000  1.0000000e+000  1.0000000e+000  1.0000000e+000  1.0000000e+000  1.0000000e+000  1.0000000e+000  1.0000000e+000  1.0000000e+000  1.0000000e+000  1.0000000e+000  1.0000000e+000  1.0000000e+000  1.0000000e+000  1.0000000e+000  1.0000000e+000  1.0000000e+000  1.0000000e+000  1.0000000e+000  1.0000000e+000  1.0000000e+000  1.0000000e+000  1.0000000e+000  1.0000000e+000  1.0000000e+000  1.0000000e+000  1.0000000e+000  1.0000000e+000  1.0000000e+000  1.0000000e+000  1.0000000e+000  1.0000000e+000  1.0000000e+000  1.0000000e+000  1.0000000e+000  1.0000000e+000  1.0000000e+000  1.0000000e+000  1.0000000e+000  1.0000000e+000  1.0000000e+000  1.0000000e+000  1.0000000e+000  1.0000000e+000  1.0000000e+000  1.0000000e+000  1.0000000e+000  1.0000000e+000  1.0000000e+000  1.0000000e+000  1.0000000e+000  1.0000000e+000  1.0000000e+000  1.0000000e+000  1.0000000e+000  1.0000000e+000  1.0000000e+000  1.0000000e+000  1.0000000e+000  1.0000000e+000  1.0000000e+000  1.0000000e+000  1.0000000e+000  1.0000000e+000  1.0000000e+000  1.0000000e+000  1.0000000e+000  1.0000000e+000  1.0000000e+000  1.0000000e+000  1.0000000e+000  1.0000000e+000  1.0000000e+000  1.0000000e+000  1.0000000e+000  1.0000000e+000  1.0000000e+000  1.0000000e+000  1.0000000e+000  1.0000000e+000  1.0000000e+000  1.0000000e+000  1.0000000e+000  1.0000000e+000  1.0000000e+000  1.0000000e+000  1.0000000e+000  1.0000000e+000  1.0000000e+000  1.0000000e+000  1.0000000e+000  1.0000000e+000  1.0000000e+000  1.0000000e+000  1.0000000e+000  1.0000000e+000  1.0000000e+000  1.0000000e+000  1.0000000e+000  1.0000000e+000  1.0000000e+000  1.0000000e+000  1.0000000e+000  1.0000000e+000  1.0000000e+000  1.0000000e+000  1.0000000e+000  1.0000000e+000  1.0000000e+000  1.0000000e+000  1.0000000e+000  1.0000000e+000  1.0000000e+000  1.0000000e+000  1.0000000e+000  1.0000000e+000  1.0000000e+000  1.0000000e+000  1.0000000e+000  1.0000000e+000  1.0000000e+000  1.0000000e+000  1.0000000e+000  1.0000000e+000  1.0000000e+000  1.0000000e+000  1.0000000e+000  1.0000000e+000  1.0000000e+000  1.0000000e+000  1.0000000e+000  1.0000000e+000  1.0000000e+000  1.0000000e+000  1.0000000e+000  1.0000000e+000  1.0000000e+000  1.0000000e+000  1.0000000e+000  1.0000000e+000  1.0000000e+000  1.0000000e+000  1.0000000e+000  1.0000000e+000  1.0000000e+000
  1.0000000e+000  1.0000000e+000  1.0000000e+000  1.0000000e+000  1.0000000e+000  1.0000000e+000  1.0000000e+000  1.0000000e+000  1.0000000e+000  1.0000000e+000  1.0000000e+000  1.0000000e+000  1.0000000e+000  1.0000000e+000  1.0000000e+000  1.0000000e+000  1.0000000e+000  1.0000000e+000  1.0000000e+000  1.0000000e+000  1.0000000e+000  1.0000000e+000  1.0000000e+000  1.0000000e+000  1.0000000e+000  1.0000000e+000  1.0000000e+000  1.0000000e+000  1.0000000e+000  1.0000000e+000  1.0000000e+000  1.0000000e+000  1.0000000e+000  1.0000000e+000  1.0000000e+000  1.0000000e+000  1.0000000e+000  1.0000000e+000  1.0000000e+000  1.0000000e+000  1.0000000e+000  1.0000000e+000  1.0000000e+000  1.0000000e+000  1.0000000e+000  1.0000000e+000  1.0000000e+000  1.0000000e+000  1.0000000e+000  1.0000000e+000  1.0000000e+000  1.0000000e+000  1.0000000e+000  1.0000000e+000  1.0000000e+000  1.0000000e+000  1.0000000e+000  1.0000000e+000  1.0000000e+000  1.0000000e+000  1.0000000e+000  1.0000000e+000  1.0000000e+000  1.0000000e+000  1.0000000e+000  1.0000000e+000  1.0000000e+000  1.0000000e+000  1.0000000e+000  1.0000000e+000  1.0000000e+000  1.0000000e+000  1.0000000e+000  1.0000000e+000  1.0000000e+000  1.0000000e+000  1.0000000e+000  1.0000000e+000  1.0000000e+000  1.0000000e+000  1.0000000e+000  1.0000000e+000  1.0000000e+000  1.0000000e+000  1.0000000e+000  1.0000000e+000  1.0000000e+000  1.0000000e+000  1.0000000e+000  1.0000000e+000  1.0000000e+000  1.0000000e+000  1.0000000e+000  1.0000000e+000  1.0000000e+000  1.0000000e+000  1.0000000e+000  1.0000000e+000  1.0000000e+000  1.0000000e+000  1.0000000e+000  1.0000000e+000  1.0000000e+000  1.0000000e+000  1.0000000e+000  1.0000000e+000  1.0000000e+000  1.0000000e+000  1.0000000e+000  1.0000000e+000  1.0000000e+000  1.0000000e+000  1.0000000e+000  1.0000000e+000  1.0000000e+000  1.0000000e+000  1.0000000e+000  1.0000000e+000  1.0000000e+000  1.0000000e+000  1.0000000e+000  1.0000000e+000  1.0000000e+000  1.0000000e+000  1.0000000e+000  1.0000000e+000  1.0000000e+000  1.0000000e+000  1.0000000e+000  1.0000000e+000  1.0000000e+000  1.0000000e+000  1.0000000e+000  1.0000000e+000  1.0000000e+000  1.0000000e+000  1.0000000e+000  1.0000000e+000  1.0000000e+000  1.0000000e+000  1.0000000e+000  1.0000000e+000  1.0000000e+000  1.0000000e+000  1.0000000e+000  1.0000000e+000  1.0000000e+000  1.0000000e+000  1.0000000e+000  1.0000000e+000  1.0000000e+000  1.0000000e+000  1.0000000e+000  1.0000000e+000  1.0000000e+000  1.0000000e+000  1.0000000e+000  1.0000000e+000  1.0000000e+000  1.0000000e+000  1.0000000e+000  1.0000000e+000  1.0000000e+000  1.0000000e+000  1.0000000e+000  1.0000000e+000  1.0000000e+000  1.0000000e+000  1.0000000e+000  1.0000000e+000  1.0000000e+000  1.0000000e+000  1.0000000e+000  1.0000000e+000  1.0000000e+000  1.0000000e+000  1.0000000e+000  1.0000000e+000  1.0000000e+000  1.0000000e+000  1.0000000e+000  1.0000000e+000  1.0000000e+000  1.0000000e+000  1.0000000e+000  1.0000000e+000  1.0000000e+000  1.0000000e+000  1.0000000e+000  1.0000000e+000  1.0000000e+000  1.0000000e+000  1.0000000e+000  1.0000000e+000  1.0000000e+000  1.0000000e+000  1.0000000e+000  1.0000000e+000  1.0000000e+000  1.0000000e+000  1.0000000e+000  1.0000000e+000  1.0000000e+000  1.0000000e+000  1.0000000e+000  1.0000000e+000  1.0000000e+000  1.0000000e+000  1.0000000e+000  1.0000000e+000  1.0000000e+000  1.0000000e+000  1.0000000e+000  1.0000000e+000  1.0000000e+000  1.0000000e+000  1.0000000e+000  1.0000000e+000  1.0000000e+000  1.0000000e+000  1.0000000e+000  1.0000000e+000  1.0000000e+000  1.0000000e+000  1.0000000e+000  1.0000000e+000  1.0000000e+000  1.0000000e+000  1.0000000e+000  1.0000000e+000  1.0000000e+000  1.0000000e+000  1.0000000e+000  1.0000000e+000  1.0000000e+000  1.0000000e+000  1.0000000e+000  1.0000000e+000  1.0000000e+000  1.0000000e+000  1.0000000e+000  1.0000000e+000  1.0000000e+000  1.0000000e+000  1.0000000e+000  1.0000000e+000  1.0000000e+000  1.0000000e+000  1.0000000e+000  1.0000000e+000  1.0000000e+000  1.0000000e+000  1.0000000e+000  1.0000000e+000  1.0000000e+000  1.0000000e+000
  1.0000000e+000  1.0000000e+000  1.0000000e+000  1.0000000e+000  1.0000000e+000  1.0000000e+000  1.0000000e+000  1.0000000e+000  1.0000000e+000  1.0000000e+000  1.0000000e+000  1.0000000e+000  1.0000000e+000  1.0000000e+000  1.0000000e+000  1.0000000e+000  1.0000000e+000  1.0000000e+000  1.0000000e+000  1.0000000e+000  1.0000000e+000  1.0000000e+000  1.0000000e+000  1.0000000e+000  1.0000000e+000  1.0000000e+000  1.0000000e+000  1.0000000e+000  1.0000000e+000  1.0000000e+000  1.0000000e+000  1.0000000e+000  1.0000000e+000  1.0000000e+000  1.0000000e+000  1.0000000e+000  1.0000000e+000  1.0000000e+000  1.0000000e+000  1.0000000e+000  1.0000000e+000  1.0000000e+000  1.0000000e+000  1.0000000e+000  1.0000000e+000  1.0000000e+000  1.0000000e+000  1.0000000e+000  1.0000000e+000  1.0000000e+000  1.0000000e+000  1.0000000e+000  1.0000000e+000  1.0000000e+000  1.0000000e+000  1.0000000e+000  1.0000000e+000  1.0000000e+000  1.0000000e+000  1.0000000e+000  1.0000000e+000  1.0000000e+000  1.0000000e+000  1.0000000e+000  1.0000000e+000  1.0000000e+000  1.0000000e+000  1.0000000e+000  1.0000000e+000  1.0000000e+000  1.0000000e+000  1.0000000e+000  1.0000000e+000  1.0000000e+000  1.0000000e+000  1.0000000e+000  1.0000000e+000  1.0000000e+000  1.0000000e+000  1.0000000e+000  1.0000000e+000  1.0000000e+000  1.0000000e+000  1.0000000e+000  1.0000000e+000  1.0000000e+000  1.0000000e+000  1.0000000e+000  1.0000000e+000  1.0000000e+000  1.0000000e+000  1.0000000e+000  1.0000000e+000  1.0000000e+000  1.0000000e+000  1.0000000e+000  1.0000000e+000  1.0000000e+000  1.0000000e+000  1.0000000e+000  1.0000000e+000  1.0000000e+000  1.0000000e+000  1.0000000e+000  1.0000000e+000  1.0000000e+000  1.0000000e+000  1.0000000e+000  1.0000000e+000  1.0000000e+000  1.0000000e+000  1.0000000e+000  1.0000000e+000  1.0000000e+000  1.0000000e+000  1.0000000e+000  1.0000000e+000  1.0000000e+000  1.0000000e+000  1.0000000e+000  1.0000000e+000  1.0000000e+000  1.0000000e+000  1.0000000e+000  1.0000000e+000  1.0000000e+000  1.0000000e+000  1.0000000e+000  1.0000000e+000  1.0000000e+000  1.0000000e+000  1.0000000e+000  1.0000000e+000  1.0000000e+000  1.0000000e+000  1.0000000e+000  1.0000000e+000  1.0000000e+000  1.0000000e+000  1.0000000e+000  1.0000000e+000  1.0000000e+000  1.0000000e+000  1.0000000e+000  1.0000000e+000  1.0000000e+000  1.0000000e+000  1.0000000e+000  1.0000000e+000  1.0000000e+000  1.0000000e+000  1.0000000e+000  1.0000000e+000  1.0000000e+000  1.0000000e+000  1.0000000e+000  1.0000000e+000  1.0000000e+000  1.0000000e+000  1.0000000e+000  1.0000000e+000  1.0000000e+000  1.0000000e+000  1.0000000e+000  1.0000000e+000  1.0000000e+000  1.0000000e+000  1.0000000e+000  1.0000000e+000  1.0000000e+000  1.0000000e+000  1.0000000e+000  1.0000000e+000  1.0000000e+000  1.0000000e+000  1.0000000e+000  1.0000000e+000  1.0000000e+000  1.0000000e+000  1.0000000e+000  1.0000000e+000  1.0000000e+000  1.0000000e+000  1.0000000e+000  1.0000000e+000  1.0000000e+000  1.0000000e+000  1.0000000e+000  1.0000000e+000  1.0000000e+000  1.0000000e+000  1.0000000e+000  1.0000000e+000  1.0000000e+000  1.0000000e+000  1.0000000e+000  1.0000000e+000  1.0000000e+000  1.0000000e+000  1.0000000e+000  1.0000000e+000  1.0000000e+000  1.0000000e+000  1.0000000e+000  1.0000000e+000  1.0000000e+000  1.0000000e+000  1.0000000e+000  1.0000000e+000  1.0000000e+000  1.0000000e+000  1.0000000e+000  1.0000000e+000  1.0000000e+000  1.0000000e+000  1.0000000e+000  1.0000000e+000  1.0000000e+000  1.0000000e+000  1.0000000e+000  1.0000000e+000  1.0000000e+000  1.0000000e+000  1.0000000e+000  1.0000000e+000  1.0000000e+000  1.0000000e+000  1.0000000e+000  1.0000000e+000  1.0000000e+000  1.0000000e+000  1.0000000e+000  1.0000000e+000  1.0000000e+000  1.0000000e+000  1.0000000e+000  1.0000000e+000  1.0000000e+000  1.0000000e+000  1.0000000e+000  1.0000000e+000  1.0000000e+000  1.0000000e+000  1.0000000e+000  1.0000000e+000  1.0000000e+000  1.0000000e+000  1.0000000e+000  1.0000000e+000  1.0000000e+000  1.0000000e+000  1.0000000e+000  1.0000000e+000  1.0000000e+000  1.0000000e+000  1.0000000e+000
  1.0000000e+000  1.0000000e+000  1.0000000e+000  1.0000000e+000  1.0000000e+000  1.0000000e+000  1.0000000e+000  1.0000000e+000  1.0000000e+000  1.0000000e+000  1.0000000e+000  1.0000000e+000  1.0000000e+000  1.0000000e+000  1.0000000e+000  1.0000000e+000  1.0000000e+000  1.0000000e+000  1.0000000e+000  1.0000000e+000  1.0000000e+000  1.0000000e+000  1.0000000e+000  1.0000000e+000  1.0000000e+000  1.0000000e+000  1.0000000e+000  1.0000000e+000  1.0000000e+000  1.0000000e+000  1.0000000e+000  1.0000000e+000  1.0000000e+000  1.0000000e+000  1.0000000e+000  1.0000000e+000  1.0000000e+000  1.0000000e+000  1.0000000e+000  1.0000000e+000  1.0000000e+000  1.0000000e+000  1.0000000e+000  1.0000000e+000  1.0000000e+000  1.0000000e+000  1.0000000e+000  1.0000000e+000  1.0000000e+000  1.0000000e+000  1.0000000e+000  1.0000000e+000  1.0000000e+000  1.0000000e+000  1.0000000e+000  1.0000000e+000  1.0000000e+000  1.0000000e+000  1.0000000e+000  1.0000000e+000  1.0000000e+000  1.0000000e+000  1.0000000e+000  1.0000000e+000  1.0000000e+000  1.0000000e+000  1.0000000e+000  1.0000000e+000  1.0000000e+000  1.0000000e+000  1.0000000e+000  1.0000000e+000  1.0000000e+000  1.0000000e+000  1.0000000e+000  1.0000000e+000  1.0000000e+000  1.0000000e+000  1.0000000e+000  1.0000000e+000  1.0000000e+000  1.0000000e+000  1.0000000e+000  1.0000000e+000  1.0000000e+000  1.0000000e+000  1.0000000e+000  1.0000000e+000  1.0000000e+000  1.0000000e+000  1.0000000e+000  1.0000000e+000  1.0000000e+000  1.0000000e+000  1.0000000e+000  1.0000000e+000  1.0000000e+000  1.0000000e+000  1.0000000e+000  1.0000000e+000  1.0000000e+000  1.0000000e+000  1.0000000e+000  1.0000000e+000  1.0000000e+000  1.0000000e+000  1.0000000e+000  1.0000000e+000  1.0000000e+000  1.0000000e+000  1.0000000e+000  1.0000000e+000  1.0000000e+000  1.0000000e+000  1.0000000e+000  1.0000000e+000  1.0000000e+000  1.0000000e+000  1.0000000e+000  1.0000000e+000  1.0000000e+000  1.0000000e+000  1.0000000e+000  1.0000000e+000  1.0000000e+000  1.0000000e+000  1.0000000e+000  1.0000000e+000  1.0000000e+000  1.0000000e+000  1.0000000e+000  1.0000000e+000  1.0000000e+000  1.0000000e+000  1.0000000e+000  1.0000000e+000  1.0000000e+000  1.0000000e+000  1.0000000e+000  1.0000000e+000  1.0000000e+000  1.0000000e+000  1.0000000e+000  1.0000000e+000  1.0000000e+000  1.0000000e+000  1.0000000e+000  1.0000000e+000  1.0000000e+000  1.0000000e+000  1.0000000e+000  1.0000000e+000  1.0000000e+000  1.0000000e+000  1.0000000e+000  1.0000000e+000  1.0000000e+000  1.0000000e+000  1.0000000e+000  1.0000000e+000  1.0000000e+000  1.0000000e+000  1.0000000e+000  1.0000000e+000  1.0000000e+000  1.0000000e+000  1.0000000e+000  1.0000000e+000  1.0000000e+000  1.0000000e+000  1.0000000e+000  1.0000000e+000  1.0000000e+000  1.0000000e+000  1.0000000e+000  1.0000000e+000  1.0000000e+000  1.0000000e+000  1.0000000e+000  1.0000000e+000  1.0000000e+000  1.0000000e+000  1.0000000e+000  1.0000000e+000  1.0000000e+000  1.0000000e+000  1.0000000e+000  1.0000000e+000  1.0000000e+000  1.0000000e+000  1.0000000e+000  1.0000000e+000  1.0000000e+000  1.0000000e+000  1.0000000e+000  1.0000000e+000  1.0000000e+000  1.0000000e+000  1.0000000e+000  1.0000000e+000  1.0000000e+000  1.0000000e+000  1.0000000e+000  1.0000000e+000  1.0000000e+000  1.0000000e+000  1.0000000e+000  1.0000000e+000  1.0000000e+000  1.0000000e+000  1.0000000e+000  1.0000000e+000  1.0000000e+000  1.0000000e+000  1.0000000e+000  1.0000000e+000  1.0000000e+000  1.0000000e+000  1.0000000e+000  1.0000000e+000  1.0000000e+000  1.0000000e+000  1.0000000e+000  1.0000000e+000  1.0000000e+000  1.0000000e+000  1.0000000e+000  1.0000000e+000  1.0000000e+000  1.0000000e+000  1.0000000e+000  1.0000000e+000  1.0000000e+000  1.0000000e+000  1.0000000e+000  1.0000000e+000  1.0000000e+000  1.0000000e+000  1.0000000e+000  1.0000000e+000  1.0000000e+000  1.0000000e+000  1.0000000e+000  1.0000000e+000  1.0000000e+000  1.0000000e+000  1.0000000e+000  1.0000000e+000  1.0000000e+000  1.0000000e+000  1.0000000e+000  1.0000000e+000  1.0000000e+000  1.0000000e+000  1.0000000e+000  1.0000000e+000
  1.0000000e+000  1.0000000e+000  1.0000000e+000  1.0000000e+000  1.0000000e+000  1.0000000e+000  1.0000000e+000  1.0000000e+000  1.0000000e+000  1.0000000e+000  1.0000000e+000  1.0000000e+000  1.0000000e+000  1.0000000e+000  1.0000000e+000  1.0000000e+000  1.0000000e+000  1.0000000e+000  1.0000000e+000  1.0000000e+000  1.0000000e+000  1.0000000e+000  1.0000000e+000  1.0000000e+000  1.0000000e+000  1.0000000e+000  1.0000000e+000  1.0000000e+000  1.0000000e+000  1.0000000e+000  1.0000000e+000  1.0000000e+000  1.0000000e+000  1.0000000e+000  1.0000000e+000  1.0000000e+000  1.0000000e+000  1.0000000e+000  1.0000000e+000  1.0000000e+000  1.0000000e+000  1.0000000e+000  1.0000000e+000  1.0000000e+000  1.0000000e+000  1.0000000e+000  1.0000000e+000  1.0000000e+000  1.0000000e+000  1.0000000e+000  1.0000000e+000  1.0000000e+000  1.0000000e+000  1.0000000e+000  1.0000000e+000  1.0000000e+000  1.0000000e+000  1.0000000e+000  1.0000000e+000  1.0000000e+000  1.0000000e+000  1.0000000e+000  1.0000000e+000  1.0000000e+000  1.0000000e+000  1.0000000e+000  1.0000000e+000  1.0000000e+000  1.0000000e+000  1.0000000e+000  1.0000000e+000  1.0000000e+000  1.0000000e+000  1.0000000e+000  1.0000000e+000  1.0000000e+000  1.0000000e+000  1.0000000e+000  1.0000000e+000  1.0000000e+000  1.5000000e+000  1.5000000e+000  1.0000000e+000  1.0000000e+000  1.0000000e+000  1.0000000e+000  1.0000000e+000  1.0000000e+000  1.0000000e+000  1.0000000e+000  1.0000000e+000  1.0000000e+000  1.0000000e+000  1.0000000e+000  1.0000000e+000  1.0000000e+000  1.0000000e+000  1.0000000e+000  1.0000000e+000  1.0000000e+000  1.0000000e+000  1.0000000e+000  1.0000000e+000  1.0000000e+000  1.0000000e+000  1.0000000e+000  1.0000000e+000  1.0000000e+000  1.0000000e+000  1.0000000e+000  1.0000000e+000  1.0000000e+000  1.0000000e+000  1.0000000e+000  1.0000000e+000  1.0000000e+000  1.0000000e+000  1.0000000e+000  1.0000000e+000  1.0000000e+000  1.0000000e+000  1.0000000e+000  1.0000000e+000  1.0000000e+000  1.0000000e+000  1.0000000e+000  1.0000000e+000  1.0000000e+000  1.0000000e+000  1.0000000e+000  1.0000000e+000  1.0000000e+000  1.0000000e+000  1.0000000e+000  1.0000000e+000  1.0000000e+000  1.0000000e+000  1.0000000e+000  1.0000000e+000  1.0000000e+000  1.0000000e+000  1.0000000e+000  1.0000000e+000  1.0000000e+000  1.0000000e+000  1.0000000e+000  1.0000000e+000  1.0000000e+000  1.0000000e+000  1.0000000e+000  1.0000000e+000  1.0000000e+000  1.0000000e+000  1.0000000e+000  1.0000000e+000  1.0000000e+000  1.0000000e+000  1.0000000e+000  1.0000000e+000  1.0000000e+000  1.0000000e+000  1.0000000e+000  1.0000000e+000  1.0000000e+000  1.0000000e+000  1.0000000e+000  1.0000000e+000  1.0000000e+000  1.0000000e+000  1.0000000e+000  1.0000000e+000  1.0000000e+000  1.0000000e+000  1.0000000e+000  1.0000000e+000  1.0000000e+000  1.0000000e+000  1.0000000e+000  1.0000000e+000  1.0000000e+000  1.0000000e+000  1.0000000e+000  1.0000000e+000  1.0000000e+000  1.0000000e+000  1.0000000e+000  1.0000000e+000  1.0000000e+000  1.0000000e+000  1.0000000e+000  1.0000000e+000  1.0000000e+000  1.0000000e+000  1.0000000e+000  1.0000000e+000  1.0000000e+000  1.0000000e+000  1.0000000e+000  1.0000000e+000  1.0000000e+000  1.0000000e+000  1.0000000e+000  1.0000000e+000  1.0000000e+000  1.0000000e+000  1.0000000e+000  1.0000000e+000  1.0000000e+000  1.0000000e+000  1.0000000e+000  1.0000000e+000  1.0000000e+000  1.0000000e+000  1.0000000e+000  1.0000000e+000  1.0000000e+000  1.0000000e+000  1.0000000e+000  1.0000000e+000  1.0000000e+000  1.0000000e+000  1.0000000e+000  1.0000000e+000  1.0000000e+000  1.0000000e+000  1.0000000e+000  1.0000000e+000  1.0000000e+000  1.0000000e+000  1.0000000e+000  1.0000000e+000  1.0000000e+000  1.0000000e+000  1.0000000e+000  1.0000000e+000  1.0000000e+000  1.0000000e+000  1.0000000e+000  1.0000000e+000  1.0000000e+000  1.0000000e+000  1.0000000e+000  1.0000000e+000  1.0000000e+000  1.0000000e+000  1.0000000e+000  1.0000000e+000  1.0000000e+000  1.0000000e+000  1.0000000e+000  1.0000000e+000  1.0000000e+000  1.0000000e+000  1.0000000e+000  1.0000000e+000  1.0000000e+000
  1.0000000e+000  1.0000000e+000  1.0000000e+000  1.5000000e+000  1.0000000e+000  1.0000000e+000  1.0000000e+000  1.0000000e+000  1.0000000e+000  1.0000000e+000  1.0000000e+000  1.0000000e+000  1.0000000e+000  1.0000000e+000  1.0000000e+000  1.0000000e+000  1.0000000e+000  1.0000000e+000  1.0000000e+000  1.0000000e+000  1.0000000e+000  1.0000000e+000  1.0000000e+000  1.0000000e+000  1.0000000e+000  1.0000000e+000  1.0000000e+000  1.0000000e+000  1.0000000e+000  1.0000000e+000  1.0000000e+000  1.0000000e+000  1.0000000e+000  1.0000000e+000  1.0000000e+000  1.0000000e+000  1.0000000e+000  1.0000000e+000  1.0000000e+000  1.0000000e+000  1.0000000e+000  1.0000000e+000  1.0000000e+000  1.0000000e+000  1.0000000e+000  1.0000000e+000  1.0000000e+000  1.0000000e+000  1.0000000e+000  1.0000000e+000  1.0000000e+000  1.0000000e+000  1.0000000e+000  1.0000000e+000  1.0000000e+000  1.0000000e+000  1.0000000e+000  1.0000000e+000  1.0000000e+000  1.0000000e+000  1.0000000e+000  1.0000000e+000  1.0000000e+000  1.0000000e+000  1.0000000e+000  1.0000000e+000  1.0000000e+000  1.0000000e+000  1.0000000e+000  1.0000000e+000  1.0000000e+000  1.0000000e+000  1.0000000e+000  1.0000000e+000  1.0000000e+000  1.0000000e+000  1.0000000e+000  1.0000000e+000  1.0000000e+000  1.5000000e+000  1.5000000e+000  1.5000000e+000  1.5000000e+000  1.0000000e+000  1.0000000e+000  1.0000000e+000  1.0000000e+000  1.0000000e+000  1.0000000e+000  1.0000000e+000  1.0000000e+000  1.0000000e+000  1.0000000e+000  1.0000000e+000  1.0000000e+000  1.0000000e+000  1.0000000e+000  1.0000000e+000  1.0000000e+000  1.0000000e+000  1.0000000e+000  1.0000000e+000  1.0000000e+000  1.0000000e+000  1.0000000e+000  1.0000000e+000  1.0000000e+000  1.0000000e+000  1.0000000e+000  1.0000000e+000  1.0000000e+000  1.0000000e+000  1.0000000e+000  1.0000000e+000  1.0000000e+000  1.0000000e+000  1.0000000e+000  1.0000000e+000  1.0000000e+000  1.0000000e+000  1.0000000e+000  1.0000000e+000  1.0000000e+000  1.0000000e+000  1.0000000e+000  1.0000000e+000  1.0000000e+000  1.0000000e+000  1.0000000e+000  1.0000000e+000  1.0000000e+000  1.0000000e+000  1.0000000e+000  1.0000000e+000  1.0000000e+000  1.0000000e+000  1.0000000e+000  1.0000000e+000  1.0000000e+000  1.0000000e+000  1.0000000e+000  1.0000000e+000  1.0000000e+000  1.0000000e+000  1.0000000e+000  1.0000000e+000  1.0000000e+000  1.0000000e+000  1.0000000e+000  1.0000000e+000  1.0000000e+000  1.0000000e+000  1.0000000e+000  1.0000000e+000  1.0000000e+000  1.0000000e+000  1.0000000e+000  1.0000000e+000  1.0000000e+000  1.0000000e+000  1.0000000e+000  1.0000000e+000  1.0000000e+000  1.0000000e+000  1.0000000e+000  1.0000000e+000  1.0000000e+000  1.0000000e+000  1.0000000e+000  1.0000000e+000  1.0000000e+000  1.0000000e+000  1.0000000e+000  1.0000000e+000  1.0000000e+000  1.0000000e+000  1.0000000e+000  1.0000000e+000  1.0000000e+000  1.0000000e+000  1.0000000e+000  1.0000000e+000  1.0000000e+000  1.0000000e+000  1.0000000e+000  1.0000000e+000  1.0000000e+000  1.0000000e+000  1.0000000e+000  1.0000000e+000  1.0000000e+000  1.0000000e+000  1.0000000e+000  1.0000000e+000  1.0000000e+000  1.0000000e+000  1.0000000e+000  1.0000000e+000  1.0000000e+000  1.0000000e+000  1.0000000e+000  1.0000000e+000  1.0000000e+000  1.0000000e+000  1.0000000e+000  1.0000000e+000  1.0000000e+000  1.0000000e+000  1.0000000e+000  1.0000000e+000  1.0000000e+000  1.0000000e+000  1.0000000e+000  1.0000000e+000  1.0000000e+000  1.0000000e+000  1.0000000e+000  1.0000000e+000  1.0000000e+000  1.0000000e+000  1.0000000e+000  1.0000000e+000  1.0000000e+000  1.0000000e+000  1.0000000e+000  1.0000000e+000  1.0000000e+000  1.0000000e+000  1.0000000e+000  1.0000000e+000  1.0000000e+000  1.0000000e+000  1.0000000e+000  1.0000000e+000  1.0000000e+000  1.0000000e+000  1.0000000e+000  1.0000000e+000  1.0000000e+000  1.0000000e+000  1.0000000e+000  1.0000000e+000  1.0000000e+000  1.0000000e+000  1.0000000e+000  1.0000000e+000  1.0000000e+000  1.0000000e+000  1.0000000e+000  1.0000000e+000  1.0000000e+000  1.0000000e+000  1.0000000e+000  1.0000000e+000  1.0000000e+000  1.0000000e+000
  1.0000000e+000  1.0000000e+000  1.0000000e+000  1.0000000e+000  1.0000000e+000  1.0000000e+000  1.0000000e+000  1.0000000e+000  1.0000000e+000  1.0000000e+000  1.0000000e+000  1.0000000e+000  1.0000000e+000  1.0000000e+000  1.0000000e+000  1.0000000e+000  1.0000000e+000  1.0000000e+000  1.0000000e+000  1.0000000e+000  1.0000000e+000  1.0000000e+000  1.0000000e+000  1.0000000e+000  1.0000000e+000  1.0000000e+000  1.0000000e+000  1.0000000e+000  1.0000000e+000  1.0000000e+000  1.0000000e+000  1.0000000e+000  1.0000000e+000  1.0000000e+000  1.0000000e+000  1.0000000e+000  1.0000000e+000  1.0000000e+000  1.0000000e+000  1.0000000e+000  1.0000000e+000  1.0000000e+000  1.0000000e+000  1.0000000e+000  1.0000000e+000  1.0000000e+000  1.0000000e+000  1.0000000e+000  1.0000000e+000  1.0000000e+000  1.0000000e+000  1.0000000e+000  1.0000000e+000  1.0000000e+000  1.0000000e+000  1.0000000e+000  1.0000000e+000  1.0000000e+000  1.0000000e+000  1.0000000e+000  1.0000000e+000  1.0000000e+000  1.0000000e+000  1.0000000e+000  1.0000000e+000  1.0000000e+000  1.0000000e+000  1.0000000e+000  1.0000000e+000  1.0000000e+000  1.0000000e+000  1.0000000e+000  1.0000000e+000  1.0000000e+000  1.0000000e+000  1.0000000e+000  1.0000000e+000  1.0000000e+000  1.0000000e+000  1.0000000e+000  1.0000000e+000  1.5000000e+000  1.5000000e+000  1.0000000e+000  1.0000000e+000  1.0000000e+000  1.0000000e+000  1.0000000e+000  1.0000000e+000  1.0000000e+000  1.0000000e+000  1.0000000e+000  1.0000000e+000  1.0000000e+000  1.0000000e+000  1.0000000e+000  1.0000000e+000  1.0000000e+000  1.0000000e+000  1.0000000e+000  1.0000000e+000  1.0000000e+000  1.0000000e+000  1.0000000e+000  1.0000000e+000  1.0000000e+000  1.0000000e+000  1.0000000e+000  1.0000000e+000  1.0000000e+000  1.0000000e+000  1.0000000e+000  1.0000000e+000  1.0000000e+000  1.0000000e+000  1.0000000e+000  1.0000000e+000  1.0000000e+000  1.0000000e+000  1.0000000e+000  1.0000000e+000  1.0000000e+000  1.0000000e+000  1.0000000e+000  1.0000000e+000  1.0000000e+000  1.0000000e+000  1.0000000e+000  1.0000000e+000  1.0000000e+000  1.0000000e+000  1.0000000e+000  1.0000000e+000  1.0000000e+000  1.0000000e+000  1.0000000e+000  1.0000000e+000  1.0000000e+000  1.0000000e+000  1.0000000e+000  1.0000000e+000  1.0000000e+000  1.0000000e+000  1.0000000e+000  1.0000000e+000  1.0000000e+000  1.0000000e+000  1.0000000e+000  1.0000000e+000  1.0000000e+000  1.0000000e+000  1.0000000e+000  1.0000000e+000  1.0000000e+000  1.0000000e+000  1.0000000e+000  1.0000000e+000  1.0000000e+000  1.0000000e+000  1.0000000e+000  1.0000000e+000  1.0000000e+000  1.0000000e+000  1.0000000e+000  1.0000000e+000  1.0000000e+000  1.0000000e+000  1.0000000e+000  1.0000000e+000  1.0000000e+000  1.0000000e+000  1.0000000e+000  1.0000000e+000  1.0000000e+000  1.0000000e+000  1.0000000e+000  1.0000000e+000  1.0000000e+000  1.0000000e+000  1.0000000e+000  1.0000000e+000  1.0000000e+000  1.0000000e+000  1.0000000e+000  1.0000000e+000  1.0000000e+000  1.0000000e+000  1.0000000e+000  1.0000000e+000  1.0000000e+000  1.0000000e+000  1.0000000e+000  1.0000000e+000  1.0000000e+000  1.0000000e+000  1.0000000e+000  1.0000000e+000  1.0000000e+000  1.0000000e+000  1.0000000e+000  1.0000000e+000  1.0000000e+000  1.0000000e+000  1.0000000e+000  1.0000000e+000  1.0000000e+000  1.0000000e+000  1.0000000e+000  1.0000000e+000  1.0000000e+000  1.0000000e+000  1.0000000e+000  1.0000000e+000  1.0000000e+000  1.0000000e+000  1.0000000e+000  1.0000000e+000  1.0000000e+000  1.0000000e+000  1.0000000e+000  1.0000000e+000  1.0000000e+000  1.0000000e+000  1.0000000e+000  1.0000000e+000  1.0000000e+000  1.0000000e+000  1.0000000e+000  1.0000000e+000  1.0000000e+000  1.0000000e+000  1.0000000e+000  1.0000000e+000  1.0000000e+000  1.0000000e+000  1.0000000e+000  1.0000000e+000  1.0000000e+000  1.0000000e+000  1.0000000e+000  1.0000000e+000  1.0000000e+000  1.0000000e+000  1.0000000e+000  1.0000000e+000  1.0000000e+000  1.0000000e+000  1.0000000e+000  1.0000000e+000  1.0000000e+000  1.0000000e+000  1.0000000e+000  1.0000000e+000  1.0000000e+000  1.0000000e+000  1.0000000e+000
  1.0000000e+000  1.0000000e+000  1.0000000e+000  1.0000000e+000  1.0000000e+000  1.0000000e+000  1.0000000e+000  1.0000000e+000  1.0000000e+000  1.0000000e+000  1.0000000e+000  1.0000000e+000  1.0000000e+000  1.0000000e+000  1.0000000e+000  1.0000000e+000  1.0000000e+000  1.0000000e+000  1.0000000e+000  1.0000000e+000  1.0000000e+000  1.0000000e+000  1.0000000e+000  1.0000000e+000  1.0000000e+000  1.0000000e+000  1.0000000e+000  1.0000000e+000  1.0000000e+000  1.0000000e+000  1.0000000e+000  1.0000000e+000  1.0000000e+000  1.0000000e+000  1.0000000e+000  1.5000000e+000  1.5000000e+000  1.0000000e+000  1.0000000e+000  1.0000000e+000  1.0000000e+000  1.0000000e+000  1.0000000e+000  1.0000000e+000  1.0000000e+000  1.0000000e+000  1.0000000e+000  1.0000000e+000  1.0000000e+000  1.0000000e+000  1.0000000e+000  1.0000000e+000  1.0000000e+000  1.0000000e+000  1.0000000e+000  1.0000000e+000  1.0000000e+000  1.0000000e+000  1.0000000e+000  1.0000000e+000  1.0000000e+000  1.0000000e+000  1.0000000e+000  1.0000000e+000  1.0000000e+000  1.0000000e+000  1.0000000e+000  1.0000000e+000  1.0000000e+000  1.0000000e+000  1.0000000e+000  1.0000000e+000  1.0000000e+000  1.0000000e+000  1.0000000e+000  1.0000000e+000  1.0000000e+000  1.0000000e+000  1.0000000e+000  1.0000000e+000  1.0000000e+000  1.0000000e+000  1.0000000e+000  1.0000000e+000  1.0000000e+000  1.0000000e+000  1.0000000e+000  1.0000000e+000  1.0000000e+000  1.0000000e+000  1.0000000e+000  1.0000000e+000  1.0000000e+000  1.0000000e+000  1.0000000e+000  1.0000000e+000  1.0000000e+000  1.0000000e+000  1.0000000e+000  1.0000000e+000  1.0000000e+000  1.0000000e+000  1.0000000e+000  1.0000000e+000  1.0000000e+000  1.0000000e+000  1.0000000e+000  1.0000000e+000  1.0000000e+000  1.0000000e+000  1.0000000e+000  1.0000000e+000  1.0000000e+000  1.0000000e+000  1.0000000e+000  1.0000000e+000  1.0000000e+000  1.0000000e+000  1.0000000e+000  1.0000000e+000  1.5000000e+000  1.5000000e+000  1.0000000e+000  1.0000000e+000  1.0000000e+000  1.0000000e+000  1.0000000e+000  1.0000000e+000  1.0000000e+000  1.0000000e+000  1.0000000e+000  1.0000000e+000  1.0000000e+000  1.0000000e+000  1.0000000e+000  1.0000000e+000  1.0000000e+000  1.0000000e+000  1.0000000e+000  1.0000000e+000  1.0000000e+000  1.0000000e+000  1.0000000e+000  1.0000000e+000  1.0000000e+000  1.0000000e+000  1.0000000e+000  1.0000000e+000  1.0000000e+000  1.0000000e+000  1.0000000e+000  1.0000000e+000  1.0000000e+000  1.0000000e+000  1.0000000e+000  1.0000000e+000  1.0000000e+000  1.0000000e+000  1.0000000e+000  1.0000000e+000  1.0000000e+000  1.0000000e+000  1.0000000e+000  1.0000000e+000  1.0000000e+000  1.0000000e+000  1.0000000e+000  1.0000000e+000  1.0000000e+000  1.5000000e+000  1.5000000e+000  1.0000000e+000  1.0000000e+000  1.0000000e+000  1.0000000e+000  1.0000000e+000  1.0000000e+000  1.0000000e+000  1.0000000e+000  1.0000000e+000  1.0000000e+000  1.0000000e+000  1.0000000e+000  1.0000000e+000  1.0000000e+000  1.0000000e+000  1.0000000e+000  1.0000000e+000  1.0000000e+000  1.0000000e+000  1.0000000e+000  1.5000000e+000  1.0000000e+000  1.0000000e+000  1.0000000e+000  1.0000000e+000  1.0000000e+000  1.0000000e+000  1.0000000e+000  1.0000000e+000  1.0000000e+000  1.0000000e+000  1.0000000e+000  1.0000000e+000  1.0000000e+000  1.0000000e+000  1.0000000e+000  1.0000000e+000  1.0000000e+000  1.0000000e+000  1.0000000e+000  1.0000000e+000  1.0000000e+000  1.0000000e+000  1.0000000e+000  1.0000000e+000  1.0000000e+000  1.0000000e+000  1.0000000e+000  1.0000000e+000  1.0000000e+000  1.0000000e+000  1.0000000e+000  1.0000000e+000  1.0000000e+000  1.0000000e+000  1.0000000e+000  1.0000000e+000  1.0000000e+000  1.0000000e+000  1.0000000e+000  1.0000000e+000  1.0000000e+000  1.0000000e+000  1.0000000e+000  1.0000000e+000  1.0000000e+000  1.0000000e+000  1.0000000e+000  1.0000000e+000  1.0000000e+000  1.0000000e+000  1.0000000e+000  1.0000000e+000  1.0000000e+000  1.0000000e+000  1.0000000e+000  1.0000000e+000  1.0000000e+000  1.0000000e+000  1.0000000e+000  1.0000000e+000  1.0000000e+000  1.0000000e+000  1.0000000e+000  1.0000000e+000
  1.0000000e+000  1.0000000e+000  1.0000000e+000  1.0000000e+000  1.0000000e+000  1.0000000e+000  1.0000000e+000  1.0000000e+000  1.0000000e+000  1.0000000e+000  1.0000000e+000  1.0000000e+000  1.0000000e+000  1.0000000e+000  1.0000000e+000  1.0000000e+000  1.0000000e+000  1.0000000e+000  1.0000000e+000  1.5000000e+000  1.5000000e+000  1.5000000e+000  1.0000000e+000  1.0000000e+000  1.0000000e+000  1.0000000e+000  1.0000000e+000  1.0000000e+000  1.0000000e+000  1.0000000e+000  1.0000000e+000  1.0000000e+000  1.0000000e+000  1.0000000e+000  1.0000000e+000  1.5000000e+000  1.5000000e+000  1.5000000e+000  1.5000000e+000  1.0000000e+000  1.0000000e+000  1.0000000e+000  1.0000000e+000  1.0000000e+000  1.0000000e+000  1.0000000e+000  1.0000000e+000  1.0000000e+000  1.0000000e+000  1.0000000e+000  1.0000000e+000  1.0000000e+000  1.0000000e+000  1.0000000e+000  1.0000000e+000  1.0000000e+000  1.0000000e+000  1.0000000e+000  1.0000000e+000  1.0000000e+000  1.0000000e+000  1.0000000e+000  1.0000000e+000  1.0000000e+000  1.0000000e+000  1.0000000e+000  1.0000000e+000  1.0000000e+000  1.0000000e+000  1.0000000e+000  1.0000000e+000  1.0000000e+000  1.0000000e+000  1.0000000e+000  1.0000000e+000  1.0000000e+000  1.0000000e+000  1.0000000e+000  1.0000000e+000  1.0000000e+000  1.0000000e+000  1.0000000e+000  1.0000000e+000  1.0000000e+000  1.0000000e+000  1.0000000e+000  1.0000000e+000  1.0000000e+000  1.0000000e+000  1.0000000e+000  1.0000000e+000  1.0000000e+000  1.0000000e+000  1.0000000e+000  1.0000000e+000  1.0000000e+000  1.0000000e+000  1.0000000e+000  1.0000000e+000  1.0000000e+000  1.0000000e+000  1.0000000e+000  1.0000000e+000  1.0000000e+000  1.0000000e+000  1.0000000e+000  1.0000000e+000  1.0000000e+000  1.0000000e+000  1.0000000e+000  1.0000000e+000  1.0000000e+000  1.0000000e+000  1.0000000e+000  1.0000000e+000  1.0000000e+000  1.0000000e+000  1.0000000e+000  1.0000000e+000  1.0000000e+000  1.0000000e+000  1.0000000e+000  1.0000000e+000  1.0000000e+000  1.0000000e+000  1.0000000e+000  1.0000000e+000  1.0000000e+000  1.0000000e+000  1.0000000e+000  1.0000000e+000  1.0000000e+000  1.0000000e+000  1.0000000e+000  1.0000000e+000  1.0000000e+000  1.0000000e+000  1.0000000e+000  1.0000000e+000  1.0000000e+000  1.0000000e+000  1.0000000e+000  1.0000000e+000  1.0000000e+000  1.0000000e+000  1.0000000e+000  1.0000000e+000  1.0000000e+000  1.0000000e+000  1.0000000e+000  1.0000000e+000  1.0000000e+000  1.0000000e+000  1.0000000e+000  1.0000000e+000  1.0000000e+000  1.0000000e+000  1.0000000e+000  1.0000000e+000  1.0000000e+000  1.0000000e+000  1.0000000e+000  1.0000000e+000  1.0000000e+000  1.0000000e+000  1.0000000e+000  1.0000000e+000  1.0000000e+000  1.0000000e+000  1.5000000e+000  1.5000000e+000  1.5000000e+000  1.0000000e+000  1.0000000e+000  1.0000000e+000  1.0000000e+000  1.0000000e+000  1.0000000e+000  1.0000000e+000  1.0000000e+000  1.0000000e+000  1.0000000e+000  1.0000000e+000  1.0000000e+000  1.0000000e+000  1.0000000e+000  1.0000000e+000  1.0000000e+000  1.0000000e+000  1.0000000e+000  1.0000000e+000  1.5000000e+000  1.0000000e+000  1.0000000e+000  1.0000000e+000  1.0000000e+000  1.0000000e+000  1.0000000e+000  1.0000000e+000  1.0000000e+000  1.0000000e+000  1.0000000e+000  1.0000000e+000  1.0000000e+000  1.0000000e+000  1.0000000e+000  1.0000000e+000  1.0000000e+000  1.0000000e+000  1.0000000e+000  1.0000000e+000  1.0000000e+000  1.0000000e+000  1.0000000e+000  1.0000000e+000  1.0000000e+000  1.0000000e+000  1.0000000e+000  1.0000000e+000  1.0000000e+000  1.0000000e+000  1.0000000e+000  1.0000000e+000  1.0000000e+000  1.0000000e+000  1.0000000e+000  1.0000000e+000  1.0000000e+000  1.0000000e+000  1.0000000e+000  1.0000000e+000  1.0000000e+000  1.0000000e+000  1.0000000e+000  1.0000000e+000  1.0000000e+000  1.0000000e+000  1.0000000e+000  1.0000000e+000  1.0000000e+000  1.0000000e+000  1.0000000e+000  1.0000000e+000  1.0000000e+000  1.0000000e+000  1.0000000e+000  1.0000000e+000  1.0000000e+000  1.0000000e+000  1.0000000e+000  1.0000000e+000  1.0000000e+000  1.0000000e+000  1.0000000e+000  1.0000000e+000  1.0000000e+000
  1.0000000e+000  1.0000000e+000  1.0000000e+000  1.0000000e+000  1.0000000e+000  1.0000000e+000  1.0000000e+000  1.0000000e+000  1.0000000e+000  1.0000000e+000  1.0000000e+000  1.0000000e+000  1.0000000e+000  1.0000000e+000  1.0000000e+000  1.0000000e+000  1.0000000e+000  1.0000000e+000  1.0000000e+000  1.5000000e+000  1.5000000e+000  1.5000000e+000  1.0000000e+000  1.0000000e+000  1.0000000e+000  1.0000000e+000  1.0000000e+000  1.0000000e+000  1.0000000e+000  1.0000000e+000  1.0000000e+000  1.0000000e+000  1.0000000e+000  1.0000000e+000  1.0000000e+000  1.0000000e+000  1.0000000e+000  1.0000000e+000  1.0000000e+000  1.0000000e+000  1.0000000e+000  1.0000000e+000  1.0000000e+000  1.0000000e+000  1.0000000e+000  1.0000000e+000  1.0000000e+000  1.0000000e+000  1.0000000e+000  1.0000000e+000  1.0000000e+000  1.0000000e+000  1.0000000e+000  1.0000000e+000  1.0000000e+000  1.0000000e+000  1.0000000e+000  1.0000000e+000  1.0000000e+000  1.0000000e+000  1.0000000e+000  1.0000000e+000  1.0000000e+000  1.0000000e+000  1.0000000e+000  1.0000000e+000  1.0000000e+000  1.0000000e+000  1.0000000e+000  1.0000000e+000  1.0000000e+000  1.0000000e+000  1.0000000e+000  1.0000000e+000  1.0000000e+000  1.0000000e+000  1.0000000e+000  1.0000000e+000  1.0000000e+000  1.0000000e+000  1.0000000e+000  1.0000000e+000  1.0000000e+000  1.0000000e+000  1.0000000e+000  1.0000000e+000  1.0000000e+000  1.0000000e+000  1.0000000e+000  1.0000000e+000  1.0000000e+000  1.0000000e+000  1.0000000e+000  1.0000000e+000  1.5000000e+000  1.5000000e+000  1.0000000e+000  1.0000000e+000  1.0000000e+000  1.0000000e+000  1.0000000e+000  1.0000000e+000  1.0000000e+000  1.0000000e+000  1.0000000e+000  1.0000000e+000  1.0000000e+000  1.0000000e+000  1.0000000e+000  1.0000000e+000  1.0000000e+000  1.0000000e+000  1.0000000e+000  1.0000000e+000  1.0000000e+000  1.0000000e+000  1.0000000e+000  1.0000000e+000  1.0000000e+000  1.0000000e+000  1.0000000e+000  1.0000000e+000  1.0000000e+000  1.0000000e+000  1.0000000e+000  1.0000000e+000  1.0000000e+000  1.0000000e+000  1.0000000e+000  1.0000000e+000  1.0000000e+000  1.0000000e+000  1.0000000e+000  1.0000000e+000  1.0000000e+000  1.0000000e+000  1.0000000e+000  1.0000000e+000  1.0000000e+000  1.0000000e+000  1.0000000e+000  1.0000000e+000  1.0000000e+000  1.0000000e+000  1.0000000e+000  1.0000000e+000  1.0000000e+000  1.0000000e+000  1.0000000e+000  1.0000000e+000  1.0000000e+000  1.0000000e+000  1.0000000e+000  1.0000000e+000  1.0000000e+000  1.0000000e+000  1.0000000e+000  1.0000000e+000  1.0000000e+000  1.0000000e+000  1.0000000e+000  1.0000000e+000  1.0000000e+000  1.0000000e+000  1.0000000e+000  1.0000000e+000  1.0000000e+000  1.0000000e+000  1.0000000e+000  1.0000000e+000  1.0000000e+000  1.0000000e+000  1.0000000e+000  1.0000000e+000  1.0000000e+000  1.0000000e+000  1.0000000e+000  1.0000000e+000  1.0000000e+000  1.0000000e+000  1.0000000e+000  1.0000000e+000  1.0000000e+000  1.0000000e+000  1.0000000e+000  1.0000000e+000  1.0000000e+000  1.0000000e+000  1.0000000e+000  1.0000000e+000  1.0000000e+000  1.0000000e+000  1.0000000e+000  1.0000000e+000  1.0000000e+000  1.0000000e+000  1.0000000e+000  1.0000000e+000  1.0000000e+000  1.0000000e+000  1.0000000e+000  1.0000000e+000  1.0000000e+000  1.0000000e+000  1.0000000e+000  1.0000000e+000  1.0000000e+000  1.0000000e+000  1.0000000e+000  1.0000000e+000  1.0000000e+000  1.0000000e+000  1.0000000e+000  1.0000000e+000  1.0000000e+000  1.0000000e+000  1.0000000e+000  1.0000000e+000  1.0000000e+000  1.0000000e+000  1.0000000e+000  1.0000000e+000  1.0000000e+000  1.0000000e+000  1.0000000e+000  1.5000000e+000  1.0000000e+000  1.0000000e+000  1.0000000e+000  1.0000000e+000  1.0000000e+000  1.0000000e+000  1.0000000e+000  1.0000000e+000  1.0000000e+000  1.0000000e+000  1.0000000e+000  1.0000000e+000  1.0000000e+000  1.0000000e+000  1.0000000e+000  1.0000000e+000  1.0000000e+000  1.0000000e+000  1.0000000e+000  1.0000000e+000  1.0000000e+000  1.0000000e+000  1.0000000e+000  1.0000000e+000  1.0000000e+000  1.0000000e+000  1.0000000e+000  1.0000000e+000  1.0000000e+000  1.0000000e+000
  1.0000000e+000  1.0000000e+000  1.0000000e+000  1.0000000e+000  1.0000000e+000  1.0000000e+000  1.0000000e+000  1.0000000e+000  1.0000000e+000  1.0000000e+000  1.0000000e+000  1.0000000e+000  1.0000000e+000  1.0000000e+000  1.0000000e+000  1.0000000e+000  1.0000000e+000  1.0000000e+000  1.0000000e+000  1.0000000e+000  1.0000000e+000  1.0000000e+000  1.0000000e+000  1.0000000e+000  1.0000000e+000  1.0000000e+000  1.0000000e+000  1.0000000e+000  1.0000000e+000  1.0000000e+000  1.0000000e+000  1.0000000e+000  1.0000000e+000  1.0000000e+000  1.0000000e+000  1.0000000e+000  1.0000000e+000  1.0000000e+000  1.0000000e+000  1.0000000e+000  1.0000000e+000  1.0000000e+000  1.0000000e+000  1.0000000e+000  1.5000000e+000  1.5000000e+000  1.5000000e+000  1.5000000e+000  1.0000000e+000  1.0000000e+000  1.0000000e+000  1.0000000e+000  1.0000000e+000  1.0000000e+000  1.0000000e+000  1.0000000e+000  1.0000000e+000  1.0000000e+000  1.0000000e+000  1.0000000e+000  1.0000000e+000  1.0000000e+000  1.0000000e+000  1.0000000e+000  1.0000000e+000  1.0000000e+000  1.0000000e+000  1.0000000e+000  1.0000000e+000  1.0000000e+000  1.0000000e+000  1.0000000e+000  1.0000000e+000  1.0000000e+000  1.0000000e+000  1.0000000e+000  1.0000000e+000  1.0000000e+000  1.0000000e+000  1.0000000e+000  1.0000000e+000  1.0000000e+000  1.0000000e+000  1.0000000e+000  1.0000000e+000  1.0000000e+000  1.0000000e+000  1.0000000e+000  1.0000000e+000  1.0000000e+000  1.0000000e+000  1.0000000e+000  1.0000000e+000  1.0000000e+000  1.0000000e+000  1.0000000e+000  1.0000000e+000  1.0000000e+000  1.0000000e+000  1.0000000e+000  1.0000000e+000  1.5000000e+000  1.5000000e+000  1.0000000e+000  1.0000000e+000  1.0000000e+000  1.0000000e+000  1.0000000e+000  1.0000000e+000  1.0000000e+000  1.0000000e+000  1.0000000e+000  1.0000000e+000  1.0000000e+000  1.0000000e+000  1.0000000e+000  1.0000000e+000  1.0000000e+000  1.0000000e+000  1.0000000e+000  1.0000000e+000  1.0000000e+000  1.0000000e+000  1.0000000e+000  1.0000000e+000  1.0000000e+000  1.0000000e+000  1.0000000e+000  1.0000000e+000  1.0000000e+000  1.0000000e+000  1.0000000e+000  1.0000000e+000  1.0000000e+000  1.0000000e+000  1.0000000e+000  1.0000000e+000  1.0000000e+000  1.0000000e+000  1.0000000e+000  1.0000000e+000  1.0000000e+000  1.0000000e+000  1.0000000e+000  1.0000000e+000  1.0000000e+000  1.0000000e+000  1.0000000e+000  1.0000000e+000  1.0000000e+000  1.0000000e+000  1.0000000e+000  1.0000000e+000  1.0000000e+000  1.0000000e+000  1.0000000e+000  1.0000000e+000  1.0000000e+000  1.0000000e+000  1.0000000e+000  1.0000000e+000  1.0000000e+000  1.0000000e+000  1.0000000e+000  1.0000000e+000  1.0000000e+000  1.0000000e+000  1.0000000e+000  1.0000000e+000  1.0000000e+000  1.0000000e+000  1.0000000e+000  1.0000000e+000  1.0000000e+000  1.0000000e+000  1.0000000e+000  1.0000000e+000  1.0000000e+000  1.0000000e+000  1.0000000e+000  1.0000000e+000  1.0000000e+000  1.0000000e+000  1.0000000e+000  1.0000000e+000  1.0000000e+000  1.0000000e+000  1.0000000e+000  1.0000000e+000  1.0000000e+000  1.0000000e+000  1.0000000e+000  1.0000000e+000  1.0000000e+000  1.0000000e+000  1.0000000e+000  1.0000000e+000  1.0000000e+000  1.0000000e+000  1.0000000e+000  1.0000000e+000  1.0000000e+000  1.0000000e+000  1.0000000e+000  1.0000000e+000  1.0000000e+000  1.0000000e+000  1.0000000e+000  1.0000000e+000  1.0000000e+000  1.0000000e+000  1.0000000e+000  1.0000000e+000  1.0000000e+000  1.0000000e+000  1.0000000e+000  1.0000000e+000  1.0000000e+000  1.0000000e+000  1.0000000e+000  1.0000000e+000  1.0000000e+000  1.0000000e+000  1.0000000e+000  1.0000000e+000  1.0000000e+000  1.0000000e+000  1.0000000e+000  1.0000000e+000  1.0000000e+000  1.0000000e+000  1.0000000e+000  1.5000000e+000  1.5000000e+000  1.0000000e+000  1.0000000e+000  1.0000000e+000  1.0000000e+000  1.0000000e+000  1.0000000e+000  1.0000000e+000  1.0000000e+000  1.0000000e+000  1.0000000e+000  1.0000000e+000  1.0000000e+000  1.0000000e+000  1.0000000e+000  1.0000000e+000  1.0000000e+000  1.0000000e+000  1.0000000e+000  1.0000000e+000  1.0000000e+000  1.0000000e+000  1.0000000e+000
  1.0000000e+000  1.0000000e+000  1.0000000e+000  1.0000000e+000  1.0000000e+000  1.0000000e+000  1.0000000e+000  1.0000000e+000  1.0000000e+000  1.0000000e+000  1.0000000e+000  1.0000000e+000  1.0000000e+000  1.0000000e+000  1.0000000e+000  1.0000000e+000  1.0000000e+000  1.0000000e+000  1.0000000e+000  1.0000000e+000  1.0000000e+000  1.0000000e+000  1.0000000e+000  1.0000000e+000  1.0000000e+000  1.0000000e+000  1.0000000e+000  1.0000000e+000  1.0000000e+000  1.0000000e+000  1.0000000e+000  1.0000000e+000  1.0000000e+000  1.0000000e+000  1.0000000e+000  1.0000000e+000  1.0000000e+000  1.0000000e+000  1.0000000e+000  1.0000000e+000  1.0000000e+000  1.0000000e+000  1.0000000e+000  1.0000000e+000  1.5000000e+000  1.5000000e+000  1.5000000e+000  1.0000000e+000  1.0000000e+000  1.0000000e+000  1.0000000e+000  1.0000000e+000  1.0000000e+000  1.0000000e+000  1.0000000e+000  1.0000000e+000  1.0000000e+000  1.0000000e+000  1.0000000e+000  1.0000000e+000  1.0000000e+000  1.0000000e+000  1.0000000e+000  1.0000000e+000  1.0000000e+000  1.0000000e+000  1.0000000e+000  1.0000000e+000  1.0000000e+000  1.0000000e+000  1.0000000e+000  1.0000000e+000  1.0000000e+000  1.0000000e+000  1.0000000e+000  1.0000000e+000  1.0000000e+000  1.0000000e+000  1.0000000e+000  1.0000000e+000  1.0000000e+000  1.0000000e+000  1.0000000e+000  1.0000000e+000  1.0000000e+000  1.0000000e+000  1.0000000e+000  1.0000000e+000  1.0000000e+000  1.0000000e+000  1.0000000e+000  1.0000000e+000  1.0000000e+000  1.0000000e+000  1.0000000e+000  1.0000000e+000  1.0000000e+000  1.0000000e+000  1.0000000e+000  1.0000000e+000  1.0000000e+000  1.0000000e+000  1.0000000e+000  1.0000000e+000  1.0000000e+000  1.0000000e+000  1.0000000e+000  1.0000000e+000  1.0000000e+000  1.0000000e+000  1.0000000e+000  1.0000000e+000  1.0000000e+000  1.0000000e+000  1.0000000e+000  1.0000000e+000  1.0000000e+000  1.0000000e+000  1.0000000e+000  1.0000000e+000  1.0000000e+000  1.0000000e+000  1.0000000e+000  1.0000000e+000  1.0000000e+000  1.0000000e+000  1.0000000e+000  1.0000000e+000  1.0000000e+000  1.0000000e+000  1.0000000e+000  1.0000000e+000  1.0000000e+000  1.0000000e+000  1.0000000e+000  1.0000000e+000  1.0000000e+000  1.0000000e+000  1.0000000e+000  1.0000000e+000  1.0000000e+000  1.0000000e+000  1.0000000e+000  1.0000000e+000  1.0000000e+000  1.0000000e+000  1.0000000e+000  1.0000000e+000  1.0000000e+000  1.0000000e+000  1.0000000e+000  1.0000000e+000  1.0000000e+000  1.0000000e+000  1.0000000e+000  1.0000000e+000  1.0000000e+000  1.0000000e+000  1.0000000e+000  1.0000000e+000  1.0000000e+000  1.0000000e+000  1.0000000e+000  1.0000000e+000  1.0000000e+000  1.0000000e+000  1.0000000e+000  1.0000000e+000  1.0000000e+000  1.0000000e+000  1.0000000e+000  1.0000000e+000  1.0000000e+000  1.0000000e+000  1.0000000e+000  1.0000000e+000  1.0000000e+000  1.0000000e+000  1.0000000e+000  1.0000000e+000  1.0000000e+000  1.0000000e+000  1.0000000e+000  1.0000000e+000  1.0000000e+000  1.0000000e+000  1.0000000e+000  1.0000000e+000  1.0000000e+000  1.0000000e+000  1.0000000e+000  1.0000000e+000  1.0000000e+000  1.0000000e+000  1.0000000e+000  1.0000000e+000  1.0000000e+000  1.0000000e+000  1.0000000e+000  1.0000000e+000  1.0000000e+000  1.0000000e+000  1.0000000e+000  1.0000000e+000  1.0000000e+000  1.0000000e+000  1.0000000e+000  1.0000000e+000  1.0000000e+000  1.0000000e+000  1.0000000e+000  1.0000000e+000  1.0000000e+000  1.0000000e+000  1.0000000e+000  1.0000000e+000  1.0000000e+000  1.0000000e+000  1.0000000e+000  1.0000000e+000  1.0000000e+000  1.0000000e+000  1.0000000e+000  1.0000000e+000  1.0000000e+000  1.0000000e+000  1.0000000e+000  1.0000000e+000  1.0000000e+000  1.0000000e+000  1.0000000e+000  1.0000000e+000  1.5000000e+000  1.5000000e+000  1.5000000e+000  1.0000000e+000  1.0000000e+000  1.0000000e+000  1.0000000e+000  1.0000000e+000  1.0000000e+000  1.5000000e+000  1.5000000e+000  1.0000000e+000  1.0000000e+000  1.0000000e+000  1.0000000e+000  1.0000000e+000  1.0000000e+000  1.0000000e+000  1.0000000e+000  1.0000000e+000  1.0000000e+000  1.0000000e+000  1.0000000e+000  1.0000000e+000
  1.0000000e+000  1.0000000e+000  1.0000000e+000  1.0000000e+000  1.0000000e+000  1.0000000e+000  1.0000000e+000  1.0000000e+000  1.0000000e+000  1.0000000e+000  1.0000000e+000  1.0000000e+000  1.0000000e+000  1.0000000e+000  1.0000000e+000  1.0000000e+000  1.0000000e+000  1.0000000e+000  1.0000000e+000  1.0000000e+000  1.0000000e+000  1.0000000e+000  1.0000000e+000  1.0000000e+000  1.0000000e+000  1.0000000e+000  1.0000000e+000  1.0000000e+000  1.0000000e+000  1.0000000e+000  1.0000000e+000  1.0000000e+000  1.0000000e+000  1.0000000e+000  1.0000000e+000  1.0000000e+000  1.0000000e+000  1.0000000e+000  1.0000000e+000  1.0000000e+000  1.0000000e+000  1.0000000e+000  1.0000000e+000  1.0000000e+000  1.5000000e+000  1.5000000e+000  1.5000000e+000  1.0000000e+000  1.0000000e+000  1.0000000e+000  1.0000000e+000  1.0000000e+000  1.0000000e+000  1.0000000e+000  1.0000000e+000  1.0000000e+000  1.0000000e+000  1.0000000e+000  1.0000000e+000  1.0000000e+000  1.0000000e+000  1.0000000e+000  1.0000000e+000  1.0000000e+000  1.0000000e+000  1.0000000e+000  1.0000000e+000  1.0000000e+000  1.0000000e+000  1.0000000e+000  1.0000000e+000  1.0000000e+000  1.0000000e+000  1.0000000e+000  1.0000000e+000  1.0000000e+000  1.0000000e+000  1.0000000e+000  1.0000000e+000  1.0000000e+000  1.0000000e+000  1.0000000e+000  1.0000000e+000  1.0000000e+000  1.0000000e+000  1.0000000e+000  1.0000000e+000  1.0000000e+000  1.0000000e+000  1.0000000e+000  1.0000000e+000  1.0000000e+000  1.0000000e+000  1.0000000e+000  1.0000000e+000  1.0000000e+000  1.0000000e+000  1.0000000e+000  1.0000000e+000  1.0000000e+000  1.0000000e+000  1.0000000e+000  1.0000000e+000  1.0000000e+000  1.0000000e+000  1.0000000e+000  1.0000000e+000  1.0000000e+000  1.0000000e+000  1.0000000e+000  1.0000000e+000  1.0000000e+000  1.0000000e+000  1.0000000e+000  1.0000000e+000  1.0000000e+000  1.0000000e+000  1.0000000e+000  1.0000000e+000  1.0000000e+000  1.0000000e+000  1.0000000e+000  1.0000000e+000  1.0000000e+000  1.0000000e+000  1.0000000e+000  1.0000000e+000  1.0000000e+000  1.0000000e+000  1.0000000e+000  1.0000000e+000  1.0000000e+000  1.0000000e+000  1.0000000e+000  1.0000000e+000  1.0000000e+000  1.0000000e+000  1.5000000e+000  1.0000000e+000  1.0000000e+000  1.0000000e+000  1.0000000e+000  1.0000000e+000  1.0000000e+000  1.0000000e+000  1.0000000e+000  1.0000000e+000  1.0000000e+000  1.0000000e+000  1.0000000e+000  1.0000000e+000  1.0000000e+000  1.0000000e+000  1.0000000e+000  1.0000000e+000  1.0000000e+000  1.0000000e+000  1.0000000e+000  1.0000000e+000  1.0000000e+000  1.0000000e+000  1.0000000e+000  1.0000000e+000  1.0000000e+000  1.0000000e+000  1.0000000e+000  1.0000000e+000  1.0000000e+000  1.0000000e+000  1.0000000e+000  1.0000000e+000  1.0000000e+000  1.0000000e+000  1.0000000e+000  1.0000000e+000  1.0000000e+000  1.0000000e+000  1.0000000e+000  1.0000000e+000  1.0000000e+000  1.0000000e+000  1.0000000e+000  1.0000000e+000  1.0000000e+000  1.0000000e+000  1.0000000e+000  1.0000000e+000  1.0000000e+000  1.0000000e+000  1.0000000e+000  1.0000000e+000  1.0000000e+000  1.0000000e+000  1.0000000e+000  1.0000000e+000  1.0000000e+000  1.0000000e+000  1.0000000e+000  1.0000000e+000  1.0000000e+000  1.0000000e+000  1.0000000e+000  1.0000000e+000  1.0000000e+000  1.0000000e+000  1.0000000e+000  1.0000000e+000  1.0000000e+000  1.0000000e+000  1.0000000e+000  1.0000000e+000  1.0000000e+000  1.0000000e+000  1.0000000e+000  1.0000000e+000  1.0000000e+000  1.0000000e+000  1.0000000e+000  1.0000000e+000  1.0000000e+000  1.0000000e+000  1.0000000e+000  1.0000000e+000  1.0000000e+000  1.0000000e+000  1.0000000e+000  1.0000000e+000  1.0000000e+000  1.0000000e+000  1.0000000e+000  1.0000000e+000  1.0000000e+000  1.0000000e+000  1.0000000e+000  1.0000000e+000  1.0000000e+000  1.0000000e+000  1.0000000e+000  1.0000000e+000  1.0000000e+000  1.0000000e+000  1.0000000e+000  1.0000000e+000  1.0000000e+000  1.0000000e+000  1.0000000e+000  1.0000000e+000  1.0000000e+000  1.0000000e+000  1.0000000e+000  1.0000000e+000  1.0000000e+000  1.0000000e+000  1.0000000e+000  1.0000000e+000  1.0000000e+000
  1.0000000e+000  1.0000000e+000  1.0000000e+000  1.0000000e+000  1.0000000e+000  1.0000000e+000  1.0000000e+000  1.0000000e+000  1.0000000e+000  1.0000000e+000  1.0000000e+000  1.0000000e+000  1.0000000e+000  1.0000000e+000  1.0000000e+000  1.0000000e+000  1.0000000e+000  1.0000000e+000  1.0000000e+000  1.0000000e+000  1.0000000e+000  1.0000000e+000  1.0000000e+000  1.0000000e+000  1.0000000e+000  1.0000000e+000  1.0000000e+000  1.0000000e+000  1.0000000e+000  1.0000000e+000  1.0000000e+000  1.0000000e+000  1.0000000e+000  1.0000000e+000  1.0000000e+000  1.0000000e+000  1.0000000e+000  1.0000000e+000  1.0000000e+000  1.0000000e+000  1.0000000e+000  1.0000000e+000  1.0000000e+000  1.0000000e+000  1.0000000e+000  1.5000000e+000  1.0000000e+000  1.0000000e+000  1.0000000e+000  1.0000000e+000  1.0000000e+000  1.0000000e+000  1.0000000e+000  1.0000000e+000  1.0000000e+000  1.0000000e+000  1.0000000e+000  1.0000000e+000  1.0000000e+000  1.0000000e+000  1.0000000e+000  1.0000000e+000  1.0000000e+000  1.0000000e+000  1.0000000e+000  1.0000000e+000  1.0000000e+000  1.0000000e+000  1.0000000e+000  1.0000000e+000  1.0000000e+000  1.0000000e+000  1.0000000e+000  1.0000000e+000  1.0000000e+000  1.0000000e+000  1.0000000e+000  1.0000000e+000  1.0000000e+000  1.0000000e+000  1.0000000e+000  1.0000000e+000  1.0000000e+000  1.0000000e+000  1.0000000e+000  1.0000000e+000  1.0000000e+000  1.0000000e+000  1.0000000e+000  1.0000000e+000  1.0000000e+000  1.0000000e+000  1.0000000e+000  1.0000000e+000  1.0000000e+000  1.0000000e+000  1.0000000e+000  1.0000000e+000  1.0000000e+000  1.0000000e+000  1.0000000e+000  1.0000000e+000  1.0000000e+000  1.0000000e+000  1.5000000e+000  1.5000000e+000  1.5000000e+000  1.5000000e+000  1.0000000e+000  1.0000000e+000  1.0000000e+000  1.5000000e+000  1.5000000e+000  1.0000000e+000  1.0000000e+000  1.0000000e+000  1.0000000e+000  1.0000000e+000  1.0000000e+000  1.0000000e+000  1.0000000e+000  1.0000000e+000  1.0000000e+000  1.0000000e+000  1.0000000e+000  1.0000000e+000  1.0000000e+000  1.0000000e+000  1.0000000e+000  1.0000000e+000  1.0000000e+000  1.0000000e+000  1.0000000e+000  1.0000000e+000  1.0000000e+000  1.0000000e+000  1.5000000e+000  1.5000000e+000  1.5000000e+000  1.0000000e+000  1.0000000e+000  1.0000000e+000  1.0000000e+000  1.0000000e+000  1.0000000e+000  1.0000000e+000  1.0000000e+000  1.0000000e+000  1.0000000e+000  1.0000000e+000  1.0000000e+000  1.0000000e+000  1.0000000e+000  1.0000000e+000  1.0000000e+000  1.0000000e+000  1.0000000e+000  1.0000000e+000  1.0000000e+000  1.0000000e+000  1.0000000e+000  1.0000000e+000  1.0000000e+000  1.0000000e+000  1.0000000e+000  1.0000000e+000  1.0000000e+000  1.0000000e+000  1.0000000e+000  1.0000000e+000  1.0000000e+000  1.0000000e+000  1.0000000e+000  1.0000000e+000  1.0000000e+000  1.5000000e+000  1.0000000e+000  1.0000000e+000  1.0000000e+000  1.0000000e+000  1.0000000e+000  1.0000000e+000  1.0000000e+000  1.0000000e+000  1.0000000e+000  1.0000000e+000  1.0000000e+000  1.0000000e+000  1.0000000e+000  1.0000000e+000  1.0000000e+000  1.0000000e+000  1.0000000e+000  1.0000000e+000  1.0000000e+000  1.0000000e+000  1.0000000e+000  1.0000000e+000  1.0000000e+000  1.0000000e+000  1.0000000e+000  1.0000000e+000  1.0000000e+000  1.0000000e+000  1.0000000e+000  1.0000000e+000  1.0000000e+000  1.0000000e+000  1.0000000e+000  1.0000000e+000  1.0000000e+000  1.0000000e+000  1.0000000e+000  1.0000000e+000  1.0000000e+000  1.0000000e+000  1.0000000e+000  1.0000000e+000  1.0000000e+000  1.0000000e+000  1.0000000e+000  1.0000000e+000  1.0000000e+000  1.0000000e+000  1.0000000e+000  1.0000000e+000  1.0000000e+000  1.0000000e+000  1.0000000e+000  1.0000000e+000  1.0000000e+000  1.0000000e+000  1.0000000e+000  1.0000000e+000  1.0000000e+000  1.0000000e+000  1.0000000e+000  1.0000000e+000  1.0000000e+000  1.0000000e+000  1.0000000e+000  1.0000000e+000  1.0000000e+000  1.0000000e+000  1.0000000e+000  1.0000000e+000  1.0000000e+000  1.0000000e+000  1.0000000e+000  1.0000000e+000  1.0000000e+000  1.0000000e+000  1.0000000e+000  1.0000000e+000  1.0000000e+000  1.5000000e+000
  1.0000000e+000  1.0000000e+000  1.0000000e+000  1.0000000e+000  1.0000000e+000  1.0000000e+000  1.0000000e+000  1.0000000e+000  1.0000000e+000  1.0000000e+000  1.0000000e+000  1.0000000e+000  1.0000000e+000  1.0000000e+000  1.0000000e+000  1.0000000e+000  1.0000000e+000  1.0000000e+000  1.0000000e+000  1.0000000e+000  1.0000000e+000  1.0000000e+000  1.0000000e+000  1.0000000e+000  1.0000000e+000  1.0000000e+000  1.0000000e+000  1.0000000e+000  1.0000000e+000  1.0000000e+000  1.0000000e+000  1.0000000e+000  1.0000000e+000  1.0000000e+000  1.0000000e+000  1.0000000e+000  1.0000000e+000  1.0000000e+000  1.0000000e+000  1.0000000e+000  1.0000000e+000  1.0000000e+000  1.0000000e+000  1.0000000e+000  1.0000000e+000  1.0000000e+000  1.0000000e+000  1.0000000e+000  1.0000000e+000  1.0000000e+000  1.0000000e+000  1.0000000e+000  1.0000000e+000  1.0000000e+000  1.0000000e+000  1.0000000e+000  1.0000000e+000  1.0000000e+000  1.0000000e+000  1.0000000e+000  1.0000000e+000  1.0000000e+000  1.0000000e+000  1.0000000e+000  1.0000000e+000  1.0000000e+000  1.0000000e+000  1.0000000e+000  1.0000000e+000  1.0000000e+000  1.0000000e+000  1.0000000e+000  1.0000000e+000  1.0000000e+000  1.0000000e+000  1.5000000e+000  1.0000000e+000  1.0000000e+000  1.0000000e+000  1.0000000e+000  1.0000000e+000  1.0000000e+000  1.0000000e+000  1.0000000e+000  1.0000000e+000  1.0000000e+000  1.0000000e+000  1.0000000e+000  1.0000000e+000  1.0000000e+000  1.5000000e+000  1.0000000e+000  1.0000000e+000  1.0000000e+000  1.0000000e+000  1.0000000e+000  1.0000000e+000  1.0000000e+000  1.0000000e+000  1.0000000e+000  1.0000000e+000  1.0000000e+000  1.0000000e+000  1.0000000e+000  1.5000000e+000  1.5000000e+000  1.5000000e+000  1.5000000e+000  1.5000000e+000  1.5000000e+000  1.5000000e+000  1.0000000e+000  1.0000000e+000  1.0000000e+000  1.0000000e+000  1.0000000e+000  1.0000000e+000  1.0000000e+000  1.0000000e+000  1.0000000e+000  1.0000000e+000  1.0000000e+000  1.0000000e+000  1.0000000e+000  1.0000000e+000  1.0000000e+000  1.0000000e+000  1.0000000e+000  1.0000000e+000  1.0000000e+000  1.0000000e+000  1.0000000e+000  1.5000000e+000  1.5000000e+000  1.0000000e+000  1.0000000e+000  1.5000000e+000  1.5000000e+000  1.0000000e+000  1.0000000e+000  1.0000000e+000  1.0000000e+000  1.0000000e+000  1.0000000e+000  1.0000000e+000  1.0000000e+000  1.0000000e+000  1.5000000e+000  1.0000000e+000  1.0000000e+000  1.0000000e+000  1.0000000e+000  1.0000000e+000  1.0000000e+000  1.0000000e+000  1.0000000e+000  1.0000000e+000  1.0000000e+000  1.0000000e+000  1.0000000e+000  1.0000000e+000  1.0000000e+000  1.0000000e+000  1.0000000e+000  1.0000000e+000  1.0000000e+000  1.0000000e+000  1.0000000e+000  1.0000000e+000  1.0000000e+000  1.0000000e+000  1.0000000e+000  1.0000000e+000  1.0000000e+000  1.5000000e+000  1.5000000e+000  1.0000000e+000  1.0000000e+000  1.0000000e+000  1.0000000e+000  1.0000000e+000  1.0000000e+000  1.0000000e+000  1.0000000e+000  1.0000000e+000  1.0000000e+000  1.0000000e+000  1.0000000e+000  1.0000000e+000  1.0000000e+000  1.0000000e+000  1.0000000e+000  1.0000000e+000  1.0000000e+000  1.0000000e+000  1.0000000e+000  1.0000000e+000  1.0000000e+000  1.0000000e+000  1.0000000e+000  1.0000000e+000  1.0000000e+000  1.0000000e+000  1.0000000e+000  1.0000000e+000  1.0000000e+000  1.0000000e+000  1.0000000e+000  1.0000000e+000  1.0000000e+000  1.0000000e+000  1.0000000e+000  1.0000000e+000  1.0000000e+000  1.0000000e+000  1.0000000e+000  1.0000000e+000  1.0000000e+000  1.0000000e+000  1.0000000e+000  1.0000000e+000  1.0000000e+000  1.0000000e+000  1.0000000e+000  1.0000000e+000  1.5000000e+000  1.5000000e+000  1.5000000e+000  1.0000000e+000  1.0000000e+000  1.0000000e+000  1.0000000e+000  1.0000000e+000  1.0000000e+000  1.0000000e+000  1.0000000e+000  1.0000000e+000  1.0000000e+000  1.0000000e+000  1.0000000e+000  1.0000000e+000  1.0000000e+000  1.0000000e+000  1.0000000e+000  1.0000000e+000  1.0000000e+000  1.0000000e+000  1.5000000e+000  1.0000000e+000  1.0000000e+000  1.0000000e+000  1.0000000e+000  1.0000000e+000  1.0000000e+000  1.0000000e+000  1.5000000e+000
  1.0000000e+000  1.0000000e+000  1.5000000e+000  1.0000000e+000  1.0000000e+000  1.0000000e+000  1.0000000e+000  1.0000000e+000  1.0000000e+000  1.0000000e+000  1.0000000e+000  1.0000000e+000  1.0000000e+000  1.0000000e+000  1.0000000e+000  1.0000000e+000  1.0000000e+000  1.0000000e+000  1.0000000e+000  1.0000000e+000  1.0000000e+000  1.0000000e+000  1.0000000e+000  1.0000000e+000  1.0000000e+000  1.0000000e+000  1.0000000e+000  1.0000000e+000  1.0000000e+000  1.0000000e+000  1.0000000e+000  1.0000000e+000  1.0000000e+000  1.0000000e+000  1.0000000e+000  1.0000000e+000  1.0000000e+000  1.0000000e+000  1.5000000e+000  1.0000000e+000  1.0000000e+000  1.0000000e+000  1.0000000e+000  1.5000000e+000  1.5000000e+000  1.0000000e+000  1.0000000e+000  1.0000000e+000  1.0000000e+000  1.0000000e+000  1.0000000e+000  1.0000000e+000  1.0000000e+000  1.0000000e+000  1.0000000e+000  1.0000000e+000  1.0000000e+000  1.0000000e+000  1.0000000e+000  1.0000000e+000  1.0000000e+000  1.0000000e+000  1.0000000e+000  1.0000000e+000  1.0000000e+000  1.0000000e+000  1.0000000e+000  1.0000000e+000  1.0000000e+000  1.0000000e+000  1.0000000e+000  1.0000000e+000  1.0000000e+000  1.0000000e+000  1.0000000e+000  1.5000000e+000  1.5000000e+000  1.5000000e+000  1.0000000e+000  1.0000000e+000  1.0000000e+000  1.0000000e+000  1.0000000e+000  1.0000000e+000  1.0000000e+000  1.0000000e+000  1.0000000e+000  1.0000000e+000  1.0000000e+000  1.0000000e+000  1.0000000e+000  1.0000000e+000  1.0000000e+000  1.0000000e+000  1.0000000e+000  1.5000000e+000  1.5000000e+000  1.0000000e+000  1.0000000e+000  1.0000000e+000  1.0000000e+000  1.0000000e+000  1.0000000e+000  1.0000000e+000  1.0000000e+000  1.5000000e+000  1.5000000e+000  1.5000000e+000  1.5000000e+000  1.5000000e+000  1.0000000e+000  1.0000000e+000  1.0000000e+000  1.0000000e+000  1.0000000e+000  1.0000000e+000  1.0000000e+000  1.0000000e+000  1.0000000e+000  1.0000000e+000  1.0000000e+000  1.0000000e+000  1.0000000e+000  1.0000000e+000  1.0000000e+000  1.0000000e+000  1.5000000e+000  1.5000000e+000  1.5000000e+000  1.5000000e+000  1.5000000e+000  1.5000000e+000  1.5000000e+000  1.0000000e+000  1.0000000e+000  1.0000000e+000  1.0000000e+000  1.0000000e+000  1.0000000e+000  1.0000000e+000  1.0000000e+000  1.0000000e+000  1.0000000e+000  1.0000000e+000  1.0000000e+000  1.0000000e+000  1.0000000e+000  1.5000000e+000  1.5000000e+000  1.0000000e+000  1.0000000e+000  1.0000000e+000  1.0000000e+000  1.0000000e+000  1.0000000e+000  1.0000000e+000  1.0000000e+000  1.0000000e+000  1.0000000e+000  1.0000000e+000  1.0000000e+000  1.0000000e+000  1.0000000e+000  1.0000000e+000  1.0000000e+000  1.0000000e+000  1.0000000e+000  1.0000000e+000  1.0000000e+000  1.0000000e+000  1.0000000e+000  1.0000000e+000  1.0000000e+000  1.0000000e+000  1.5000000e+000  1.0000000e+000  1.0000000e+000  1.0000000e+000  1.0000000e+000  1.0000000e+000  1.0000000e+000  1.0000000e+000  1.0000000e+000  1.0000000e+000  1.0000000e+000  1.0000000e+000  1.0000000e+000  1.0000000e+000  1.0000000e+000  1.0000000e+000  1.0000000e+000  1.0000000e+000  1.0000000e+000  1.0000000e+000  1.0000000e+000  1.0000000e+000  1.0000000e+000  1.0000000e+000  1.0000000e+000  1.0000000e+000  1.5000000e+000  1.5000000e+000  1.0000000e+000  1.0000000e+000  1.0000000e+000  1.0000000e+000  1.0000000e+000  1.0000000e+000  1.0000000e+000  1.0000000e+000  1.0000000e+000  1.0000000e+000  1.0000000e+000  1.0000000e+000  1.0000000e+000  1.0000000e+000  1.0000000e+000  1.0000000e+000  1.0000000e+000  1.0000000e+000  1.0000000e+000  1.0000000e+000  1.0000000e+000  1.0000000e+000  1.0000000e+000  1.5000000e+000  1.5000000e+000  1.5000000e+000  1.0000000e+000  1.0000000e+000  1.0000000e+000  1.0000000e+000  1.0000000e+000  1.0000000e+000  1.0000000e+000  1.0000000e+000  1.0000000e+000  1.0000000e+000  1.0000000e+000  1.0000000e+000  1.0000000e+000  1.0000000e+000  1.0000000e+000  1.0000000e+000  1.0000000e+000  1.0000000e+000  1.5000000e+000  1.5000000e+000  1.0000000e+000  1.0000000e+000  1.0000000e+000  1.0000000e+000  1.0000000e+000  1.0000000e+000  1.0000000e+000  1.0000000e+000
  1.0000000e+000  1.0000000e+000  1.5000000e+000  1.5000000e+000  1.5000000e+000  1.0000000e+000  1.0000000e+000  1.0000000e+000  1.0000000e+000  1.0000000e+000  1.0000000e+000  1.0000000e+000  1.0000000e+000  1.0000000e+000  1.0000000e+000  1.0000000e+000  1.0000000e+000  1.0000000e+000  1.0000000e+000  1.0000000e+000  1.0000000e+000  1.0000000e+000  1.0000000e+000  1.0000000e+000  1.0000000e+000  1.0000000e+000  1.0000000e+000  1.0000000e+000  1.0000000e+000  1.0000000e+000  1.0000000e+000  1.0000000e+000  1.0000000e+000  1.0000000e+000  1.0000000e+000  1.0000000e+000  1.0000000e+000  1.0000000e+000  1.5000000e+000  1.0000000e+000  1.0000000e+000  1.0000000e+000  1.5000000e+000  1.5000000e+000  1.5000000e+000  1.0000000e+000  1.0000000e+000  1.0000000e+000  1.0000000e+000  1.0000000e+000  1.0000000e+000  1.0000000e+000  1.0000000e+000  1.0000000e+000  1.0000000e+000  1.0000000e+000  1.0000000e+000  1.0000000e+000  1.0000000e+000  1.0000000e+000  1.0000000e+000  1.0000000e+000  1.0000000e+000  1.0000000e+000  1.0000000e+000  1.0000000e+000  1.0000000e+000  1.0000000e+000  1.0000000e+000  1.0000000e+000  1.0000000e+000  1.0000000e+000  1.0000000e+000  1.0000000e+000  1.0000000e+000  1.5000000e+000  1.5000000e+000  1.5000000e+000  1.0000000e+000  1.0000000e+000  1.0000000e+000  1.0000000e+000  1.0000000e+000  1.0000000e+000  1.0000000e+000  1.0000000e+000  1.0000000e+000  1.0000000e+000  1.0000000e+000  1.0000000e+000  1.0000000e+000  1.0000000e+000  1.0000000e+000  1.0000000e+000  1.0000000e+000  1.0000000e+000  1.0000000e+000  1.0000000e+000  1.0000000e+000  1.0000000e+000  1.0000000e+000  1.0000000e+000  1.0000000e+000  1.0000000e+000  1.0000000e+000  1.0000000e+000  1.0000000e+000  1.5000000e+000  1.5000000e+000  1.0000000e+000  1.0000000e+000  1.0000000e+000  1.0000000e+000  1.0000000e+000  1.0000000e+000  1.0000000e+000  1.0000000e+000  1.0000000e+000  1.0000000e+000  1.0000000e+000  1.0000000e+000  1.0000000e+000  1.0000000e+000  1.0000000e+000  1.0000000e+000  1.5000000e+000  1.5000000e+000  1.5000000e+000  1.5000000e+000  1.5000000e+000  1.5000000e+000  1.5000000e+000  1.0000000e+000  1.0000000e+000  1.0000000e+000  1.0000000e+000  1.0000000e+000  1.0000000e+000  1.0000000e+000  1.5000000e+000  1.5000000e+000  1.5000000e+000  1.5000000e+000  1.0000000e+000  1.0000000e+000  1.0000000e+000  1.0000000e+000  1.5000000e+000  1.5000000e+000  1.0000000e+000  1.0000000e+000  1.0000000e+000  1.0000000e+000  1.0000000e+000  1.0000000e+000  1.0000000e+000  1.0000000e+000  1.0000000e+000  1.0000000e+000  1.0000000e+000  1.0000000e+000  1.0000000e+000  1.0000000e+000  1.0000000e+000  1.0000000e+000  1.0000000e+000  1.0000000e+000  1.0000000e+000  1.0000000e+000  1.0000000e+000  1.0000000e+000  1.0000000e+000  1.0000000e+000  1.0000000e+000  1.0000000e+000  1.0000000e+000  1.0000000e+000  1.0000000e+000  1.0000000e+000  1.0000000e+000  1.0000000e+000  1.0000000e+000  1.0000000e+000  1.0000000e+000  1.0000000e+000  1.0000000e+000  1.0000000e+000  1.0000000e+000  1.0000000e+000  1.0000000e+000  1.0000000e+000  1.0000000e+000  1.0000000e+000  1.0000000e+000  1.0000000e+000  1.0000000e+000  1.0000000e+000  1.0000000e+000  1.0000000e+000  1.0000000e+000  1.5000000e+000  1.5000000e+000  1.0000000e+000  1.0000000e+000  1.0000000e+000  1.0000000e+000  1.0000000e+000  1.0000000e+000  1.0000000e+000  1.0000000e+000  1.0000000e+000  1.0000000e+000  1.0000000e+000  1.0000000e+000  1.0000000e+000  1.0000000e+000  1.0000000e+000  1.0000000e+000  1.0000000e+000  1.0000000e+000  1.0000000e+000  1.0000000e+000  1.0000000e+000  1.0000000e+000  1.5000000e+000  1.5000000e+000  1.5000000e+000  1.0000000e+000  1.0000000e+000  1.0000000e+000  1.0000000e+000  1.0000000e+000  1.0000000e+000  1.0000000e+000  1.0000000e+000  1.0000000e+000  1.0000000e+000  1.0000000e+000  1.0000000e+000  1.0000000e+000  1.0000000e+000  1.0000000e+000  1.0000000e+000  1.0000000e+000  1.0000000e+000  1.0000000e+000  1.0000000e+000  1.5000000e+000  1.0000000e+000  1.0000000e+000  1.0000000e+000  1.0000000e+000  1.0000000e+000  1.0000000e+000  1.0000000e+000  1.0000000e+000
  1.0000000e+000  1.5000000e+000  1.5000000e+000  1.5000000e+000  1.5000000e+000  1.0000000e+000  1.0000000e+000  1.0000000e+000  1.0000000e+000  1.0000000e+000  1.0000000e+000  1.0000000e+000  1.0000000e+000  1.0000000e+000  1.0000000e+000  1.0000000e+000  1.0000000e+000  1.0000000e+000  1.0000000e+000  1.0000000e+000  1.0000000e+000  1.0000000e+000  1.0000000e+000  1.0000000e+000  1.0000000e+000  1.0000000e+000  1.0000000e+000  1.0000000e+000  1.0000000e+000  1.0000000e+000  1.0000000e+000  1.0000000e+000  1.0000000e+000  1.0000000e+000  1.0000000e+000  1.0000000e+000  1.0000000e+000  1.0000000e+000  1.0000000e+000  1.0000000e+000  1.0000000e+000  1.5000000e+000  1.5000000e+000  1.5000000e+000  1.5000000e+000  1.0000000e+000  1.0000000e+000  1.0000000e+000  1.0000000e+000  1.0000000e+000  1.0000000e+000  1.0000000e+000  1.0000000e+000  1.0000000e+000  1.0000000e+000  1.0000000e+000  1.0000000e+000  1.0000000e+000  1.0000000e+000  1.0000000e+000  1.0000000e+000  1.0000000e+000  1.0000000e+000  1.0000000e+000  1.5000000e+000  1.0000000e+000  1.0000000e+000  1.0000000e+000  1.0000000e+000  1.0000000e+000  1.0000000e+000  1.0000000e+000  1.0000000e+000  1.0000000e+000  1.0000000e+000  1.5000000e+000  1.5000000e+000  1.5000000e+000  1.0000000e+000  1.0000000e+000  1.0000000e+000  1.0000000e+000  1.5000000e+000  1.5000000e+000  1.5000000e+000  1.5000000e+000  1.5000000e+000  1.0000000e+000  1.0000000e+000  1.0000000e+000  1.0000000e+000  1.0000000e+000  1.0000000e+000  1.0000000e+000  1.0000000e+000  1.0000000e+000  1.0000000e+000  1.0000000e+000  1.5000000e+000  1.0000000e+000  1.0000000e+000  1.0000000e+000  1.0000000e+000  1.0000000e+000  1.0000000e+000  1.0000000e+000  1.5000000e+000  1.5000000e+000  1.5000000e+000  1.0000000e+000  1.0000000e+000  1.0000000e+000  1.0000000e+000  1.0000000e+000  1.0000000e+000  1.5000000e+000  1.5000000e+000  1.5000000e+000  1.0000000e+000  1.0000000e+000  1.0000000e+000  1.0000000e+000  1.0000000e+000  1.0000000e+000  1.0000000e+000  1.5000000e+000  1.0000000e+000  1.5000000e+000  1.5000000e+000  1.5000000e+000  1.5000000e+000  1.0000000e+000  1.0000000e+000  1.0000000e+000  1.0000000e+000  1.0000000e+000  1.0000000e+000  1.0000000e+000  1.0000000e+000  1.5000000e+000  1.5000000e+000  1.5000000e+000  1.0000000e+000  1.0000000e+000  1.0000000e+000  1.0000000e+000  1.0000000e+000  1.0000000e+000  1.0000000e+000  1.0000000e+000  1.0000000e+000  1.5000000e+000  1.5000000e+000  1.5000000e+000  1.0000000e+000  1.0000000e+000  1.0000000e+000  1.0000000e+000  1.0000000e+000  1.0000000e+000  1.0000000e+000  1.0000000e+000  1.0000000e+000  1.0000000e+000  1.0000000e+000  1.0000000e+000  1.0000000e+000  1.5000000e+000  1.0000000e+000  1.0000000e+000  1.0000000e+000  1.0000000e+000  1.0000000e+000  1.0000000e+000  1.0000000e+000  1.0000000e+000  1.0000000e+000  1.5000000e+000  1.5000000e+000  1.5000000e+000  1.0000000e+000  1.0000000e+000  1.0000000e+000  1.0000000e+000  1.0000000e+000  1.0000000e+000  1.0000000e+000  1.0000000e+000  1.0000000e+000  1.0000000e+000  1.0000000e+000  1.0000000e+000  1.0000000e+000  1.0000000e+000  1.0000000e+000  1.0000000e+000  1.0000000e+000  1.0000000e+000  1.0000000e+000  1.5000000e+000  1.5000000e+000  1.5000000e+000  1.0000000e+000  1.0000000e+000  1.0000000e+000  1.0000000e+000  1.0000000e+000  1.0000000e+000  1.0000000e+000  1.0000000e+000  1.0000000e+000  1.0000000e+000  1.0000000e+000  1.0000000e+000  1.0000000e+000  1.0000000e+000  1.0000000e+000  1.0000000e+000  1.0000000e+000  1.0000000e+000  1.0000000e+000  1.0000000e+000  1.5000000e+000  1.0000000e+000  1.5000000e+000  1.5000000e+000  1.5000000e+000  1.0000000e+000  1.0000000e+000  1.0000000e+000  1.0000000e+000  1.0000000e+000  1.0000000e+000  1.0000000e+000  1.0000000e+000  1.0000000e+000  1.0000000e+000  1.0000000e+000  1.0000000e+000  1.0000000e+000  1.0000000e+000  1.0000000e+000  1.0000000e+000  1.0000000e+000  1.0000000e+000  1.0000000e+000  1.0000000e+000  1.0000000e+000  1.0000000e+000  1.0000000e+000  1.0000000e+000  1.5000000e+000  1.0000000e+000  1.0000000e+000  1.0000000e+000  1.0000000e+000
  1.0000000e+000  1.0000000e+000  1.5000000e+000  1.5000000e+000  1.5000000e+000  1.5000000e+000  1.0000000e+000  1.0000000e+000  1.0000000e+000  1.0000000e+000  1.0000000e+000  1.0000000e+000  1.0000000e+000  1.0000000e+000  1.0000000e+000  1.0000000e+000  1.0000000e+000  1.0000000e+000  1.0000000e+000  1.0000000e+000  1.0000000e+000  1.0000000e+000  1.5000000e+000  1.5000000e+000  1.5000000e+000  1.5000000e+000  1.0000000e+000  1.0000000e+000  1.0000000e+000  1.5000000e+000  1.0000000e+000  1.0000000e+000  1.0000000e+000  1.0000000e+000  1.0000000e+000  1.5000000e+000  1.0000000e+000  1.0000000e+000  1.0000000e+000  1.0000000e+000  1.5000000e+000  1.5000000e+000  1.5000000e+000  1.5000000e+000  1.5000000e+000  1.0000000e+000  1.0000000e+000  1.5000000e+000  1.5000000e+000  1.0000000e+000  1.0000000e+000  1.0000000e+000  1.0000000e+000  1.0000000e+000  1.0000000e+000  1.0000000e+000  1.0000000e+000  1.0000000e+000  1.0000000e+000  1.0000000e+000  1.0000000e+000  1.0000000e+000  1.0000000e+000  1.5000000e+000  1.5000000e+000  1.5000000e+000  1.0000000e+000  1.0000000e+000  1.0000000e+000  1.0000000e+000  1.0000000e+000  1.0000000e+000  1.0000000e+000  1.0000000e+000  1.0000000e+000  1.0000000e+000  1.5000000e+000  1.5000000e+000  1.0000000e+000  1.0000000e+000  1.5000000e+000  1.5000000e+000  1.5000000e+000  1.5000000e+000  1.5000000e+000  1.5000000e+000  1.5000000e+000  1.5000000e+000  1.0000000e+000  1.5000000e+000  1.5000000e+000  1.0000000e+000  1.0000000e+000  1.0000000e+000  1.0000000e+000  1.0000000e+000  1.0000000e+000  1.0000000e+000  1.5000000e+000  1.0000000e+000  1.0000000e+000  1.0000000e+000  1.0000000e+000  1.0000000e+000  1.0000000e+000  1.5000000e+000  1.5000000e+000  1.5000000e+000  1.0000000e+000  1.0000000e+000  1.0000000e+000  1.0000000e+000  1.0000000e+000  1.0000000e+000  1.0000000e+000  1.0000000e+000  1.5000000e+000  1.0000000e+000  1.0000000e+000  1.0000000e+000  1.0000000e+000  1.0000000e+000  1.0000000e+000  1.0000000e+000  1.5000000e+000  1.0000000e+000  1.0000000e+000  1.0000000e+000  1.0000000e+000  1.5000000e+000  1.5000000e+000  1.0000000e+000  1.0000000e+000  1.0000000e+000  1.0000000e+000  1.0000000e+000  1.0000000e+000  1.0000000e+000  1.5000000e+000  1.5000000e+000  1.5000000e+000  1.0000000e+000  1.0000000e+000  1.0000000e+000  1.0000000e+000  1.0000000e+000  1.0000000e+000  1.0000000e+000  1.0000000e+000  1.0000000e+000  1.0000000e+000  1.5000000e+000  1.5000000e+000  1.5000000e+000  1.0000000e+000  1.0000000e+000  1.0000000e+000  1.0000000e+000  1.0000000e+000  1.0000000e+000  1.0000000e+000  1.0000000e+000  1.0000000e+000  1.0000000e+000  1.0000000e+000  1.0000000e+000  1.0000000e+000  1.0000000e+000  1.0000000e+000  1.0000000e+000  1.0000000e+000  1.0000000e+000  1.0000000e+000  1.0000000e+000  1.0000000e+000  1.0000000e+000  1.0000000e+000  1.0000000e+000  1.5000000e+000  1.5000000e+000  1.0000000e+000  1.0000000e+000  1.0000000e+000  1.0000000e+000  1.0000000e+000  1.0000000e+000  1.0000000e+000  1.0000000e+000  1.0000000e+000  1.0000000e+000  1.0000000e+000  1.0000000e+000  1.0000000e+000  1.0000000e+000  1.0000000e+000  1.0000000e+000  1.0000000e+000  1.0000000e+000  1.5000000e+000  1.5000000e+000  1.5000000e+000  1.5000000e+000  1.0000000e+000  1.0000000e+000  1.0000000e+000  1.0000000e+000  1.0000000e+000  1.0000000e+000  1.0000000e+000  1.0000000e+000  1.0000000e+000  1.0000000e+000  1.0000000e+000  1.0000000e+000  1.0000000e+000  1.0000000e+000  1.0000000e+000  1.0000000e+000  1.0000000e+000  1.0000000e+000  1.0000000e+000  1.5000000e+000  1.5000000e+000  1.0000000e+000  1.5000000e+000  1.5000000e+000  1.5000000e+000  1.0000000e+000  1.0000000e+000  1.0000000e+000  1.0000000e+000  1.0000000e+000  1.0000000e+000  1.0000000e+000  1.0000000e+000  1.0000000e+000  1.0000000e+000  1.0000000e+000  1.0000000e+000  1.0000000e+000  1.0000000e+000  1.0000000e+000  1.0000000e+000  1.0000000e+000  1.0000000e+000  1.5000000e+000  1.0000000e+000  1.0000000e+000  1.0000000e+000  1.0000000e+000  1.5000000e+000  1.5000000e+000  1.5000000e+000  1.0000000e+000  1.0000000e+000  1.0000000e+000
  1.0000000e+000  1.0000000e+000  1.5000000e+000  1.5000000e+000  1.5000000e+000  1.5000000e+000  1.0000000e+000  1.0000000e+000  1.0000000e+000  1.0000000e+000  1.0000000e+000  1.5000000e+000  1.5000000e+000  1.5000000e+000  1.5000000e+000  1.5000000e+000  1.0000000e+000  1.0000000e+000  1.0000000e+000  1.0000000e+000  1.0000000e+000  1.5000000e+000  1.5000000e+000  1.5000000e+000  1.5000000e+000  1.5000000e+000  1.0000000e+000  1.0000000e+000  1.0000000e+000  1.5000000e+000  1.5000000e+000  1.0000000e+000  1.0000000e+000  1.0000000e+000  1.0000000e+000  1.0000000e+000  1.0000000e+000  1.0000000e+000  1.0000000e+000  1.5000000e+000  1.5000000e+000  1.5000000e+000  1.5000000e+000  1.5000000e+000  1.5000000e+000  1.5000000e+000  1.5000000e+000  1.5000000e+000  1.5000000e+000  1.5000000e+000  1.0000000e+000  1.0000000e+000  1.0000000e+000  1.0000000e+000  1.0000000e+000  1.0000000e+000  1.0000000e+000  1.0000000e+000  1.0000000e+000  1.0000000e+000  1.0000000e+000  1.0000000e+000  1.0000000e+000  1.0000000e+000  1.5000000e+000  1.5000000e+000  1.0000000e+000  1.0000000e+000  1.0000000e+000  1.0000000e+000  1.0000000e+000  1.0000000e+000  1.0000000e+000  1.0000000e+000  1.0000000e+000  1.0000000e+000  1.0000000e+000  1.5000000e+000  1.0000000e+000  1.0000000e+000  1.5000000e+000  1.5000000e+000  1.5000000e+000  1.5000000e+000  1.5000000e+000  1.5000000e+000  1.5000000e+000  1.5000000e+000  1.5000000e+000  1.5000000e+000  1.5000000e+000  1.0000000e+000  1.0000000e+000  1.0000000e+000  1.0000000e+000  1.0000000e+000  1.0000000e+000  1.0000000e+000  1.0000000e+000  1.0000000e+000  1.0000000e+000  1.5000000e+000  1.0000000e+000  1.0000000e+000  1.0000000e+000  1.5000000e+000  1.5000000e+000  1.5000000e+000  1.0000000e+000  1.0000000e+000  1.0000000e+000  1.0000000e+000  1.0000000e+000  1.0000000e+000  1.0000000e+000  1.0000000e+000  1.0000000e+000  1.0000000e+000  1.0000000e+000  1.0000000e+000  1.0000000e+000  1.0000000e+000  1.0000000e+000  1.5000000e+000  1.5000000e+000  1.0000000e+000  1.0000000e+000  1.0000000e+000  1.0000000e+000  1.5000000e+000  1.5000000e+000  1.5000000e+000  1.5000000e+000  1.0000000e+000  1.0000000e+000  1.0000000e+000  1.0000000e+000  1.0000000e+000  1.5000000e+000  1.5000000e+000  1.5000000e+000  1.5000000e+000  1.0000000e+000  1.0000000e+000  1.0000000e+000  1.0000000e+000  1.0000000e+000  1.0000000e+000  1.0000000e+000  1.0000000e+000  1.0000000e+000  1.0000000e+000  1.0000000e+000  1.0000000e+000  1.0000000e+000  1.0000000e+000  1.0000000e+000  1.0000000e+000  1.0000000e+000  1.0000000e+000  1.0000000e+000  1.0000000e+000  1.0000000e+000  1.0000000e+000  1.0000000e+000  1.0000000e+000  1.0000000e+000  1.0000000e+000  1.0000000e+000  1.0000000e+000  1.0000000e+000  1.0000000e+000  1.0000000e+000  1.0000000e+000  1.0000000e+000  1.0000000e+000  1.0000000e+000  1.0000000e+000  1.5000000e+000  1.5000000e+000  1.0000000e+000  1.0000000e+000  1.0000000e+000  1.0000000e+000  1.0000000e+000  1.0000000e+000  1.0000000e+000  1.0000000e+000  1.0000000e+000  1.0000000e+000  1.0000000e+000  1.0000000e+000  1.0000000e+000  1.0000000e+000  1.0000000e+000  1.0000000e+000  1.0000000e+000  1.0000000e+000  1.5000000e+000  1.5000000e+000  1.5000000e+000  1.5000000e+000  1.0000000e+000  1.0000000e+000  1.0000000e+000  1.0000000e+000  1.0000000e+000  1.0000000e+000  1.0000000e+000  1.0000000e+000  1.0000000e+000  1.0000000e+000  1.0000000e+000  1.0000000e+000  1.0000000e+000  1.5000000e+000  1.5000000e+000  1.5000000e+000  1.0000000e+000  1.0000000e+000  1.0000000e+000  1.5000000e+000  1.0000000e+000  1.0000000e+000  1.5000000e+000  1.5000000e+000  1.5000000e+000  1.0000000e+000  1.0000000e+000  1.0000000e+000  1.5000000e+000  1.5000000e+000  1.5000000e+000  1.5000000e+000  1.5000000e+000  1.0000000e+000  1.0000000e+000  1.0000000e+000  1.0000000e+000  1.0000000e+000  1.0000000e+000  1.0000000e+000  1.0000000e+000  1.0000000e+000  1.5000000e+000  1.5000000e+000  1.5000000e+000  1.5000000e+000  1.0000000e+000  1.0000000e+000  1.5000000e+000  1.5000000e+000  1.5000000e+000  1.5000000e+000  1.0000000e+000  1.0000000e+000
  1.0000000e+000  1.0000000e+000  1.5000000e+000  1.5000000e+000  1.5000000e+000  1.5000000e+000  1.0000000e+000  1.0000000e+000  1.0000000e+000  1.0000000e+000  1.0000000e+000  1.0000000e+000  1.5000000e+000  1.5000000e+000  1.5000000e+000  1.5000000e+000  1.5000000e+000  1.0000000e+000  1.0000000e+000  1.5000000e+000  1.5000000e+000  1.5000000e+000  1.5000000e+000  1.5000000e+000  1.5000000e+000  1.0000000e+000  1.0000000e+000  1.0000000e+000  1.0000000e+000  1.5000000e+000  1.5000000e+000  1.0000000e+000  1.0000000e+000  1.0000000e+000  1.0000000e+000  1.0000000e+000  1.0000000e+000  1.0000000e+000  1.5000000e+000  1.5000000e+000  1.5000000e+000  1.5000000e+000  1.5000000e+000  1.5000000e+000  1.5000000e+000  1.0000000e+000  1.0000000e+000  1.5000000e+000  1.5000000e+000  1.5000000e+000  1.0000000e+000  1.0000000e+000  1.0000000e+000  1.0000000e+000  1.0000000e+000  1.5000000e+000  1.0000000e+000  1.0000000e+000  1.0000000e+000  1.0000000e+000  1.0000000e+000  1.0000000e+000  1.0000000e+000  1.0000000e+000  1.0000000e+000  1.5000000e+000  1.5000000e+000  1.5000000e+000  1.5000000e+000  1.5000000e+000  1.0000000e+000  1.0000000e+000  1.0000000e+000  1.0000000e+000  1.0000000e+000  1.0000000e+000  1.5000000e+000  1.5000000e+000  1.0000000e+000  1.0000000e+000  1.0000000e+000  1.5000000e+000  1.5000000e+000  1.5000000e+000  1.5000000e+000  1.0000000e+000  1.0000000e+000  1.5000000e+000  1.5000000e+000  1.5000000e+000  1.5000000e+000  1.0000000e+000  1.0000000e+000  1.0000000e+000  1.0000000e+000  1.0000000e+000  1.0000000e+000  1.0000000e+000  1.0000000e+000  1.0000000e+000  1.5000000e+000  1.5000000e+000  1.5000000e+000  1.0000000e+000  1.0000000e+000  1.5000000e+000  1.5000000e+000  1.5000000e+000  1.5000000e+000  1.5000000e+000  1.5000000e+000  1.5000000e+000  1.0000000e+000  1.0000000e+000  1.0000000e+000  1.0000000e+000  1.0000000e+000  1.0000000e+000  1.0000000e+000  1.0000000e+000  1.0000000e+000  1.0000000e+000  1.0000000e+000  1.5000000e+000  1.5000000e+000  1.0000000e+000  1.0000000e+000  1.0000000e+000  1.0000000e+000  1.5000000e+000  1.5000000e+000  1.5000000e+000  1.0000000e+000  1.0000000e+000  1.0000000e+000  1.0000000e+000  1.0000000e+000  1.0000000e+000  1.0000000e+000  1.5000000e+000  1.5000000e+000  1.5000000e+000  1.0000000e+000  1.0000000e+000  1.0000000e+000  1.0000000e+000  1.0000000e+000  1.0000000e+000  1.0000000e+000  1.0000000e+000  1.0000000e+000  1.0000000e+000  1.0000000e+000  1.0000000e+000  1.0000000e+000  1.0000000e+000  1.0000000e+000  1.0000000e+000  1.0000000e+000  1.0000000e+000  1.0000000e+000  1.0000000e+000  1.0000000e+000  1.0000000e+000  1.0000000e+000  1.5000000e+000  1.0000000e+000  1.0000000e+000  1.0000000e+000  1.0000000e+000  1.0000000e+000  1.0000000e+000  1.0000000e+000  1.0000000e+000  1.0000000e+000  1.0000000e+000  1.0000000e+000  1.0000000e+000  1.5000000e+000  1.5000000e+000  1.5000000e+000  1.0000000e+000  1.0000000e+000  1.0000000e+000  1.0000000e+000  1.0000000e+000  1.0000000e+000  1.0000000e+000  1.0000000e+000  1.0000000e+000  1.0000000e+000  1.0000000e+000  1.0000000e+000  1.0000000e+000  1.0000000e+000  1.0000000e+000  1.0000000e+000  1.0000000e+000  1.5000000e+000  1.5000000e+000  1.5000000e+000  1.5000000e+000  1.0000000e+000  1.0000000e+000  1.0000000e+000  1.0000000e+000  1.5000000e+000  1.5000000e+000  1.0000000e+000  1.0000000e+000  1.0000000e+000  1.0000000e+000  1.5000000e+000  1.5000000e+000  1.5000000e+000  1.5000000e+000  1.5000000e+000  1.5000000e+000  1.0000000e+000  1.0000000e+000  1.5000000e+000  1.5000000e+000  1.5000000e+000  1.5000000e+000  1.5000000e+000  1.5000000e+000  1.0000000e+000  1.0000000e+000  1.0000000e+000  1.0000000e+000  1.5000000e+000  1.5000000e+000  1.5000000e+000  1.5000000e+000  1.5000000e+000  1.0000000e+000  1.0000000e+000  1.0000000e+000  1.0000000e+000  1.5000000e+000  1.5000000e+000  1.5000000e+000  1.0000000e+000  1.5000000e+000  1.5000000e+000  1.5000000e+000  1.5000000e+000  1.5000000e+000  1.0000000e+000  1.0000000e+000  1.5000000e+000  1.5000000e+000  1.5000000e+000  1.5000000e+000  1.5000000e+000  1.0000000e+000
  1.0000000e+000  1.0000000e+000  1.5000000e+000  1.5000000e+000  1.5000000e+000  1.0000000e+000  1.0000000e+000  1.0000000e+000  1.0000000e+000  1.0000000e+000  1.0000000e+000  1.0000000e+000  1.0000000e+000  1.0000000e+000  1.0000000e+000  1.5000000e+000  1.5000000e+000  1.5000000e+000  1.5000000e+000  1.5000000e+000  1.5000000e+000  1.5000000e+000  1.5000000e+000  1.0000000e+000  1.0000000e+000  1.0000000e+000  1.0000000e+000  1.0000000e+000  1.0000000e+000  1.5000000e+000  1.5000000e+000  1.0000000e+000  1.0000000e+000  1.0000000e+000  1.0000000e+000  1.0000000e+000  1.0000000e+000  1.5000000e+000  1.5000000e+000  1.5000000e+000  1.0000000e+000  1.0000000e+000  1.5000000e+000  1.5000000e+000  1.5000000e+000  1.0000000e+000  1.0000000e+000  1.0000000e+000  1.5000000e+000  1.5000000e+000  1.0000000e+000  1.0000000e+000  1.0000000e+000  1.5000000e+000  1.5000000e+000  1.5000000e+000  1.5000000e+000  1.5000000e+000  1.5000000e+000  1.5000000e+000  1.5000000e+000  1.0000000e+000  1.0000000e+000  1.0000000e+000  1.0000000e+000  1.5000000e+000  1.5000000e+000  1.5000000e+000  1.0000000e+000  1.5000000e+000  1.5000000e+000  1.5000000e+000  1.0000000e+000  1.0000000e+000  1.0000000e+000  1.5000000e+000  1.5000000e+000  1.5000000e+000  1.0000000e+000  1.0000000e+000  1.5000000e+000  1.5000000e+000  1.5000000e+000  1.5000000e+000  1.5000000e+000  1.5000000e+000  1.5000000e+000  1.0000000e+000  1.0000000e+000  1.5000000e+000  1.0000000e+000  1.0000000e+000  1.0000000e+000  1.0000000e+000  1.0000000e+000  1.0000000e+000  1.0000000e+000  1.0000000e+000  1.0000000e+000  1.0000000e+000  1.0000000e+000  1.5000000e+000  1.5000000e+000  1.0000000e+000  1.5000000e+000  1.5000000e+000  1.5000000e+000  1.5000000e+000  1.5000000e+000  1.5000000e+000  1.5000000e+000  1.5000000e+000  1.5000000e+000  1.0000000e+000  1.0000000e+000  1.0000000e+000  1.0000000e+000  1.0000000e+000  1.0000000e+000  1.0000000e+000  1.0000000e+000  1.0000000e+000  1.0000000e+000  1.0000000e+000  1.5000000e+000  1.0000000e+000  1.0000000e+000  1.0000000e+000  1.0000000e+000  1.0000000e+000  1.0000000e+000  1.0000000e+000  1.0000000e+000  1.0000000e+000  1.0000000e+000  1.0000000e+000  1.0000000e+000  1.0000000e+000  1.0000000e+000  1.0000000e+000  1.5000000e+000  1.5000000e+000  1.5000000e+000  1.5000000e+000  1.5000000e+000  1.0000000e+000  1.0000000e+000  1.5000000e+000  1.0000000e+000  1.0000000e+000  1.0000000e+000  1.0000000e+000  1.0000000e+000  1.0000000e+000  1.0000000e+000  1.0000000e+000  1.0000000e+000  1.5000000e+000  1.5000000e+000  1.5000000e+000  1.5000000e+000  1.0000000e+000  1.0000000e+000  1.5000000e+000  1.5000000e+000  1.5000000e+000  1.5000000e+000  1.0000000e+000  1.0000000e+000  1.0000000e+000  1.0000000e+000  1.0000000e+000  1.0000000e+000  1.0000000e+000  1.0000000e+000  1.0000000e+000  1.0000000e+000  1.0000000e+000  1.5000000e+000  1.5000000e+000  1.5000000e+000  1.0000000e+000  1.0000000e+000  1.0000000e+000  1.0000000e+000  1.0000000e+000  1.0000000e+000  1.0000000e+000  1.0000000e+000  1.0000000e+000  1.0000000e+000  1.0000000e+000  1.0000000e+000  1.0000000e+000  1.0000000e+000  1.0000000e+000  1.0000000e+000  1.0000000e+000  1.0000000e+000  1.0000000e+000  1.0000000e+000  1.0000000e+000  1.0000000e+000  1.0000000e+000  1.0000000e+000  1.0000000e+000  1.5000000e+000  1.5000000e+000  1.0000000e+000  1.0000000e+000  1.0000000e+000  1.0000000e+000  1.5000000e+000  1.5000000e+000  1.5000000e+000  1.0000000e+000  1.0000000e+000  1.0000000e+000  1.0000000e+000  1.0000000e+000  1.5000000e+000  1.5000000e+000  1.5000000e+000  1.5000000e+000  1.5000000e+000  1.5000000e+000  1.0000000e+000  1.0000000e+000  1.0000000e+000  1.0000000e+000  1.5000000e+000  1.5000000e+000  1.5000000e+000  1.5000000e+000  1.0000000e+000  1.0000000e+000  1.0000000e+000  1.0000000e+000  1.0000000e+000  1.5000000e+000  1.5000000e+000  1.5000000e+000  1.5000000e+000  1.5000000e+000  1.5000000e+000  1.5000000e+000  1.5000000e+000  1.0000000e+000  1.0000000e+000  1.0000000e+000  1.0000000e+000  1.5000000e+000  1.5000000e+000  1.5000000e+000  1.5000000e+000  1.5000000e+000
  1.0000000e+000  1.0000000e+000  1.5000000e+000  1.5000000e+000  1.5000000e+000  1.0000000e+000  1.0000000e+000  1.0000000e+000  1.0000000e+000  1.0000000e+000  1.0000000e+000  1.0000000e+000  1.0000000e+000  1.0000000e+000  1.0000000e+000  1.5000000e+000  1.5000000e+000  1.5000000e+000  1.5000000e+000  1.5000000e+000  1.5000000e+000  1.0000000e+000  1.0000000e+000  1.0000000e+000  1.0000000e+000  1.0000000e+000  1.0000000e+000  1.5000000e+000  1.5000000e+000  1.5000000e+000  1.5000000e+000  1.0000000e+000  1.0000000e+000  1.0000000e+000  1.0000000e+000  1.0000000e+000  1.5000000e+000  1.5000000e+000  1.5000000e+000  1.0000000e+000  1.0000000e+000  1.0000000e+000  1.5000000e+000  1.5000000e+000  1.5000000e+000  1.0000000e+000  1.0000000e+000  1.0000000e+000  1.5000000e+000  1.5000000e+000  1.5000000e+000  1.0000000e+000  1.5000000e+000  1.5000000e+000  1.5000000e+000  1.5000000e+000  1.5000000e+000  1.5000000e+000  1.5000000e+000  1.5000000e+000  1.5000000e+000  1.5000000e+000  1.0000000e+000  1.0000000e+000  1.5000000e+000  1.5000000e+000  1.5000000e+000  1.5000000e+000  1.0000000e+000  1.0000000e+000  1.5000000e+000  1.5000000e+000  1.5000000e+000  1.5000000e+000  1.5000000e+000  1.5000000e+000  1.5000000e+000  1.5000000e+000  1.5000000e+000  1.5000000e+000  1.5000000e+000  1.5000000e+000  1.5000000e+000  1.5000000e+000  1.5000000e+000  1.5000000e+000  1.0000000e+000  1.0000000e+000  1.0000000e+000  1.5000000e+000  1.5000000e+000  1.0000000e+000  1.0000000e+000  1.0000000e+000  1.0000000e+000  1.0000000e+000  1.0000000e+000  1.0000000e+000  1.0000000e+000  1.0000000e+000  1.0000000e+000  1.5000000e+000  1.0000000e+000  1.0000000e+000  1.0000000e+000  1.5000000e+000  1.5000000e+000  1.5000000e+000  1.5000000e+000  1.5000000e+000  1.5000000e+000  1.5000000e+000  1.5000000e+000  1.5000000e+000  1.0000000e+000  1.0000000e+000  1.0000000e+000  1.0000000e+000  1.0000000e+000  1.0000000e+000  1.5000000e+000  1.0000000e+000  1.0000000e+000  1.0000000e+000  1.0000000e+000  1.0000000e+000  1.0000000e+000  1.0000000e+000  1.0000000e+000  1.0000000e+000  1.0000000e+000  1.0000000e+000  1.0000000e+000  1.0000000e+000  1.0000000e+000  1.0000000e+000  1.0000000e+000  1.0000000e+000  1.5000000e+000  1.5000000e+000  1.5000000e+000  1.0000000e+000  1.5000000e+000  1.5000000e+000  1.5000000e+000  1.0000000e+000  1.5000000e+000  1.5000000e+000  1.5000000e+000  1.5000000e+000  1.5000000e+000  1.0000000e+000  1.0000000e+000  1.0000000e+000  1.0000000e+000  1.0000000e+000  1.0000000e+000  1.5000000e+000  1.5000000e+000  1.5000000e+000  1.5000000e+000  1.5000000e+000  1.5000000e+000  1.5000000e+000  1.5000000e+000  1.5000000e+000  1.5000000e+000  1.5000000e+000  1.0000000e+000  1.0000000e+000  1.0000000e+000  1.0000000e+000  1.0000000e+000  1.0000000e+000  1.0000000e+000  1.0000000e+000  1.0000000e+000  1.0000000e+000  1.5000000e+000  1.5000000e+000  1.0000000e+000  1.0000000e+000  1.0000000e+000  1.0000000e+000  1.0000000e+000  1.0000000e+000  1.0000000e+000  1.5000000e+000  1.5000000e+000  1.5000000e+000  1.0000000e+000  1.0000000e+000  1.0000000e+000  1.0000000e+000  1.0000000e+000  1.0000000e+000  1.0000000e+000  1.0000000e+000  1.0000000e+000  1.0000000e+000  1.0000000e+000  1.0000000e+000  1.0000000e+000  1.0000000e+000  1.0000000e+000  1.0000000e+000  1.5000000e+000  1.0000000e+000  1.0000000e+000  1.0000000e+000  1.0000000e+000  1.5000000e+000  1.5000000e+000  1.5000000e+000  1.0000000e+000  1.0000000e+000  1.0000000e+000  1.0000000e+000  1.0000000e+000  1.5000000e+000  1.5000000e+000  1.5000000e+000  1.0000000e+000  1.0000000e+000  1.0000000e+000  1.0000000e+000  1.0000000e+000  1.0000000e+000  1.0000000e+000  1.0000000e+000  1.5000000e+000  1.5000000e+000  1.5000000e+000  1.5000000e+000  1.0000000e+000  1.0000000e+000  1.0000000e+000  1.0000000e+000  1.0000000e+000  1.5000000e+000  1.5000000e+000  1.5000000e+000  1.5000000e+000  1.5000000e+000  1.5000000e+000  1.5000000e+000  1.0000000e+000  1.0000000e+000  1.0000000e+000  1.0000000e+000  1.0000000e+000  1.0000000e+000  1.5000000e+000  1.5000000e+000  1.5000000e+000  1.5000000e+000
  1.0000000e+000  1.5000000e+000  1.5000000e+000  1.5000000e+000  1.5000000e+000  1.5000000e+000  1.0000000e+000  1.0000000e+000  1.0000000e+000  1.0000000e+000  1.0000000e+000  1.0000000e+000  1.0000000e+000  1.0000000e+000  1.5000000e+000  1.5000000e+000  1.5000000e+000  1.5000000e+000  1.5000000e+000  1.5000000e+000  1.5000000e+000  1.0000000e+000  1.0000000e+000  1.0000000e+000  1.0000000e+000  1.0000000e+000  1.5000000e+000  1.5000000e+000  1.5000000e+000  1.0000000e+000  1.0000000e+000  1.0000000e+000  1.0000000e+000  1.0000000e+000  1.0000000e+000  1.0000000e+000  1.5000000e+000  1.5000000e+000  1.0000000e+000  1.0000000e+000  1.0000000e+000  1.0000000e+000  1.5000000e+000  1.5000000e+000  1.5000000e+000  1.0000000e+000  1.0000000e+000  1.0000000e+000  1.5000000e+000  1.5000000e+000  1.0000000e+000  1.0000000e+000  1.5000000e+000  1.5000000e+000  1.5000000e+000  1.5000000e+000  1.5000000e+000  1.5000000e+000  1.5000000e+000  1.5000000e+000  1.5000000e+000  1.5000000e+000  1.0000000e+000  1.0000000e+000  1.5000000e+000  1.5000000e+000  1.5000000e+000  1.5000000e+000  1.5000000e+000  1.5000000e+000  1.5000000e+000  1.5000000e+000  1.5000000e+000  1.5000000e+000  1.5000000e+000  1.0000000e+000  1.0000000e+000  1.0000000e+000  1.5000000e+000  1.5000000e+000  1.5000000e+000  1.5000000e+000  1.5000000e+000  1.5000000e+000  1.5000000e+000  1.0000000e+000  1.0000000e+000  1.0000000e+000  1.5000000e+000  1.5000000e+000  1.5000000e+000  1.0000000e+000  1.0000000e+000  1.0000000e+000  1.5000000e+000  1.5000000e+000  1.5000000e+000  1.0000000e+000  1.0000000e+000  1.0000000e+000  1.0000000e+000  1.0000000e+000  1.0000000e+000  1.0000000e+000  1.0000000e+000  1.0000000e+000  1.5000000e+000  1.5000000e+000  1.5000000e+000  1.5000000e+000  1.5000000e+000  1.5000000e+000  1.5000000e+000  1.5000000e+000  1.5000000e+000  1.0000000e+000  1.0000000e+000  1.0000000e+000  1.0000000e+000  1.0000000e+000  1.0000000e+000  1.5000000e+000  1.0000000e+000  1.0000000e+000  1.0000000e+000  1.0000000e+000  1.0000000e+000  1.0000000e+000  1.0000000e+000  1.0000000e+000  1.0000000e+000  1.0000000e+000  1.0000000e+000  1.0000000e+000  1.5000000e+000  1.5000000e+000  1.0000000e+000  1.5000000e+000  1.5000000e+000  1.5000000e+000  1.5000000e+000  1.0000000e+000  1.5000000e+000  1.5000000e+000  1.5000000e+000  1.0000000e+000  1.0000000e+000  1.5000000e+000  1.5000000e+000  1.5000000e+000  1.5000000e+000  1.5000000e+000  1.5000000e+000  1.0000000e+000  1.0000000e+000  1.0000000e+000  1.0000000e+000  1.0000000e+000  1.5000000e+000  1.5000000e+000  1.5000000e+000  1.5000000e+000  1.5000000e+000  1.5000000e+000  1.5000000e+000  1.5000000e+000  1.5000000e+000  1.5000000e+000  1.0000000e+000  1.0000000e+000  1.0000000e+000  1.0000000e+000  1.0000000e+000  1.0000000e+000  1.5000000e+000  1.5000000e+000  1.0000000e+000  1.0000000e+000  1.5000000e+000  1.5000000e+000  1.0000000e+000  1.0000000e+000  1.0000000e+000  1.0000000e+000  1.0000000e+000  1.0000000e+000  1.5000000e+000  1.5000000e+000  1.5000000e+000  1.5000000e+000  1.5000000e+000  1.5000000e+000  1.0000000e+000  1.0000000e+000  1.0000000e+000  1.5000000e+000  1.0000000e+000  1.0000000e+000  1.0000000e+000  1.0000000e+000  1.0000000e+000  1.0000000e+000  1.0000000e+000  1.0000000e+000  1.5000000e+000  1.5000000e+000  1.0000000e+000  1.0000000e+000  1.0000000e+000  1.5000000e+000  1.5000000e+000  1.5000000e+000  1.5000000e+000  1.5000000e+000  1.0000000e+000  1.0000000e+000  1.0000000e+000  1.0000000e+000  1.5000000e+000  1.5000000e+000  1.5000000e+000  1.5000000e+000  1.0000000e+000  1.0000000e+000  1.0000000e+000  1.0000000e+000  1.0000000e+000  1.0000000e+000  1.0000000e+000  1.0000000e+000  1.0000000e+000  1.5000000e+000  1.5000000e+000  1.5000000e+000  1.0000000e+000  1.0000000e+000  1.0000000e+000  1.0000000e+000  1.0000000e+000  1.5000000e+000  1.5000000e+000  1.5000000e+000  1.5000000e+000  1.5000000e+000  1.5000000e+000  1.5000000e+000  1.0000000e+000  1.0000000e+000  1.0000000e+000  1.0000000e+000  1.0000000e+000  1.0000000e+000  1.5000000e+000  1.0000000e+000  1.0000000e+000  1.5000000e+000
  1.0000000e+000  1.5000000e+000  1.5000000e+000  1.5000000e+000  1.5000000e+000  1.5000000e+000  1.0000000e+000  1.0000000e+000  1.0000000e+000  1.0000000e+000  1.0000000e+000  1.0000000e+000  1.5000000e+000  1.5000000e+000  1.5000000e+000  1.5000000e+000  1.5000000e+000  1.5000000e+000  1.5000000e+000  1.5000000e+000  1.5000000e+000  1.5000000e+000  1.5000000e+000  1.0000000e+000  1.0000000e+000  1.0000000e+000  1.5000000e+000  1.5000000e+000  1.5000000e+000  1.0000000e+000  1.0000000e+000  1.0000000e+000  1.5000000e+000  1.5000000e+000  1.0000000e+000  1.5000000e+000  1.5000000e+000  1.5000000e+000  1.0000000e+000  1.0000000e+000  1.0000000e+000  1.0000000e+000  1.0000000e+000  1.0000000e+000  1.0000000e+000  1.0000000e+000  1.0000000e+000  1.0000000e+000  1.5000000e+000  1.5000000e+000  1.0000000e+000  1.0000000e+000  1.5000000e+000  1.5000000e+000  1.0000000e+000  1.0000000e+000  1.5000000e+000  1.5000000e+000  1.5000000e+000  1.5000000e+000  1.5000000e+000  1.5000000e+000  1.0000000e+000  1.0000000e+000  1.0000000e+000  1.5000000e+000  1.5000000e+000  1.5000000e+000  1.5000000e+000  1.5000000e+000  1.5000000e+000  1.0000000e+000  1.0000000e+000  1.0000000e+000  1.0000000e+000  1.0000000e+000  1.0000000e+000  1.0000000e+000  1.5000000e+000  1.5000000e+000  1.5000000e+000  1.5000000e+000  1.5000000e+000  1.5000000e+000  1.0000000e+000  1.0000000e+000  1.0000000e+000  1.0000000e+000  1.0000000e+000  1.5000000e+000  1.5000000e+000  1.5000000e+000  1.5000000e+000  1.5000000e+000  1.5000000e+000  1.5000000e+000  1.0000000e+000  1.0000000e+000  1.0000000e+000  1.0000000e+000  1.0000000e+000  1.0000000e+000  1.0000000e+000  1.0000000e+000  1.0000000e+000  1.0000000e+000  1.5000000e+000  1.5000000e+000  1.5000000e+000  1.5000000e+000  1.5000000e+000  1.5000000e+000  1.5000000e+000  1.5000000e+000  1.5000000e+000  1.5000000e+000  1.0000000e+000  1.0000000e+000  1.0000000e+000  1.0000000e+000  1.0000000e+000  1.5000000e+000  1.0000000e+000  1.0000000e+000  1.0000000e+000  1.0000000e+000  1.0000000e+000  1.0000000e+000  1.0000000e+000  1.0000000e+000  1.0000000e+000  1.0000000e+000  1.5000000e+000  1.5000000e+000  1.5000000e+000  1.5000000e+000  1.5000000e+000  1.0000000e+000  1.5000000e+000  1.5000000e+000  1.5000000e+000  1.5000000e+000  1.5000000e+000  1.5000000e+000  1.5000000e+000  1.5000000e+000  1.5000000e+000  1.5000000e+000  1.5000000e+000  1.5000000e+000  1.0000000e+000  1.0000000e+000  1.5000000e+000  1.5000000e+000  1.5000000e+000  1.0000000e+000  1.0000000e+000  1.0000000e+000  1.0000000e+000  1.5000000e+000  1.5000000e+000  1.5000000e+000  1.5000000e+000  1.5000000e+000  1.5000000e+000  1.5000000e+000  1.5000000e+000  1.5000000e+000  1.5000000e+000  1.0000000e+000  1.0000000e+000  1.0000000e+000  1.0000000e+000  1.0000000e+000  1.5000000e+000  1.5000000e+000  1.5000000e+000  1.0000000e+000  1.5000000e+000  1.5000000e+000  1.5000000e+000  1.0000000e+000  1.0000000e+000  1.0000000e+000  1.0000000e+000  1.5000000e+000  1.5000000e+000  1.5000000e+000  1.5000000e+000  1.5000000e+000  1.5000000e+000  1.5000000e+000  1.0000000e+000  1.0000000e+000  1.0000000e+000  1.5000000e+000  1.5000000e+000  1.0000000e+000  1.0000000e+000  1.0000000e+000  1.0000000e+000  1.0000000e+000  1.5000000e+000  1.5000000e+000  1.5000000e+000  1.5000000e+000  1.5000000e+000  1.0000000e+000  1.0000000e+000  1.5000000e+000  1.5000000e+000  1.5000000e+000  1.5000000e+000  1.0000000e+000  1.0000000e+000  1.0000000e+000  1.0000000e+000  1.5000000e+000  1.5000000e+000  1.5000000e+000  1.5000000e+000  1.5000000e+000  1.0000000e+000  1.0000000e+000  1.0000000e+000  1.0000000e+000  1.0000000e+000  1.0000000e+000  1.0000000e+000  1.0000000e+000  1.0000000e+000  1.0000000e+000  1.5000000e+000  1.5000000e+000  1.0000000e+000  1.0000000e+000  1.0000000e+000  1.0000000e+000  1.0000000e+000  1.0000000e+000  1.5000000e+000  1.5000000e+000  1.5000000e+000  1.5000000e+000  1.5000000e+000  1.5000000e+000  1.5000000e+000  1.0000000e+000  1.0000000e+000  1.0000000e+000  1.5000000e+000  1.5000000e+000  1.5000000e+000  1.0000000e+000  1.0000000e+000  1.5000000e+000
  1.0000000e+000  1.0000000e+000  1.5000000e+000  1.5000000e+000  1.5000000e+000  1.5000000e+000  1.0000000e+000  1.0000000e+000  1.0000000e+000  1.0000000e+000  1.0000000e+000  1.0000000e+000  1.5000000e+000  1.5000000e+000  1.5000000e+000  1.5000000e+000  1.5000000e+000  1.5000000e+000  1.5000000e+000  1.5000000e+000  1.5000000e+000  1.5000000e+000  1.5000000e+000  1.5000000e+000  1.0000000e+000  1.0000000e+000  1.5000000e+000  1.5000000e+000  1.5000000e+000  1.5000000e+000  1.5000000e+000  1.5000000e+000  1.5000000e+000  1.5000000e+000  1.0000000e+000  1.0000000e+000  1.5000000e+000  1.5000000e+000  1.0000000e+000  1.0000000e+000  1.0000000e+000  1.0000000e+000  1.0000000e+000  1.0000000e+000  1.0000000e+000  1.0000000e+000  1.0000000e+000  1.0000000e+000  1.0000000e+000  1.0000000e+000  1.0000000e+000  1.0000000e+000  1.0000000e+000  1.0000000e+000  1.0000000e+000  1.0000000e+000  1.5000000e+000  1.5000000e+000  1.5000000e+000  1.5000000e+000  1.5000000e+000  1.0000000e+000  1.0000000e+000  1.0000000e+000  1.0000000e+000  1.0000000e+000  1.0000000e+000  1.5000000e+000  1.5000000e+000  1.5000000e+000  1.5000000e+000  1.0000000e+000  1.0000000e+000  1.0000000e+000  1.0000000e+000  1.0000000e+000  1.0000000e+000  1.0000000e+000  1.0000000e+000  1.5000000e+000  1.5000000e+000  1.5000000e+000  1.5000000e+000  1.5000000e+000  1.0000000e+000  1.0000000e+000  1.0000000e+000  1.0000000e+000  1.5000000e+000  1.5000000e+000  1.5000000e+000  1.5000000e+000  1.5000000e+000  1.5000000e+000  1.0000000e+000  1.0000000e+000  1.0000000e+000  1.5000000e+000  1.5000000e+000  1.5000000e+000  1.0000000e+000  1.0000000e+000  1.0000000e+000  1.0000000e+000  1.0000000e+000  1.0000000e+000  1.0000000e+000  1.5000000e+000  1.5000000e+000  1.5000000e+000  1.5000000e+000  1.5000000e+000  1.5000000e+000  1.5000000e+000  1.5000000e+000  1.5000000e+000  1.5000000e+000  1.5000000e+000  1.0000000e+000  1.5000000e+000  1.5000000e+000  1.5000000e+000  1.5000000e+000  1.5000000e+000  1.0000000e+000  1.0000000e+000  1.0000000e+000  1.5000000e+000  1.0000000e+000  1.0000000e+000  1.0000000e+000  1.0000000e+000  1.5000000e+000  1.5000000e+000  1.5000000e+000  1.5000000e+000  1.5000000e+000  1.0000000e+000  1.5000000e+000  1.5000000e+000  1.5000000e+000  1.5000000e+000  1.5000000e+000  1.5000000e+000  1.5000000e+000  1.5000000e+000  1.5000000e+000  1.5000000e+000  1.0000000e+000  1.0000000e+000  1.0000000e+000  1.0000000e+000  1.5000000e+000  1.5000000e+000  1.5000000e+000  1.5000000e+000  1.0000000e+000  1.0000000e+000  1.0000000e+000  1.5000000e+000  1.5000000e+000  1.5000000e+000  1.5000000e+000  1.5000000e+000  1.5000000e+000  1.5000000e+000  1.5000000e+000  1.5000000e+000  1.5000000e+000  1.0000000e+000  1.0000000e+000  1.0000000e+000  1.5000000e+000  1.5000000e+000  1.5000000e+000  1.5000000e+000  1.5000000e+000  1.5000000e+000  1.5000000e+000  1.5000000e+000  1.5000000e+000  1.0000000e+000  1.0000000e+000  1.0000000e+000  1.0000000e+000  1.5000000e+000  1.5000000e+000  1.5000000e+000  1.5000000e+000  1.5000000e+000  1.5000000e+000  1.5000000e+000  1.5000000e+000  1.5000000e+000  1.5000000e+000  1.5000000e+000  1.5000000e+000  1.0000000e+000  1.0000000e+000  1.0000000e+000  1.0000000e+000  1.0000000e+000  1.5000000e+000  1.5000000e+000  1.5000000e+000  1.5000000e+000  1.5000000e+000  1.5000000e+000  1.5000000e+000  1.5000000e+000  1.5000000e+000  1.5000000e+000  1.5000000e+000  1.0000000e+000  1.0000000e+000  1.0000000e+000  1.0000000e+000  1.0000000e+000  1.5000000e+000  1.5000000e+000  1.5000000e+000  1.5000000e+000  1.5000000e+000  1.5000000e+000  1.0000000e+000  1.0000000e+000  1.0000000e+000  1.0000000e+000  1.0000000e+000  1.0000000e+000  1.0000000e+000  1.0000000e+000  1.0000000e+000  1.0000000e+000  1.0000000e+000  1.0000000e+000  1.0000000e+000  1.0000000e+000  1.0000000e+000  1.0000000e+000  1.5000000e+000  1.5000000e+000  1.5000000e+000  1.5000000e+000  1.5000000e+000  1.5000000e+000  1.5000000e+000  1.5000000e+000  1.5000000e+000  1.5000000e+000  1.5000000e+000  1.5000000e+000  1.5000000e+000  1.5000000e+000  1.0000000e+000  1.5000000e+000
  1.5000000e+000  1.5000000e+000  1.5000000e+000  1.5000000e+000  1.5000000e+000  1.0000000e+000  1.0000000e+000  1.0000000e+000  1.0000000e+000  1.0000000e+000  1.0000000e+000  1.5000000e+000  1.5000000e+000  1.5000000e+000  1.5000000e+000  1.5000000e+000  1.5000000e+000  1.5000000e+000  1.5000000e+000  1.5000000e+000  1.5000000e+000  1.5000000e+000  1.5000000e+000  1.5000000e+000  1.5000000e+000  1.5000000e+000  1.5000000e+000  1.5000000e+000  1.5000000e+000  1.5000000e+000  1.5000000e+000  1.5000000e+000  1.5000000e+000  1.5000000e+000  1.0000000e+000  1.0000000e+000  1.0000000e+000  1.0000000e+000  1.0000000e+000  1.0000000e+000  1.0000000e+000  1.0000000e+000  1.0000000e+000  1.0000000e+000  1.0000000e+000  1.0000000e+000  1.0000000e+000  1.0000000e+000  1.0000000e+000  1.0000000e+000  1.0000000e+000  1.0000000e+000  1.0000000e+000  1.0000000e+000  1.5000000e+000  1.5000000e+000  1.5000000e+000  1.5000000e+000  1.5000000e+000  1.5000000e+000  1.0000000e+000  1.0000000e+000  1.0000000e+000  1.0000000e+000  1.0000000e+000  1.0000000e+000  1.0000000e+000  1.0000000e+000  1.5000000e+000  1.5000000e+000  1.5000000e+000  1.5000000e+000  1.0000000e+000  1.0000000e+000  1.0000000e+000  1.0000000e+000  1.0000000e+000  1.0000000e+000  1.0000000e+000  1.0000000e+000  1.5000000e+000  1.5000000e+000  1.5000000e+000  1.5000000e+000  1.5000000e+000  1.5000000e+000  1.5000000e+000  1.5000000e+000  1.5000000e+000  1.5000000e+000  1.5000000e+000  1.5000000e+000  1.5000000e+000  1.5000000e+000  1.0000000e+000  1.0000000e+000  1.0000000e+000  1.0000000e+000  1.5000000e+000  1.5000000e+000  1.5000000e+000  1.5000000e+000  1.5000000e+000  1.5000000e+000  1.0000000e+000  1.0000000e+000  1.0000000e+000  1.0000000e+000  1.5000000e+000  1.5000000e+000  1.5000000e+000  1.5000000e+000  1.5000000e+000  1.5000000e+000  1.5000000e+000  1.5000000e+000  1.5000000e+000  1.5000000e+000  1.5000000e+000  1.5000000e+000  1.5000000e+000  1.5000000e+000  1.5000000e+000  1.5000000e+000  1.0000000e+000  1.0000000e+000  1.0000000e+000  1.5000000e+000  1.0000000e+000  1.0000000e+000  1.0000000e+000  1.5000000e+000  1.5000000e+000  1.5000000e+000  1.5000000e+000  1.5000000e+000  1.5000000e+000  1.5000000e+000  1.5000000e+000  1.5000000e+000  1.5000000e+000  1.5000000e+000  1.5000000e+000  1.5000000e+000  1.5000000e+000  1.5000000e+000  1.5000000e+000  1.5000000e+000  1.5000000e+000  1.5000000e+000  1.5000000e+000  1.5000000e+000  1.5000000e+000  1.5000000e+000  1.5000000e+000  1.5000000e+000  1.5000000e+000  1.5000000e+000  1.5000000e+000  1.5000000e+000  1.5000000e+000  1.5000000e+000  1.5000000e+000  1.5000000e+000  1.5000000e+000  1.5000000e+000  1.5000000e+000  1.5000000e+000  1.0000000e+000  1.0000000e+000  1.0000000e+000  1.5000000e+000  1.5000000e+000  1.5000000e+000  1.5000000e+000  1.0000000e+000  1.5000000e+000  1.5000000e+000  1.5000000e+000  1.5000000e+000  1.5000000e+000  1.5000000e+000  1.0000000e+000  1.0000000e+000  1.0000000e+000  1.0000000e+000  1.0000000e+000  1.0000000e+000  1.0000000e+000  1.5000000e+000  1.5000000e+000  1.5000000e+000  1.5000000e+000  1.5000000e+000  1.5000000e+000  1.5000000e+000  1.5000000e+000  1.5000000e+000  1.5000000e+000  1.0000000e+000  1.0000000e+000  1.0000000e+000  1.0000000e+000  1.5000000e+000  1.5000000e+000  1.5000000e+000  1.5000000e+000  1.5000000e+000  1.5000000e+000  1.5000000e+000  1.5000000e+000  1.5000000e+000  1.5000000e+000  1.0000000e+000  1.0000000e+000  1.0000000e+000  1.0000000e+000  1.5000000e+000  1.5000000e+000  1.5000000e+000  1.5000000e+000  1.5000000e+000  1.5000000e+000  1.5000000e+000  1.5000000e+000  1.5000000e+000  1.5000000e+000  1.5000000e+000  1.5000000e+000  1.0000000e+000  1.0000000e+000  1.0000000e+000  1.0000000e+000  1.0000000e+000  1.5000000e+000  1.0000000e+000  1.0000000e+000  1.0000000e+000  1.0000000e+000  1.5000000e+000  1.5000000e+000  1.5000000e+000  1.5000000e+000  1.5000000e+000  1.5000000e+000  1.5000000e+000  1.5000000e+000  1.5000000e+000  1.5000000e+000  1.5000000e+000  1.5000000e+000  1.5000000e+000  1.5000000e+000  1.5000000e+000  1.0000000e+000  1.5000000e+000
  1.5000000e+000  1.5000000e+000  1.5000000e+000  1.5000000e+000  1.5000000e+000  1.0000000e+000  1.0000000e+000  1.0000000e+000  1.0000000e+000  1.0000000e+000  1.5000000e+000  1.5000000e+000  1.5000000e+000  1.5000000e+000  1.5000000e+000  1.0000000e+000  1.0000000e+000  1.5000000e+000  1.5000000e+000  1.5000000e+000  1.5000000e+000  1.0000000e+000  1.0000000e+000  1.0000000e+000  1.5000000e+000  1.5000000e+000  1.5000000e+000  1.5000000e+000  1.5000000e+000  1.5000000e+000  1.0000000e+000  1.0000000e+000  1.0000000e+000  1.0000000e+000  1.0000000e+000  1.0000000e+000  1.0000000e+000  1.0000000e+000  1.0000000e+000  1.0000000e+000  1.0000000e+000  1.0000000e+000  1.0000000e+000  1.0000000e+000  1.0000000e+000  1.5000000e+000  1.5000000e+000  1.5000000e+000  1.5000000e+000  1.5000000e+000  1.0000000e+000  1.0000000e+000  1.0000000e+000  1.5000000e+000  1.5000000e+000  1.5000000e+000  1.0000000e+000  1.0000000e+000  1.0000000e+000  1.0000000e+000  1.5000000e+000  1.5000000e+000  1.5000000e+000  1.0000000e+000  1.0000000e+000  1.0000000e+000  1.0000000e+000  1.0000000e+000  1.0000000e+000  1.5000000e+000  1.5000000e+000  1.0000000e+000  1.0000000e+000  1.5000000e+000  1.5000000e+000  1.0000000e+000  1.0000000e+000  1.0000000e+000  1.0000000e+000  1.0000000e+000  1.5000000e+000  1.5000000e+000  1.5000000e+000  1.5000000e+000  1.5000000e+000  1.5000000e+000  1.5000000e+000  1.5000000e+000  1.0000000e+000  1.5000000e+000  1.5000000e+000  1.5000000e+000  1.5000000e+000  1.5000000e+000  1.0000000e+000  1.0000000e+000  1.0000000e+000  1.0000000e+000  1.5000000e+000  1.5000000e+000  1.5000000e+000  1.5000000e+000  1.5000000e+000  1.5000000e+000  1.0000000e+000  1.0000000e+000  1.0000000e+000  1.0000000e+000  1.5000000e+000  1.5000000e+000  1.5000000e+000  1.5000000e+000  1.5000000e+000  1.5000000e+000  1.5000000e+000  1.5000000e+000  1.5000000e+000  1.5000000e+000  1.5000000e+000  1.5000000e+000  1.5000000e+000  1.0000000e+000  1.0000000e+000  1.0000000e+000  1.5000000e+000  1.5000000e+000  1.5000000e+000  1.5000000e+000  1.0000000e+000  1.0000000e+000  1.0000000e+000  1.5000000e+000  1.5000000e+000  1.5000000e+000  1.5000000e+000  1.5000000e+000  1.5000000e+000  1.5000000e+000  1.5000000e+000  1.5000000e+000  1.5000000e+000  1.5000000e+000  1.5000000e+000  1.5000000e+000  1.5000000e+000  1.5000000e+000  1.5000000e+000  1.5000000e+000  1.5000000e+000  1.5000000e+000  1.5000000e+000  1.5000000e+000  1.0000000e+000  1.5000000e+000  1.5000000e+000  1.5000000e+000  1.5000000e+000  1.5000000e+000  1.5000000e+000  1.5000000e+000  1.5000000e+000  1.5000000e+000  1.5000000e+000  1.5000000e+000  1.5000000e+000  1.5000000e+000  1.5000000e+000  1.5000000e+000  1.5000000e+000  1.0000000e+000  1.0000000e+000  1.0000000e+000  1.5000000e+000  1.5000000e+000  1.5000000e+000  1.0000000e+000  1.0000000e+000  1.5000000e+000  1.5000000e+000  1.5000000e+000  1.5000000e+000  1.0000000e+000  1.0000000e+000  1.0000000e+000  1.0000000e+000  1.0000000e+000  1.0000000e+000  1.0000000e+000  1.0000000e+000  1.5000000e+000  1.5000000e+000  1.5000000e+000  1.5000000e+000  1.5000000e+000  1.5000000e+000  1.5000000e+000  1.5000000e+000  1.5000000e+000  1.5000000e+000  1.5000000e+000  1.0000000e+000  1.0000000e+000  1.0000000e+000  1.0000000e+000  1.5000000e+000  1.5000000e+000  1.5000000e+000  1.5000000e+000  1.5000000e+000  1.5000000e+000  1.5000000e+000  1.5000000e+000  1.5000000e+000  1.5000000e+000  1.0000000e+000  1.0000000e+000  1.0000000e+000  1.5000000e+000  1.5000000e+000  1.5000000e+000  1.5000000e+000  1.5000000e+000  1.5000000e+000  1.5000000e+000  1.5000000e+000  1.5000000e+000  1.5000000e+000  1.5000000e+000  1.5000000e+000  1.5000000e+000  1.0000000e+000  1.0000000e+000  1.0000000e+000  1.0000000e+000  1.5000000e+000  1.0000000e+000  1.0000000e+000  1.0000000e+000  1.5000000e+000  1.5000000e+000  1.5000000e+000  1.5000000e+000  1.5000000e+000  1.5000000e+000  1.5000000e+000  1.5000000e+000  1.5000000e+000  1.5000000e+000  1.5000000e+000  1.5000000e+000  1.5000000e+000  1.5000000e+000  1.5000000e+000  1.0000000e+000  1.0000000e+000  1.0000000e+000
  1.5000000e+000  1.5000000e+000  1.5000000e+000  1.5000000e+000  1.5000000e+000  1.5000000e+000  1.0000000e+000  1.5000000e+000  1.5000000e+000  1.5000000e+000  1.5000000e+000  1.5000000e+000  1.5000000e+000  1.5000000e+000  1.5000000e+000  1.5000000e+000  1.5000000e+000  1.5000000e+000  1.5000000e+000  1.5000000e+000  1.5000000e+000  1.0000000e+000  1.0000000e+000  1.5000000e+000  1.5000000e+000  1.5000000e+000  1.0000000e+000  1.5000000e+000  1.5000000e+000  1.5000000e+000  1.0000000e+000  1.0000000e+000  1.0000000e+000  1.0000000e+000  1.0000000e+000  1.0000000e+000  1.0000000e+000  1.0000000e+000  1.0000000e+000  1.0000000e+000  1.0000000e+000  1.0000000e+000  1.0000000e+000  1.0000000e+000  1.0000000e+000  1.5000000e+000  1.5000000e+000  1.5000000e+000  1.5000000e+000  1.5000000e+000  1.5000000e+000  1.5000000e+000  1.5000000e+000  1.5000000e+000  1.5000000e+000  1.5000000e+000  1.0000000e+000  1.0000000e+000  1.0000000e+000  1.0000000e+000  1.5000000e+000  1.5000000e+000  1.5000000e+000  1.0000000e+000  1.0000000e+000  1.0000000e+000  1.0000000e+000  1.0000000e+000  1.0000000e+000  1.0000000e+000  1.0000000e+000  1.0000000e+000  1.0000000e+000  1.0000000e+000  1.0000000e+000  1.5000000e+000  1.0000000e+000  1.0000000e+000  1.0000000e+000  1.0000000e+000  1.5000000e+000  1.5000000e+000  1.5000000e+000  1.5000000e+000  1.5000000e+000  1.5000000e+000  1.5000000e+000  1.5000000e+000  1.0000000e+000  1.5000000e+000  1.5000000e+000  1.5000000e+000  1.5000000e+000  1.5000000e+000  1.0000000e+000  1.0000000e+000  1.0000000e+000  1.0000000e+000  1.0000000e+000  1.5000000e+000  1.5000000e+000  1.5000000e+000  1.5000000e+000  1.5000000e+000  1.5000000e+000  1.0000000e+000  1.0000000e+000  1.0000000e+000  1.0000000e+000  1.0000000e+000  1.0000000e+000  1.0000000e+000  1.5000000e+000  1.5000000e+000  1.5000000e+000  1.5000000e+000  1.5000000e+000  1.5000000e+000  1.5000000e+000  1.5000000e+000  1.5000000e+000  1.0000000e+000  1.0000000e+000  1.0000000e+000  1.5000000e+000  1.5000000e+000  1.5000000e+000  1.5000000e+000  1.0000000e+000  1.0000000e+000  1.0000000e+000  1.5000000e+000  1.5000000e+000  1.5000000e+000  1.5000000e+000  1.5000000e+000  1.5000000e+000  1.5000000e+000  1.5000000e+000  1.5000000e+000  1.0000000e+000  1.0000000e+000  1.0000000e+000  1.0000000e+000  1.0000000e+000  1.5000000e+000  1.5000000e+000  1.5000000e+000  1.5000000e+000  1.5000000e+000  1.5000000e+000  1.0000000e+000  1.0000000e+000  1.0000000e+000  1.5000000e+000  1.5000000e+000  1.5000000e+000  1.5000000e+000  1.5000000e+000  1.5000000e+000  1.5000000e+000  1.0000000e+000  1.5000000e+000  1.5000000e+000  1.5000000e+000  1.5000000e+000  1.5000000e+000  1.5000000e+000  1.5000000e+000  1.5000000e+000  1.0000000e+000  1.0000000e+000  1.5000000e+000  1.5000000e+000  1.5000000e+000  1.0000000e+000  1.0000000e+000  1.5000000e+000  1.5000000e+000  1.5000000e+000  1.5000000e+000  1.5000000e+000  1.0000000e+000  1.0000000e+000  1.0000000e+000  1.0000000e+000  1.0000000e+000  1.0000000e+000  1.5000000e+000  1.5000000e+000  1.5000000e+000  1.0000000e+000  1.5000000e+000  1.5000000e+000  1.5000000e+000  1.5000000e+000  1.5000000e+000  1.5000000e+000  1.5000000e+000  1.5000000e+000  1.0000000e+000  1.0000000e+000  1.0000000e+000  1.0000000e+000  1.0000000e+000  1.5000000e+000  1.5000000e+000  1.5000000e+000  1.5000000e+000  1.5000000e+000  1.5000000e+000  1.5000000e+000  1.5000000e+000  1.5000000e+000  1.5000000e+000  1.5000000e+000  1.5000000e+000  1.5000000e+000  1.5000000e+000  1.5000000e+000  1.5000000e+000  1.5000000e+000  1.5000000e+000  1.5000000e+000  1.5000000e+000  1.5000000e+000  1.5000000e+000  1.5000000e+000  1.5000000e+000  1.0000000e+000  1.0000000e+000  1.0000000e+000  1.0000000e+000  1.0000000e+000  1.5000000e+000  1.0000000e+000  1.0000000e+000  1.5000000e+000  1.5000000e+000  1.5000000e+000  1.5000000e+000  1.5000000e+000  1.5000000e+000  1.5000000e+000  1.5000000e+000  1.5000000e+000  1.5000000e+000  1.5000000e+000  1.5000000e+000  1.5000000e+000  1.5000000e+000  1.5000000e+000  1.5000000e+000  1.0000000e+000  1.0000000e+000  1.0000000e+000
  1.5000000e+000  1.5000000e+000  1.5000000e+000  1.5000000e+000  1.5000000e+000  1.5000000e+000  1.5000000e+000  1.5000000e+000  1.5000000e+000  1.5000000e+000  1.5000000e+000  1.5000000e+000  1.5000000e+000  1.5000000e+000  1.5000000e+000  1.5000000e+000  1.5000000e+000  1.5000000e+000  1.5000000e+000  1.5000000e+000  1.5000000e+000  1.0000000e+000  1.0000000e+000  1.5000000e+000  1.5000000e+000  1.5000000e+000  1.5000000e+000  1.5000000e+000  1.5000000e+000  1.5000000e+000  1.5000000e+000  1.5000000e+000  1.5000000e+000  1.0000000e+000  1.0000000e+000  1.0000000e+000  1.0000000e+000  1.0000000e+000  1.0000000e+000  1.0000000e+000  1.0000000e+000  1.0000000e+000  1.0000000e+000  1.0000000e+000  1.5000000e+000  1.5000000e+000  1.5000000e+000  1.5000000e+000  1.5000000e+000  1.5000000e+000  1.5000000e+000  1.5000000e+000  1.5000000e+000  1.5000000e+000  1.5000000e+000  1.5000000e+000  1.5000000e+000  1.0000000e+000  1.0000000e+000  1.0000000e+000  1.5000000e+000  1.5000000e+000  1.5000000e+000  1.5000000e+000  1.5000000e+000  1.0000000e+000  1.0000000e+000  1.0000000e+000  1.0000000e+000  1.0000000e+000  1.0000000e+000  1.0000000e+000  1.0000000e+000  1.0000000e+000  1.0000000e+000  1.5000000e+000  1.0000000e+000  1.0000000e+000  1.0000000e+000  1.0000000e+000  1.5000000e+000  1.5000000e+000  1.5000000e+000  1.5000000e+000  1.5000000e+000  1.5000000e+000  1.5000000e+000  1.5000000e+000  1.5000000e+000  1.5000000e+000  1.5000000e+000  1.5000000e+000  1.5000000e+000  1.5000000e+000  1.5000000e+000  1.0000000e+000  1.0000000e+000  1.0000000e+000  1.0000000e+000  1.5000000e+000  1.5000000e+000  1.5000000e+000  1.5000000e+000  1.5000000e+000  1.5000000e+000  1.0000000e+000  1.0000000e+000  1.0000000e+000  1.0000000e+000  1.0000000e+000  1.0000000e+000  1.0000000e+000  1.0000000e+000  1.0000000e+000  1.5000000e+000  1.5000000e+000  1.5000000e+000  1.5000000e+000  1.5000000e+000  1.5000000e+000  1.5000000e+000  1.0000000e+000  1.0000000e+000  1.5000000e+000  1.5000000e+000  1.5000000e+000  1.5000000e+000  1.5000000e+000  1.5000000e+000  1.0000000e+000  1.5000000e+000  1.5000000e+000  1.5000000e+000  1.5000000e+000  1.5000000e+000  1.5000000e+000  1.5000000e+000  1.5000000e+000  1.5000000e+000  1.5000000e+000  1.0000000e+000  1.0000000e+000  1.0000000e+000  1.0000000e+000  1.0000000e+000  1.5000000e+000  1.5000000e+000  1.5000000e+000  1.5000000e+000  1.5000000e+000  1.5000000e+000  1.0000000e+000  1.0000000e+000  1.0000000e+000  1.0000000e+000  1.5000000e+000  1.5000000e+000  1.5000000e+000  1.5000000e+000  1.5000000e+000  1.5000000e+000  1.0000000e+000  1.0000000e+000  1.0000000e+000  1.5000000e+000  1.5000000e+000  1.5000000e+000  1.5000000e+000  1.5000000e+000  1.5000000e+000  1.5000000e+000  1.5000000e+000  1.5000000e+000  1.5000000e+000  1.5000000e+000  1.5000000e+000  1.0000000e+000  1.0000000e+000  1.5000000e+000  1.5000000e+000  1.5000000e+000  1.5000000e+000  1.5000000e+000  1.0000000e+000  1.0000000e+000  1.0000000e+000  1.0000000e+000  1.0000000e+000  1.5000000e+000  1.5000000e+000  1.5000000e+000  1.5000000e+000  1.5000000e+000  1.5000000e+000  1.5000000e+000  1.5000000e+000  1.5000000e+000  1.5000000e+000  1.5000000e+000  1.5000000e+000  1.0000000e+000  1.0000000e+000  1.0000000e+000  1.0000000e+000  1.5000000e+000  1.5000000e+000  1.5000000e+000  1.5000000e+000  1.5000000e+000  1.0000000e+000  1.0000000e+000  1.0000000e+000  1.5000000e+000  1.5000000e+000  1.5000000e+000  1.5000000e+000  1.5000000e+000  1.5000000e+000  1.0000000e+000  1.0000000e+000  1.0000000e+000  1.0000000e+000  1.0000000e+000  1.0000000e+000  1.5000000e+000  1.5000000e+000  1.5000000e+000  1.5000000e+000  1.0000000e+000  1.0000000e+000  1.0000000e+000  1.0000000e+000  1.0000000e+000  1.0000000e+000  1.0000000e+000  1.0000000e+000  1.0000000e+000  1.5000000e+000  1.5000000e+000  1.5000000e+000  1.5000000e+000  1.5000000e+000  1.5000000e+000  1.5000000e+000  1.5000000e+000  1.0000000e+000  1.0000000e+000  1.0000000e+000  1.0000000e+000  1.5000000e+000  1.5000000e+000  1.5000000e+000  1.0000000e+000  1.0000000e+000  1.0000000e+000  1.5000000e+000
  1.5000000e+000  1.5000000e+000  1.5000000e+000  1.5000000e+000  1.5000000e+000  1.5000000e+000  1.5000000e+000  1.5000000e+000  1.5000000e+000  1.5000000e+000  1.5000000e+000  1.5000000e+000  1.5000000e+000  1.5000000e+000  1.5000000e+000  1.5000000e+000  1.5000000e+000  1.5000000e+000  1.5000000e+000  1.5000000e+000  1.5000000e+000  1.5000000e+000  1.5000000e+000  1.5000000e+000  1.5000000e+000  1.5000000e+000  1.5000000e+000  1.5000000e+000  1.5000000e+000  1.5000000e+000  1.5000000e+000  1.5000000e+000  1.5000000e+000  1.5000000e+000  1.0000000e+000  1.0000000e+000  1.0000000e+000  1.0000000e+000  1.0000000e+000  1.0000000e+000  1.0000000e+000  1.0000000e+000  1.0000000e+000  1.0000000e+000  1.5000000e+000  1.5000000e+000  1.5000000e+000  1.5000000e+000  1.5000000e+000  1.5000000e+000  1.5000000e+000  1.5000000e+000  1.5000000e+000  1.5000000e+000  1.5000000e+000  1.5000000e+000  1.5000000e+000  1.5000000e+000  1.0000000e+000  1.0000000e+000  1.5000000e+000  1.5000000e+000  1.5000000e+000  1.5000000e+000  1.5000000e+000  1.5000000e+000  1.5000000e+000  1.0000000e+000  1.5000000e+000  1.5000000e+000  1.5000000e+000  1.0000000e+000  1.0000000e+000  1.0000000e+000  1.0000000e+000  1.5000000e+000  1.5000000e+000  1.5000000e+000  1.0000000e+000  1.5000000e+000  1.5000000e+000  1.5000000e+000  1.5000000e+000  1.5000000e+000  1.5000000e+000  1.5000000e+000  1.5000000e+000  1.5000000e+000  1.5000000e+000  1.5000000e+000  1.5000000e+000  1.5000000e+000  1.5000000e+000  1.5000000e+000  1.5000000e+000  1.0000000e+000  1.0000000e+000  1.0000000e+000  1.0000000e+000  1.5000000e+000  1.5000000e+000  1.5000000e+000  1.5000000e+000  1.5000000e+000  1.5000000e+000  1.0000000e+000  1.0000000e+000  1.0000000e+000  1.0000000e+000  1.5000000e+000  1.5000000e+000  1.0000000e+000  1.0000000e+000  1.0000000e+000  1.0000000e+000  1.0000000e+000  1.0000000e+000  1.5000000e+000  1.5000000e+000  1.5000000e+000  1.5000000e+000  1.5000000e+000  1.5000000e+000  1.5000000e+000  1.5000000e+000  1.5000000e+000  1.5000000e+000  1.5000000e+000  1.5000000e+000  1.5000000e+000  1.5000000e+000  1.5000000e+000  1.5000000e+000  1.5000000e+000  1.5000000e+000  1.5000000e+000  1.5000000e+000  1.5000000e+000  1.5000000e+000  1.5000000e+000  1.5000000e+000  1.0000000e+000  1.0000000e+000  1.0000000e+000  1.0000000e+000  1.5000000e+000  1.5000000e+000  1.5000000e+000  1.5000000e+000  1.5000000e+000  1.5000000e+000  1.0000000e+000  1.0000000e+000  1.0000000e+000  1.0000000e+000  1.0000000e+000  1.5000000e+000  1.5000000e+000  1.5000000e+000  1.5000000e+000  1.5000000e+000  1.5000000e+000  1.0000000e+000  1.0000000e+000  1.0000000e+000  1.5000000e+000  1.5000000e+000  1.5000000e+000  1.5000000e+000  1.5000000e+000  1.5000000e+000  1.5000000e+000  1.5000000e+000  1.5000000e+000  1.5000000e+000  1.5000000e+000  1.0000000e+000  1.0000000e+000  1.5000000e+000  1.5000000e+000  1.5000000e+000  1.5000000e+000  1.5000000e+000  1.5000000e+000  1.0000000e+000  1.0000000e+000  1.5000000e+000  1.5000000e+000  1.5000000e+000  1.5000000e+000  1.5000000e+000  1.5000000e+000  1.5000000e+000  1.5000000e+000  1.5000000e+000  1.0000000e+000  1.0000000e+000  1.5000000e+000  1.5000000e+000  1.5000000e+000  1.0000000e+000  1.0000000e+000  1.0000000e+000  1.5000000e+000  1.5000000e+000  1.5000000e+000  1.5000000e+000  1.5000000e+000  1.5000000e+000  1.0000000e+000  1.0000000e+000  1.0000000e+000  1.5000000e+000  1.5000000e+000  1.5000000e+000  1.5000000e+000  1.0000000e+000  1.0000000e+000  1.0000000e+000  1.0000000e+000  1.0000000e+000  1.0000000e+000  1.0000000e+000  1.0000000e+000  1.5000000e+000  1.5000000e+000  1.5000000e+000  1.5000000e+000  1.5000000e+000  1.0000000e+000  1.0000000e+000  1.0000000e+000  1.0000000e+000  1.0000000e+000  1.0000000e+000  1.0000000e+000  1.5000000e+000  1.5000000e+000  1.5000000e+000  1.5000000e+000  1.5000000e+000  1.5000000e+000  1.5000000e+000  1.5000000e+000  1.5000000e+000  1.5000000e+000  1.0000000e+000  1.0000000e+000  1.0000000e+000  1.5000000e+000  1.5000000e+000  1.5000000e+000  1.0000000e+000  1.5000000e+000  1.5000000e+000  1.5000000e+000
  1.5000000e+000  1.5000000e+000  1.5000000e+000  1.5000000e+000  1.5000000e+000  1.5000000e+000  1.5000000e+000  1.5000000e+000  1.5000000e+000  1.5000000e+000  1.5000000e+000  1.5000000e+000  1.5000000e+000  1.5000000e+000  1.5000000e+000  1.5000000e+000  1.5000000e+000  1.5000000e+000  1.5000000e+000  1.5000000e+000  1.5000000e+000  1.5000000e+000  1.5000000e+000  1.5000000e+000  1.5000000e+000  1.5000000e+000  1.5000000e+000  1.5000000e+000  1.5000000e+000  1.5000000e+000  1.5000000e+000  1.5000000e+000  1.5000000e+000  1.5000000e+000  1.5000000e+000  1.0000000e+000  1.0000000e+000  1.0000000e+000  1.0000000e+000  1.5000000e+000  1.5000000e+000  1.0000000e+000  1.0000000e+000  1.5000000e+000  1.5000000e+000  1.5000000e+000  1.5000000e+000  1.5000000e+000  1.5000000e+000  1.5000000e+000  1.5000000e+000  1.5000000e+000  1.5000000e+000  1.5000000e+000  1.5000000e+000  1.5000000e+000  1.5000000e+000  1.5000000e+000  1.5000000e+000  1.0000000e+000  1.5000000e+000  1.5000000e+000  1.5000000e+000  1.5000000e+000  1.5000000e+000  1.5000000e+000  1.5000000e+000  1.5000000e+000  1.5000000e+000  1.5000000e+000  1.5000000e+000  1.5000000e+000  1.0000000e+000  1.0000000e+000  1.0000000e+000  1.0000000e+000  1.5000000e+000  1.5000000e+000  1.5000000e+000  1.5000000e+000  1.5000000e+000  1.5000000e+000  1.5000000e+000  1.5000000e+000  1.5000000e+000  1.5000000e+000  1.5000000e+000  1.5000000e+000  1.5000000e+000  1.5000000e+000  1.5000000e+000  1.5000000e+000  1.5000000e+000  1.5000000e+000  1.5000000e+000  1.5000000e+000  1.5000000e+000  1.5000000e+000  1.5000000e+000  1.5000000e+000  1.5000000e+000  1.5000000e+000  1.5000000e+000  1.5000000e+000  1.5000000e+000  1.0000000e+000  1.0000000e+000  1.0000000e+000  1.5000000e+000  1.5000000e+000  1.5000000e+000  1.5000000e+000  1.5000000e+000  1.5000000e+000  1.0000000e+000  1.0000000e+000  1.0000000e+000  1.0000000e+000  1.5000000e+000  1.5000000e+000  1.5000000e+000  1.5000000e+000  1.5000000e+000  1.5000000e+000  1.5000000e+000  1.5000000e+000  1.5000000e+000  1.5000000e+000  1.5000000e+000  1.5000000e+000  1.5000000e+000  1.5000000e+000  1.5000000e+000  1.5000000e+000  1.5000000e+000  1.5000000e+000  1.5000000e+000  1.5000000e+000  1.5000000e+000  1.5000000e+000  1.5000000e+000  1.0000000e+000  1.0000000e+000  1.0000000e+000  1.0000000e+000  1.5000000e+000  1.5000000e+000  1.5000000e+000  1.5000000e+000  1.5000000e+000  1.5000000e+000  1.5000000e+000  1.0000000e+000  1.0000000e+000  1.0000000e+000  1.0000000e+000  1.5000000e+000  1.5000000e+000  1.5000000e+000  1.5000000e+000  1.5000000e+000  1.5000000e+000  1.5000000e+000  1.5000000e+000  1.5000000e+000  1.5000000e+000  1.5000000e+000  1.5000000e+000  1.5000000e+000  1.5000000e+000  1.5000000e+000  1.5000000e+000  1.5000000e+000  1.5000000e+000  1.5000000e+000  1.5000000e+000  1.5000000e+000  1.5000000e+000  1.5000000e+000  1.5000000e+000  1.5000000e+000  1.5000000e+000  1.5000000e+000  1.5000000e+000  1.5000000e+000  1.5000000e+000  1.5000000e+000  1.0000000e+000  1.0000000e+000  1.5000000e+000  1.5000000e+000  1.5000000e+000  1.5000000e+000  1.5000000e+000  1.5000000e+000  1.5000000e+000  1.5000000e+000  1.5000000e+000  1.5000000e+000  1.5000000e+000  1.0000000e+000  1.0000000e+000  1.0000000e+000  1.5000000e+000  1.5000000e+000  1.5000000e+000  1.5000000e+000  1.5000000e+000  1.0000000e+000  1.0000000e+000  1.0000000e+000  1.0000000e+000  1.5000000e+000  1.5000000e+000  1.5000000e+000  1.5000000e+000  1.0000000e+000  1.0000000e+000  1.5000000e+000  1.0000000e+000  1.0000000e+000  1.0000000e+000  1.0000000e+000  1.0000000e+000  1.5000000e+000  1.5000000e+000  1.5000000e+000  1.5000000e+000  1.5000000e+000  1.5000000e+000  1.5000000e+000  1.5000000e+000  1.0000000e+000  1.0000000e+000  1.5000000e+000  1.5000000e+000  1.5000000e+000  1.5000000e+000  1.5000000e+000  1.5000000e+000  1.5000000e+000  1.5000000e+000  1.5000000e+000  1.5000000e+000  1.5000000e+000  1.5000000e+000  1.5000000e+000  1.0000000e+000  1.0000000e+000  1.5000000e+000  1.5000000e+000  1.5000000e+000  1.5000000e+000  1.5000000e+000  1.5000000e+000  1.5000000e+000
  1.5000000e+000  1.5000000e+000  1.5000000e+000  1.5000000e+000  1.5000000e+000  1.5000000e+000  1.5000000e+000  1.5000000e+000  1.5000000e+000  1.0000000e+000  1.5000000e+000  1.5000000e+000  1.5000000e+000  1.5000000e+000  1.5000000e+000  1.5000000e+000  1.5000000e+000  1.5000000e+000  1.5000000e+000  1.5000000e+000  1.5000000e+000  1.5000000e+000  1.5000000e+000  1.5000000e+000  1.5000000e+000  1.5000000e+000  1.0000000e+000  1.0000000e+000  1.0000000e+000  1.5000000e+000  1.5000000e+000  1.5000000e+000  1.5000000e+000  1.5000000e+000  1.5000000e+000  1.0000000e+000  1.0000000e+000  1.0000000e+000  1.5000000e+000  1.5000000e+000  1.5000000e+000  1.5000000e+000  1.0000000e+000  1.0000000e+000  1.5000000e+000  1.5000000e+000  1.5000000e+000  1.5000000e+000  1.5000000e+000  1.5000000e+000  1.5000000e+000  1.5000000e+000  1.5000000e+000  1.5000000e+000  1.5000000e+000  1.5000000e+000  1.5000000e+000  1.5000000e+000  1.5000000e+000  1.5000000e+000  1.5000000e+000  1.5000000e+000  1.5000000e+000  1.5000000e+000  1.5000000e+000  1.5000000e+000  1.5000000e+000  1.0000000e+000  1.5000000e+000  1.5000000e+000  1.5000000e+000  1.5000000e+000  1.5000000e+000  1.5000000e+000  1.0000000e+000  1.0000000e+000  1.0000000e+000  1.0000000e+000  1.5000000e+000  1.5000000e+000  1.5000000e+000  1.5000000e+000  1.5000000e+000  1.5000000e+000  1.5000000e+000  1.5000000e+000  1.5000000e+000  1.5000000e+000  1.5000000e+000  1.5000000e+000  1.5000000e+000  1.5000000e+000  1.0000000e+000  1.0000000e+000  1.5000000e+000  1.5000000e+000  1.5000000e+000  1.5000000e+000  1.5000000e+000  1.5000000e+000  1.5000000e+000  1.5000000e+000  1.5000000e+000  1.5000000e+000  1.5000000e+000  1.0000000e+000  1.0000000e+000  1.5000000e+000  1.5000000e+000  1.5000000e+000  1.5000000e+000  1.5000000e+000  1.5000000e+000  1.5000000e+000  1.5000000e+000  1.0000000e+000  1.0000000e+000  1.0000000e+000  1.5000000e+000  1.5000000e+000  1.5000000e+000  1.5000000e+000  1.5000000e+000  1.5000000e+000  1.5000000e+000  1.5000000e+000  1.5000000e+000  1.5000000e+000  1.5000000e+000  1.5000000e+000  1.5000000e+000  1.5000000e+000  1.5000000e+000  1.5000000e+000  1.5000000e+000  1.5000000e+000  1.5000000e+000  1.5000000e+000  1.5000000e+000  1.5000000e+000  1.5000000e+000  1.5000000e+000  1.0000000e+000  1.5000000e+000  1.5000000e+000  1.5000000e+000  1.5000000e+000  1.5000000e+000  1.5000000e+000  1.5000000e+000  1.5000000e+000  1.5000000e+000  1.5000000e+000  1.0000000e+000  1.0000000e+000  1.0000000e+000  1.5000000e+000  1.5000000e+000  1.5000000e+000  1.5000000e+000  1.0000000e+000  1.5000000e+000  1.5000000e+000  1.5000000e+000  1.5000000e+000  1.5000000e+000  1.5000000e+000  1.5000000e+000  1.5000000e+000  1.5000000e+000  1.5000000e+000  1.5000000e+000  1.5000000e+000  1.5000000e+000  1.5000000e+000  1.5000000e+000  1.5000000e+000  1.5000000e+000  1.5000000e+000  1.5000000e+000  1.5000000e+000  1.5000000e+000  1.5000000e+000  1.5000000e+000  1.5000000e+000  1.5000000e+000  1.5000000e+000  1.0000000e+000  1.0000000e+000  1.0000000e+000  1.5000000e+000  1.5000000e+000  1.5000000e+000  1.5000000e+000  1.5000000e+000  1.5000000e+000  1.5000000e+000  1.5000000e+000  1.5000000e+000  1.5000000e+000  1.5000000e+000  1.0000000e+000  1.0000000e+000  1.0000000e+000  1.5000000e+000  1.5000000e+000  1.0000000e+000  1.0000000e+000  1.0000000e+000  1.0000000e+000  1.5000000e+000  1.5000000e+000  1.5000000e+000  1.5000000e+000  1.5000000e+000  1.5000000e+000  1.5000000e+000  1.5000000e+000  1.5000000e+000  1.5000000e+000  1.0000000e+000  1.0000000e+000  1.5000000e+000  1.5000000e+000  1.5000000e+000  1.5000000e+000  1.5000000e+000  1.5000000e+000  1.5000000e+000  1.5000000e+000  1.5000000e+000  1.5000000e+000  1.5000000e+000  1.5000000e+000  1.5000000e+000  1.5000000e+000  1.5000000e+000  1.5000000e+000  1.5000000e+000  1.5000000e+000  1.5000000e+000  1.5000000e+000  1.5000000e+000  1.5000000e+000  1.5000000e+000  1.5000000e+000  1.5000000e+000  1.5000000e+000  1.5000000e+000  1.5000000e+000  1.5000000e+000  1.5000000e+000  1.5000000e+000  1.5000000e+000  1.5000000e+000  1.5000000e+000
  1.5000000e+000  1.5000000e+000  1.5000000e+000  1.5000000e+000  1.5000000e+000  1.5000000e+000  1.5000000e+000  1.5000000e+000  1.5000000e+000  1.0000000e+000  1.0000000e+000  1.5000000e+000  1.5000000e+000  1.5000000e+000  1.5000000e+000  1.5000000e+000  1.5000000e+000  1.5000000e+000  1.5000000e+000  1.5000000e+000  1.5000000e+000  1.5000000e+000  1.5000000e+000  1.5000000e+000  1.5000000e+000  1.5000000e+000  1.0000000e+000  1.0000000e+000  1.0000000e+000  1.5000000e+000  1.5000000e+000  1.5000000e+000  1.5000000e+000  1.5000000e+000  1.5000000e+000  1.5000000e+000  1.5000000e+000  1.5000000e+000  1.5000000e+000  1.5000000e+000  1.5000000e+000  1.5000000e+000  1.0000000e+000  1.0000000e+000  1.0000000e+000  1.5000000e+000  1.5000000e+000  1.5000000e+000  1.5000000e+000  1.5000000e+000  1.5000000e+000  1.5000000e+000  1.5000000e+000  1.5000000e+000  1.5000000e+000  1.5000000e+000  1.5000000e+000  1.5000000e+000  1.5000000e+000  1.5000000e+000  1.5000000e+000  1.5000000e+000  1.5000000e+000  1.5000000e+000  1.5000000e+000  1.5000000e+000  1.5000000e+000  1.0000000e+000  1.0000000e+000  1.5000000e+000  1.5000000e+000  1.5000000e+000  1.5000000e+000  1.5000000e+000  1.5000000e+000  1.0000000e+000  1.0000000e+000  1.5000000e+000  1.5000000e+000  1.5000000e+000  1.5000000e+000  1.5000000e+000  1.5000000e+000  1.5000000e+000  1.5000000e+000  1.5000000e+000  1.5000000e+000  1.5000000e+000  1.5000000e+000  1.5000000e+000  1.5000000e+000  1.0000000e+000  1.0000000e+000  1.0000000e+000  1.0000000e+000  1.5000000e+000  1.5000000e+000  1.5000000e+000  1.5000000e+000  1.5000000e+000  1.5000000e+000  1.5000000e+000  1.5000000e+000  1.0000000e+000  1.5000000e+000  1.5000000e+000  1.5000000e+000  1.5000000e+000  1.5000000e+000  1.5000000e+000  1.5000000e+000  1.5000000e+000  1.5000000e+000  1.5000000e+000  1.5000000e+000  1.0000000e+000  1.0000000e+000  1.0000000e+000  1.5000000e+000  1.5000000e+000  1.5000000e+000  1.5000000e+000  1.5000000e+000  1.0000000e+000  1.0000000e+000  1.0000000e+000  1.0000000e+000  1.0000000e+000  1.0000000e+000  1.0000000e+000  1.5000000e+000  1.5000000e+000  1.5000000e+000  1.5000000e+000  1.5000000e+000  1.5000000e+000  1.5000000e+000  1.5000000e+000  1.5000000e+000  1.5000000e+000  1.5000000e+000  1.5000000e+000  1.5000000e+000  1.5000000e+000  1.5000000e+000  1.5000000e+000  1.5000000e+000  1.5000000e+000  1.5000000e+000  1.5000000e+000  1.5000000e+000  1.5000000e+000  1.5000000e+000  1.0000000e+000  1.0000000e+000  1.5000000e+000  1.5000000e+000  1.5000000e+000  1.5000000e+000  1.5000000e+000  1.0000000e+000  1.5000000e+000  1.5000000e+000  1.5000000e+000  1.5000000e+000  1.0000000e+000  1.0000000e+000  1.0000000e+000  1.0000000e+000  1.5000000e+000  1.5000000e+000  1.5000000e+000  1.5000000e+000  1.5000000e+000  1.5000000e+000  1.5000000e+000  1.5000000e+000  1.5000000e+000  1.5000000e+000  1.5000000e+000  1.5000000e+000  1.5000000e+000  1.5000000e+000  1.5000000e+000  1.5000000e+000  1.5000000e+000  1.5000000e+000  1.0000000e+000  1.0000000e+000  1.0000000e+000  1.5000000e+000  1.5000000e+000  1.5000000e+000  1.5000000e+000  1.5000000e+000  1.5000000e+000  1.5000000e+000  1.5000000e+000  1.5000000e+000  1.5000000e+000  1.5000000e+000  1.0000000e+000  1.0000000e+000  1.0000000e+000  1.5000000e+000  1.5000000e+000  1.0000000e+000  1.0000000e+000  1.5000000e+000  1.5000000e+000  1.5000000e+000  1.5000000e+000  1.5000000e+000  1.5000000e+000  1.5000000e+000  1.5000000e+000  1.5000000e+000  1.5000000e+000  1.5000000e+000  1.5000000e+000  1.0000000e+000  1.5000000e+000  1.5000000e+000  1.5000000e+000  1.5000000e+000  1.5000000e+000  1.5000000e+000  1.5000000e+000  1.5000000e+000  1.5000000e+000  1.5000000e+000  1.5000000e+000  1.5000000e+000  1.5000000e+000  1.5000000e+000  1.5000000e+000  1.5000000e+000  1.5000000e+000  1.5000000e+000  1.5000000e+000  1.5000000e+000  1.5000000e+000  1.5000000e+000  1.5000000e+000  1.5000000e+000  1.5000000e+000  1.5000000e+000  1.5000000e+000  1.5000000e+000  1.5000000e+000  1.5000000e+000  1.5000000e+000  1.5000000e+000  1.5000000e+000  1.5000000e+000  1.5000000e+000
  1.5000000e+000  1.5000000e+000  1.5000000e+000  1.5000000e+000  1.5000000e+000  1.5000000e+000  1.5000000e+000  1.5000000e+000  1.5000000e+000  1.0000000e+000  1.0000000e+000  1.5000000e+000  1.5000000e+000  1.5000000e+000  1.5000000e+000  1.5000000e+000  1.5000000e+000  1.5000000e+000  1.5000000e+000  1.5000000e+000  1.5000000e+000  1.5000000e+000  1.5000000e+000  1.5000000e+000  1.5000000e+000  1.5000000e+000  1.5000000e+000  1.0000000e+000  1.5000000e+000  1.5000000e+000  1.5000000e+000  1.5000000e+000  1.5000000e+000  1.5000000e+000  1.5000000e+000  1.5000000e+000  1.5000000e+000  1.5000000e+000  1.5000000e+000  1.5000000e+000  1.5000000e+000  1.5000000e+000  1.0000000e+000  1.0000000e+000  1.5000000e+000  1.5000000e+000  1.5000000e+000  1.5000000e+000  1.5000000e+000  1.5000000e+000  1.5000000e+000  1.5000000e+000  1.5000000e+000  1.5000000e+000  1.5000000e+000  1.5000000e+000  1.5000000e+000  1.5000000e+000  1.5000000e+000  1.5000000e+000  1.5000000e+000  1.5000000e+000  1.5000000e+000  1.5000000e+000  1.5000000e+000  1.5000000e+000  1.0000000e+000  1.0000000e+000  1.0000000e+000  1.5000000e+000  1.5000000e+000  1.5000000e+000  1.5000000e+000  1.5000000e+000  1.5000000e+000  1.5000000e+000  1.5000000e+000  1.5000000e+000  1.5000000e+000  1.5000000e+000  1.5000000e+000  1.5000000e+000  1.5000000e+000  1.5000000e+000  1.5000000e+000  1.5000000e+000  1.5000000e+000  1.5000000e+000  1.5000000e+000  1.5000000e+000  1.5000000e+000  1.5000000e+000  1.0000000e+000  1.0000000e+000  1.5000000e+000  1.5000000e+000  1.5000000e+000  1.5000000e+000  1.5000000e+000  1.5000000e+000  1.5000000e+000  1.5000000e+000  1.5000000e+000  1.5000000e+000  1.5000000e+000  1.5000000e+000  1.5000000e+000  1.0000000e+000  1.5000000e+000  1.5000000e+000  1.5000000e+000  1.5000000e+000  1.5000000e+000  1.5000000e+000  1.5000000e+000  1.5000000e+000  1.0000000e+000  1.0000000e+000  1.0000000e+000  1.0000000e+000  1.0000000e+000  1.5000000e+000  1.5000000e+000  1.0000000e+000  1.0000000e+000  1.0000000e+000  1.0000000e+000  1.0000000e+000  1.0000000e+000  1.0000000e+000  1.5000000e+000  1.5000000e+000  1.5000000e+000  1.5000000e+000  1.5000000e+000  1.5000000e+000  1.5000000e+000  1.5000000e+000  1.0000000e+000  1.5000000e+000  1.5000000e+000  1.5000000e+000  1.5000000e+000  1.5000000e+000  1.5000000e+000  1.5000000e+000  1.5000000e+000  1.5000000e+000  1.5000000e+000  1.5000000e+000  1.5000000e+000  1.5000000e+000  1.5000000e+000  1.5000000e+000  1.5000000e+000  1.5000000e+000  1.5000000e+000  1.5000000e+000  1.5000000e+000  1.5000000e+000  1.5000000e+000  1.5000000e+000  1.5000000e+000  1.5000000e+000  1.0000000e+000  1.0000000e+000  1.0000000e+000  1.0000000e+000  1.5000000e+000  1.5000000e+000  1.5000000e+000  1.5000000e+000  1.5000000e+000  1.5000000e+000  1.5000000e+000  1.5000000e+000  1.5000000e+000  1.0000000e+000  1.5000000e+000  1.5000000e+000  1.5000000e+000  1.5000000e+000  1.5000000e+000  1.5000000e+000  1.5000000e+000  1.5000000e+000  1.5000000e+000  1.5000000e+000  1.0000000e+000  1.5000000e+000  1.5000000e+000  1.5000000e+000  1.5000000e+000  1.5000000e+000  1.5000000e+000  1.5000000e+000  1.5000000e+000  1.5000000e+000  1.5000000e+000  1.5000000e+000  1.5000000e+000  1.0000000e+000  1.0000000e+000  1.0000000e+000  1.5000000e+000  1.5000000e+000  1.0000000e+000  1.5000000e+000  1.5000000e+000  1.5000000e+000  1.5000000e+000  1.5000000e+000  1.5000000e+000  1.5000000e+000  1.5000000e+000  1.5000000e+000  1.5000000e+000  1.5000000e+000  1.5000000e+000  1.5000000e+000  1.5000000e+000  1.5000000e+000  1.5000000e+000  1.5000000e+000  1.5000000e+000  1.5000000e+000  1.5000000e+000  1.5000000e+000  1.5000000e+000  1.5000000e+000  1.5000000e+000  1.5000000e+000  1.5000000e+000  1.5000000e+000  1.5000000e+000  1.5000000e+000  1.5000000e+000  1.5000000e+000  1.5000000e+000  1.5000000e+000  1.0000000e+000  1.5000000e+000  1.5000000e+000  1.5000000e+000  1.5000000e+000  1.0000000e+000  1.5000000e+000  1.5000000e+000  1.5000000e+000  1.5000000e+000  1.5000000e+000  1.5000000e+000  1.5000000e+000  1.5000000e+000  1.5000000e+000  1.5000000e+000
  1.5000000e+000  1.5000000e+000  1.5000000e+000  1.5000000e+000  1.5000000e+000  1.5000000e+000  1.5000000e+000  1.5000000e+000  1.5000000e+000  1.0000000e+000  1.0000000e+000  1.5000000e+000  1.5000000e+000  1.5000000e+000  1.5000000e+000  1.5000000e+000  1.5000000e+000  1.5000000e+000  1.5000000e+000  1.5000000e+000  1.5000000e+000  1.5000000e+000  1.5000000e+000  1.5000000e+000  1.5000000e+000  1.5000000e+000  1.5000000e+000  1.0000000e+000  1.5000000e+000  1.5000000e+000  1.5000000e+000  1.5000000e+000  1.0000000e+000  1.5000000e+000  1.5000000e+000  1.5000000e+000  1.5000000e+000  1.5000000e+000  1.5000000e+000  1.5000000e+000  1.5000000e+000  1.5000000e+000  1.5000000e+000  1.5000000e+000  1.5000000e+000  1.5000000e+000  1.5000000e+000  1.5000000e+000  1.5000000e+000  1.5000000e+000  1.5000000e+000  1.5000000e+000  1.5000000e+000  1.5000000e+000  1.5000000e+000  1.5000000e+000  1.5000000e+000  1.5000000e+000  1.5000000e+000  1.5000000e+000  1.5000000e+000  1.5000000e+000  1.5000000e+000  1.5000000e+000  1.0000000e+000  1.0000000e+000  1.0000000e+000  1.0000000e+000  1.0000000e+000  1.5000000e+000  1.5000000e+000  1.5000000e+000  1.5000000e+000  1.5000000e+000  1.5000000e+000  1.5000000e+000  1.5000000e+000  1.5000000e+000  1.5000000e+000  1.5000000e+000  1.5000000e+000  1.5000000e+000  1.5000000e+000  1.5000000e+000  1.5000000e+000  1.5000000e+000  1.5000000e+000  1.5000000e+000  1.5000000e+000  1.5000000e+000  1.5000000e+000  1.5000000e+000  1.5000000e+000  1.5000000e+000  1.5000000e+000  1.5000000e+000  1.5000000e+000  1.5000000e+000  1.5000000e+000  1.5000000e+000  1.5000000e+000  1.5000000e+000  1.5000000e+000  1.5000000e+000  1.5000000e+000  1.5000000e+000  1.5000000e+000  1.0000000e+000  1.5000000e+000  1.5000000e+000  1.5000000e+000  1.5000000e+000  1.5000000e+000  1.5000000e+000  1.5000000e+000  1.5000000e+000  1.0000000e+000  1.0000000e+000  1.0000000e+000  1.0000000e+000  1.0000000e+000  1.5000000e+000  1.5000000e+000  1.0000000e+000  1.5000000e+000  1.5000000e+000  1.5000000e+000  1.0000000e+000  1.0000000e+000  1.0000000e+000  1.5000000e+000  1.5000000e+000  1.5000000e+000  1.5000000e+000  1.5000000e+000  1.5000000e+000  1.5000000e+000  1.0000000e+000  1.0000000e+000  1.0000000e+000  1.5000000e+000  1.5000000e+000  1.5000000e+000  1.5000000e+000  1.5000000e+000  1.5000000e+000  1.5000000e+000  1.5000000e+000  1.5000000e+000  1.5000000e+000  1.5000000e+000  1.5000000e+000  1.5000000e+000  1.5000000e+000  1.5000000e+000  1.5000000e+000  1.5000000e+000  1.5000000e+000  1.5000000e+000  1.5000000e+000  1.5000000e+000  1.5000000e+000  1.5000000e+000  1.0000000e+000  1.0000000e+000  1.0000000e+000  1.0000000e+000  1.5000000e+000  1.5000000e+000  1.5000000e+000  1.5000000e+000  1.5000000e+000  1.5000000e+000  1.5000000e+000  1.5000000e+000  1.5000000e+000  1.5000000e+000  1.0000000e+000  1.5000000e+000  1.5000000e+000  1.5000000e+000  1.5000000e+000  1.5000000e+000  1.5000000e+000  1.5000000e+000  1.5000000e+000  1.5000000e+000  1.5000000e+000  1.5000000e+000  1.5000000e+000  1.5000000e+000  1.5000000e+000  1.5000000e+000  1.5000000e+000  1.5000000e+000  1.5000000e+000  1.5000000e+000  1.5000000e+000  1.5000000e+000  1.5000000e+000  1.5000000e+000  1.5000000e+000  1.0000000e+000  1.0000000e+000  1.5000000e+000  1.5000000e+000  1.5000000e+000  1.5000000e+000  1.5000000e+000  1.5000000e+000  1.5000000e+000  1.5000000e+000  1.5000000e+000  1.5000000e+000  1.5000000e+000  1.5000000e+000  1.5000000e+000  1.5000000e+000  1.5000000e+000  1.5000000e+000  1.5000000e+000  1.5000000e+000  1.5000000e+000  1.5000000e+000  1.5000000e+000  1.5000000e+000  1.5000000e+000  1.5000000e+000  1.5000000e+000  1.5000000e+000  1.5000000e+000  1.5000000e+000  1.5000000e+000  1.5000000e+000  1.5000000e+000  1.5000000e+000  1.5000000e+000  1.5000000e+000  1.5000000e+000  1.5000000e+000  1.0000000e+000  1.0000000e+000  1.0000000e+000  1.0000000e+000  1.0000000e+000  1.0000000e+000  1.5000000e+000  1.5000000e+000  1.5000000e+000  1.5000000e+000  1.5000000e+000  1.5000000e+000  1.5000000e+000  1.5000000e+000  1.5000000e+000  1.5000000e+000
  1.5000000e+000  1.5000000e+000  1.5000000e+000  1.5000000e+000  1.5000000e+000  1.5000000e+000  1.5000000e+000  1.5000000e+000  1.5000000e+000  1.5000000e+000  1.5000000e+000  1.5000000e+000  1.5000000e+000  1.5000000e+000  1.5000000e+000  1.5000000e+000  1.5000000e+000  1.5000000e+000  1.5000000e+000  1.5000000e+000  1.5000000e+000  1.5000000e+000  1.5000000e+000  1.5000000e+000  1.5000000e+000  1.5000000e+000  1.5000000e+000  1.0000000e+000  1.5000000e+000  1.5000000e+000  1.5000000e+000  1.0000000e+000  1.0000000e+000  1.5000000e+000  1.5000000e+000  1.5000000e+000  1.5000000e+000  1.5000000e+000  1.5000000e+000  1.5000000e+000  1.5000000e+000  1.5000000e+000  1.5000000e+000  1.5000000e+000  1.5000000e+000  1.5000000e+000  1.5000000e+000  1.5000000e+000  1.5000000e+000  1.5000000e+000  1.5000000e+000  1.5000000e+000  1.5000000e+000  1.5000000e+000  1.5000000e+000  1.5000000e+000  1.5000000e+000  1.5000000e+000  1.5000000e+000  1.5000000e+000  1.5000000e+000  1.5000000e+000  1.5000000e+000  1.5000000e+000  1.5000000e+000  1.5000000e+000  1.5000000e+000  1.5000000e+000  1.5000000e+000  1.5000000e+000  1.5000000e+000  1.5000000e+000  1.5000000e+000  1.5000000e+000  1.5000000e+000  1.5000000e+000  1.5000000e+000  1.5000000e+000  1.5000000e+000  1.5000000e+000  1.5000000e+000  1.5000000e+000  1.5000000e+000  1.5000000e+000  1.5000000e+000  1.5000000e+000  1.5000000e+000  1.5000000e+000  1.5000000e+000  1.5000000e+000  1.5000000e+000  1.5000000e+000  1.5000000e+000  1.5000000e+000  1.5000000e+000  1.5000000e+000  1.5000000e+000  1.5000000e+000  1.5000000e+000  1.5000000e+000  1.5000000e+000  1.5000000e+000  1.5000000e+000  1.5000000e+000  1.5000000e+000  1.5000000e+000  1.5000000e+000  1.0000000e+000  1.5000000e+000  1.5000000e+000  1.5000000e+000  1.5000000e+000  1.5000000e+000  1.5000000e+000  1.5000000e+000  1.5000000e+000  1.5000000e+000  1.0000000e+000  1.0000000e+000  1.0000000e+000  1.0000000e+000  1.5000000e+000  1.5000000e+000  1.5000000e+000  1.5000000e+000  1.5000000e+000  1.5000000e+000  1.5000000e+000  1.5000000e+000  1.5000000e+000  1.5000000e+000  1.5000000e+000  1.5000000e+000  1.5000000e+000  1.5000000e+000  1.5000000e+000  1.5000000e+000  1.0000000e+000  1.0000000e+000  1.0000000e+000  1.5000000e+000  1.5000000e+000  1.5000000e+000  1.5000000e+000  1.5000000e+000  1.5000000e+000  1.5000000e+000  1.5000000e+000  1.5000000e+000  1.5000000e+000  1.0000000e+000  1.5000000e+000  1.5000000e+000  1.5000000e+000  1.5000000e+000  1.5000000e+000  1.5000000e+000  1.5000000e+000  1.5000000e+000  1.5000000e+000  1.5000000e+000  1.5000000e+000  1.5000000e+000  1.5000000e+000  1.0000000e+000  1.0000000e+000  1.5000000e+000  1.5000000e+000  1.5000000e+000  1.5000000e+000  1.5000000e+000  1.5000000e+000  1.5000000e+000  1.5000000e+000  1.5000000e+000  1.5000000e+000  1.5000000e+000  1.5000000e+000  1.5000000e+000  1.5000000e+000  1.5000000e+000  1.5000000e+000  1.5000000e+000  1.5000000e+000  1.5000000e+000  1.5000000e+000  1.5000000e+000  1.5000000e+000  1.5000000e+000  1.5000000e+000  1.5000000e+000  1.5000000e+000  1.5000000e+000  1.5000000e+000  1.5000000e+000  1.0000000e+000  1.0000000e+000  1.5000000e+000  1.5000000e+000  1.5000000e+000  1.5000000e+000  1.5000000e+000  1.5000000e+000  1.5000000e+000  1.5000000e+000  1.5000000e+000  1.5000000e+000  1.5000000e+000  1.5000000e+000  1.5000000e+000  1.5000000e+000  1.5000000e+000  1.5000000e+000  1.5000000e+000  1.5000000e+000  1.5000000e+000  1.5000000e+000  1.5000000e+000  1.5000000e+000  1.5000000e+000  1.0000000e+000  1.0000000e+000  1.5000000e+000  1.5000000e+000  1.5000000e+000  1.5000000e+000  1.5000000e+000  1.5000000e+000  1.5000000e+000  1.5000000e+000  1.5000000e+000  1.5000000e+000  1.5000000e+000  1.5000000e+000  1.5000000e+000  1.5000000e+000  1.5000000e+000  1.5000000e+000  1.5000000e+000  1.5000000e+000  1.5000000e+000  1.0000000e+000  1.0000000e+000  1.0000000e+000  1.0000000e+000  1.5000000e+000  1.5000000e+000  1.5000000e+000  1.5000000e+000  1.5000000e+000  1.5000000e+000  1.5000000e+000  1.5000000e+000  1.5000000e+000  1.5000000e+000  1.5000000e+000
  1.5000000e+000  1.5000000e+000  1.5000000e+000  1.5000000e+000  1.5000000e+000  1.5000000e+000  1.5000000e+000  1.5000000e+000  1.5000000e+000  1.5000000e+000  1.5000000e+000  1.5000000e+000  1.5000000e+000  1.5000000e+000  1.5000000e+000  1.5000000e+000  1.5000000e+000  1.5000000e+000  1.5000000e+000  1.5000000e+000  1.5000000e+000  1.5000000e+000  1.5000000e+000  1.5000000e+000  1.5000000e+000  1.5000000e+000  1.5000000e+000  1.5000000e+000  1.5000000e+000  1.5000000e+000  1.5000000e+000  1.0000000e+000  1.0000000e+000  1.5000000e+000  1.5000000e+000  1.5000000e+000  1.5000000e+000  1.5000000e+000  1.5000000e+000  1.5000000e+000  1.5000000e+000  1.5000000e+000  1.5000000e+000  1.5000000e+000  1.5000000e+000  1.5000000e+000  1.5000000e+000  1.5000000e+000  1.5000000e+000  1.5000000e+000  1.5000000e+000  1.5000000e+000  1.5000000e+000  1.5000000e+000  1.5000000e+000  1.5000000e+000  1.5000000e+000  1.5000000e+000  1.5000000e+000  1.5000000e+000  1.5000000e+000  1.5000000e+000  1.5000000e+000  1.5000000e+000  1.5000000e+000  1.5000000e+000  1.5000000e+000  1.5000000e+000  1.5000000e+000  1.5000000e+000  1.5000000e+000  1.5000000e+000  1.5000000e+000  1.5000000e+000  1.5000000e+000  1.5000000e+000  1.5000000e+000  1.5000000e+000  1.5000000e+000  1.5000000e+000  1.5000000e+000  1.5000000e+000  1.5000000e+000  1.5000000e+000  1.5000000e+000  1.5000000e+000  1.5000000e+000  1.5000000e+000  1.5000000e+000  1.5000000e+000  1.5000000e+000  1.5000000e+000  1.5000000e+000  1.5000000e+000  1.5000000e+000  1.5000000e+000  1.5000000e+000  1.5000000e+000  1.5000000e+000  1.5000000e+000  1.5000000e+000  1.5000000e+000  1.5000000e+000  1.5000000e+000  1.5000000e+000  1.5000000e+000  1.5000000e+000  1.0000000e+000  1.5000000e+000  1.5000000e+000  1.5000000e+000  1.5000000e+000  1.5000000e+000  1.5000000e+000  1.5000000e+000  1.5000000e+000  1.5000000e+000  1.5000000e+000  1.0000000e+000  1.0000000e+000  1.5000000e+000  1.5000000e+000  1.5000000e+000  1.5000000e+000  1.5000000e+000  1.5000000e+000  1.5000000e+000  1.5000000e+000  1.5000000e+000  1.5000000e+000  1.5000000e+000  1.5000000e+000  1.5000000e+000  1.5000000e+000  1.5000000e+000  1.5000000e+000  1.5000000e+000  1.5000000e+000  1.0000000e+000  1.5000000e+000  1.5000000e+000  1.5000000e+000  1.5000000e+000  1.5000000e+000  1.5000000e+000  1.5000000e+000  1.5000000e+000  1.5000000e+000  1.5000000e+000  1.5000000e+000  1.5000000e+000  1.5000000e+000  1.5000000e+000  1.5000000e+000  1.5000000e+000  1.5000000e+000  1.5000000e+000  1.5000000e+000  1.5000000e+000  1.5000000e+000  1.5000000e+000  1.5000000e+000  1.5000000e+000  1.5000000e+000  1.5000000e+000  1.5000000e+000  1.5000000e+000  1.5000000e+000  1.5000000e+000  1.5000000e+000  1.5000000e+000  1.5000000e+000  1.5000000e+000  1.5000000e+000  1.5000000e+000  1.5000000e+000  1.5000000e+000  1.5000000e+000  1.5000000e+000  1.5000000e+000  1.5000000e+000  1.5000000e+000  1.5000000e+000  1.5000000e+000  1.5000000e+000  1.5000000e+000  1.5000000e+000  1.5000000e+000  1.5000000e+000  1.5000000e+000  1.5000000e+000  1.5000000e+000  1.5000000e+000  1.5000000e+000  1.5000000e+000  1.0000000e+000  1.0000000e+000  1.5000000e+000  1.5000000e+000  1.5000000e+000  1.5000000e+000  1.5000000e+000  1.5000000e+000  1.5000000e+000  1.5000000e+000  1.5000000e+000  1.5000000e+000  1.5000000e+000  1.5000000e+000  1.5000000e+000  1.5000000e+000  1.5000000e+000  1.5000000e+000  1.5000000e+000  1.5000000e+000  1.5000000e+000  1.5000000e+000  1.5000000e+000  1.5000000e+000  1.5000000e+000  1.0000000e+000  1.5000000e+000  1.5000000e+000  1.5000000e+000  1.5000000e+000  1.5000000e+000  1.5000000e+000  1.5000000e+000  1.5000000e+000  1.5000000e+000  1.5000000e+000  1.5000000e+000  1.5000000e+000  1.5000000e+000  1.5000000e+000  1.5000000e+000  1.5000000e+000  1.5000000e+000  1.5000000e+000  1.5000000e+000  1.5000000e+000  1.5000000e+000  1.5000000e+000  1.5000000e+000  1.5000000e+000  1.5000000e+000  1.5000000e+000  1.5000000e+000  1.5000000e+000  1.5000000e+000  1.5000000e+000  1.5000000e+000  1.5000000e+000  1.5000000e+000  1.5000000e+000  1.5000000e+000
  1.5000000e+000  1.5000000e+000  1.5000000e+000  1.5000000e+000  1.5000000e+000  1.5000000e+000  1.5000000e+000  1.5000000e+000  1.5000000e+000  1.5000000e+000  1.5000000e+000  1.5000000e+000  1.5000000e+000  1.5000000e+000  1.5000000e+000  1.5000000e+000  1.5000000e+000  1.5000000e+000  1.5000000e+000  1.5000000e+000  1.5000000e+000  1.5000000e+000  1.5000000e+000  1.5000000e+000  1.5000000e+000  1.5000000e+000  1.5000000e+000  1.5000000e+000  1.5000000e+000  1.5000000e+000  1.5000000e+000  1.5000000e+000  1.5000000e+000  1.5000000e+000  1.5000000e+000  1.5000000e+000  1.0000000e+000  1.5000000e+000  1.5000000e+000  1.5000000e+000  1.5000000e+000  1.5000000e+000  1.5000000e+000  1.5000000e+000  1.5000000e+000  1.5000000e+000  1.5000000e+000  1.5000000e+000  1.5000000e+000  1.5000000e+000  1.5000000e+000  1.5000000e+000  1.0000000e+000  1.5000000e+000  1.5000000e+000  1.5000000e+000  1.5000000e+000  1.5000000e+000  1.5000000e+000  1.5000000e+000  1.5000000e+000  1.5000000e+000  1.5000000e+000  1.5000000e+000  1.5000000e+000  1.5000000e+000  1.5000000e+000  1.5000000e+000  1.5000000e+000  1.5000000e+000  1.5000000e+000  1.5000000e+000  1.5000000e+000  1.5000000e+000  1.5000000e+000  1.5000000e+000  1.5000000e+000  1.5000000e+000  1.5000000e+000  1.5000000e+000  1.5000000e+000  1.5000000e+000  1.5000000e+000  1.5000000e+000  1.5000000e+000  1.5000000e+000  1.5000000e+000  1.5000000e+000  1.5000000e+000  1.5000000e+000  1.5000000e+000  1.5000000e+000  1.5000000e+000  1.5000000e+000  1.5000000e+000  1.5000000e+000  1.5000000e+000  1.5000000e+000  1.5000000e+000  1.0000000e+000  1.5000000e+000  1.5000000e+000  1.5000000e+000  1.5000000e+000  1.5000000e+000  1.5000000e+000  1.5000000e+000  1.5000000e+000  1.5000000e+000  1.5000000e+000  1.5000000e+000  1.5000000e+000  1.5000000e+000  1.5000000e+000  1.5000000e+000  1.5000000e+000  1.5000000e+000  1.5000000e+000  1.0000000e+000  1.0000000e+000  1.5000000e+000  1.5000000e+000  1.5000000e+000  1.5000000e+000  1.5000000e+000  1.5000000e+000  1.5000000e+000  1.5000000e+000  1.5000000e+000  1.5000000e+000  1.5000000e+000  1.5000000e+000  1.5000000e+000  1.5000000e+000  1.5000000e+000  1.5000000e+000  1.5000000e+000  1.5000000e+000  1.5000000e+000  1.5000000e+000  1.5000000e+000  1.5000000e+000  1.5000000e+000  1.5000000e+000  1.5000000e+000  1.5000000e+000  1.5000000e+000  1.5000000e+000  1.5000000e+000  1.5000000e+000  1.5000000e+000  1.5000000e+000  1.5000000e+000  1.5000000e+000  1.5000000e+000  1.5000000e+000  1.5000000e+000  1.5000000e+000  1.5000000e+000  1.5000000e+000  1.5000000e+000  1.5000000e+000  1.5000000e+000  1.5000000e+000  1.5000000e+000  1.5000000e+000  1.5000000e+000  1.5000000e+000  1.5000000e+000  1.5000000e+000  1.5000000e+000  1.5000000e+000  1.5000000e+000  1.5000000e+000  1.5000000e+000  1.5000000e+000  1.5000000e+000  1.5000000e+000  1.5000000e+000  1.5000000e+000  1.5000000e+000  1.5000000e+000  1.5000000e+000  1.5000000e+000  1.5000000e+000  1.5000000e+000  1.5000000e+000  1.5000000e+000  1.5000000e+000  1.5000000e+000  1.5000000e+000  1.5000000e+000  1.5000000e+000  1.5000000e+000  1.5000000e+000  1.0000000e+000  1.0000000e+000  1.0000000e+000  1.0000000e+000  1.5000000e+000  1.5000000e+000  1.5000000e+000  1.5000000e+000  1.5000000e+000  1.5000000e+000  1.5000000e+000  1.5000000e+000  1.5000000e+000  1.5000000e+000  1.5000000e+000  1.5000000e+000  1.5000000e+000  1.5000000e+000  1.5000000e+000  1.5000000e+000  1.5000000e+000  1.5000000e+000  1.5000000e+000  1.5000000e+000  1.5000000e+000  1.5000000e+000  1.5000000e+000  1.5000000e+000  1.5000000e+000  1.5000000e+000  1.5000000e+000  1.5000000e+000  1.5000000e+000  1.5000000e+000  1.0000000e+000  1.5000000e+000  1.5000000e+000  1.5000000e+000  1.5000000e+000  1.5000000e+000  1.5000000e+000  1.5000000e+000  1.5000000e+000  1.5000000e+000  1.5000000e+000  1.5000000e+000  1.5000000e+000  1.5000000e+000  1.5000000e+000  1.5000000e+000  1.5000000e+000  1.5000000e+000  1.5000000e+000  1.5000000e+000  1.5000000e+000  1.5000000e+000  1.5000000e+000  1.5000000e+000  1.5000000e+000  1.5000000e+000  1.5000000e+000
  1.5000000e+000  1.5000000e+000  1.5000000e+000  1.5000000e+000  1.5000000e+000  1.5000000e+000  1.5000000e+000  1.5000000e+000  1.5000000e+000  1.5000000e+000  1.5000000e+000  1.5000000e+000  1.5000000e+000  1.5000000e+000  1.5000000e+000  1.5000000e+000  1.5000000e+000  1.5000000e+000  1.5000000e+000  1.5000000e+000  1.5000000e+000  1.5000000e+000  1.5000000e+000  1.5000000e+000  1.5000000e+000  1.5000000e+000  1.5000000e+000  1.5000000e+000  1.5000000e+000  1.5000000e+000  1.5000000e+000  1.5000000e+000  1.5000000e+000  1.5000000e+000  1.5000000e+000  1.5000000e+000  1.5000000e+000  1.5000000e+000  1.5000000e+000  1.5000000e+000  1.5000000e+000  1.5000000e+000  1.0000000e+000  1.0000000e+000  1.5000000e+000  1.5000000e+000  1.5000000e+000  1.5000000e+000  1.5000000e+000  1.5000000e+000  1.5000000e+000  1.5000000e+000  1.5000000e+000  1.5000000e+000  1.5000000e+000  1.5000000e+000  1.5000000e+000  1.5000000e+000  1.5000000e+000  1.5000000e+000  1.5000000e+000  1.5000000e+000  1.5000000e+000  1.5000000e+000  1.5000000e+000  1.5000000e+000  1.5000000e+000  1.5000000e+000  1.5000000e+000  1.5000000e+000  1.5000000e+000  1.5000000e+000  1.5000000e+000  1.5000000e+000  1.5000000e+000  1.5000000e+000  1.5000000e+000  1.5000000e+000  1.5000000e+000  1.5000000e+000  1.5000000e+000  1.5000000e+000  1.5000000e+000  1.5000000e+000  1.5000000e+000  1.5000000e+000  1.5000000e+000  1.5000000e+000  1.5000000e+000  1.5000000e+000  1.5000000e+000  1.5000000e+000  1.5000000e+000  1.5000000e+000  1.5000000e+000  1.5000000e+000  1.5000000e+000  1.5000000e+000  1.5000000e+000  1.0000000e+000  1.5000000e+000  1.5000000e+000  1.5000000e+000  1.5000000e+000  1.5000000e+000  1.5000000e+000  1.5000000e+000  1.5000000e+000  1.5000000e+000  1.5000000e+000  1.5000000e+000  1.5000000e+000  1.5000000e+000  1.5000000e+000  1.5000000e+000  1.5000000e+000  1.5000000e+000  1.5000000e+000  1.5000000e+000  1.5000000e+000  1.5000000e+000  1.5000000e+000  1.5000000e+000  1.5000000e+000  1.5000000e+000  1.5000000e+000  1.5000000e+000  1.5000000e+000  1.5000000e+000  1.5000000e+000  1.5000000e+000  1.5000000e+000  1.5000000e+000  1.5000000e+000  1.5000000e+000  1.5000000e+000  1.5000000e+000  1.5000000e+000  1.5000000e+000  1.5000000e+000  1.5000000e+000  1.5000000e+000  1.5000000e+000  1.5000000e+000  1.5000000e+000  1.5000000e+000  1.5000000e+000  1.5000000e+000  1.5000000e+000  1.5000000e+000  1.5000000e+000  1.5000000e+000  1.5000000e+000  1.5000000e+000  1.5000000e+000  1.5000000e+000  1.5000000e+000  1.5000000e+000  1.5000000e+000  1.5000000e+000  1.5000000e+000  1.5000000e+000  1.5000000e+000  1.5000000e+000  1.5000000e+000  1.5000000e+000  1.5000000e+000  1.5000000e+000  1.5000000e+000  1.5000000e+000  1.5000000e+000  1.5000000e+000  1.5000000e+000  1.5000000e+000  1.5000000e+000  1.5000000e+000  1.5000000e+000  1.5000000e+000  1.5000000e+000  1.5000000e+000  1.5000000e+000  1.5000000e+000  1.5000000e+000  1.5000000e+000  1.5000000e+000  1.5000000e+000  1.5000000e+000  1.5000000e+000  1.5000000e+000  1.5000000e+000  1.5000000e+000  1.5000000e+000  1.5000000e+000  1.5000000e+000  1.5000000e+000  1.5000000e+000  1.5000000e+000  1.5000000e+000  1.0000000e+000  1.5000000e+000  1.5000000e+000  1.5000000e+000  1.5000000e+000  1.5000000e+000  1.5000000e+000  1.5000000e+000  1.5000000e+000  1.5000000e+000  1.5000000e+000  1.5000000e+000  1.5000000e+000  1.5000000e+000  1.5000000e+000  1.5000000e+000  1.5000000e+000  1.5000000e+000  1.5000000e+000  1.5000000e+000  1.5000000e+000  1.5000000e+000  1.5000000e+000  1.5000000e+000  1.5000000e+000  1.5000000e+000  1.5000000e+000  1.5000000e+000  1.5000000e+000  1.5000000e+000  1.5000000e+000  1.5000000e+000  1.5000000e+000  1.5000000e+000  1.5000000e+000  1.5000000e+000  1.5000000e+000  1.5000000e+000  1.5000000e+000  1.5000000e+000  1.5000000e+000  1.5000000e+000  1.5000000e+000  1.5000000e+000  1.5000000e+000  1.5000000e+000  1.5000000e+000  1.5000000e+000  1.5000000e+000  1.5000000e+000  1.5000000e+000  1.5000000e+000  1.5000000e+000  1.5000000e+000  1.5000000e+000  1.5000000e+000  1.5000000e+000  1.5000000e+000
  1.5000000e+000  1.5000000e+000  1.5000000e+000  1.5000000e+000  1.5000000e+000  1.5000000e+000  1.5000000e+000  1.5000000e+000  1.5000000e+000  1.5000000e+000  1.5000000e+000  1.5000000e+000  1.5000000e+000  1.5000000e+000  1.5000000e+000  1.5000000e+000  1.5000000e+000  1.5000000e+000  1.5000000e+000  1.5000000e+000  1.5000000e+000  1.5000000e+000  1.5000000e+000  1.5000000e+000  1.5000000e+000  1.5000000e+000  1.5000000e+000  1.5000000e+000  1.5000000e+000  1.5000000e+000  1.5000000e+000  1.5000000e+000  1.5000000e+000  1.5000000e+000  1.5000000e+000  1.5000000e+000  1.5000000e+000  1.5000000e+000  1.5000000e+000  1.5000000e+000  1.5000000e+000  1.5000000e+000  1.5000000e+000  1.5000000e+000  1.5000000e+000  1.5000000e+000  1.5000000e+000  1.5000000e+000  1.5000000e+000  1.5000000e+000  1.5000000e+000  1.5000000e+000  1.5000000e+000  1.5000000e+000  1.5000000e+000  1.5000000e+000  1.5000000e+000  1.5000000e+000  1.5000000e+000  1.5000000e+000  1.5000000e+000  1.5000000e+000  1.5000000e+000  1.5000000e+000  1.5000000e+000  1.5000000e+000  1.5000000e+000  1.5000000e+000  1.5000000e+000  1.5000000e+000  1.5000000e+000  1.5000000e+000  1.5000000e+000  1.5000000e+000  1.5000000e+000  1.5000000e+000  1.5000000e+000  1.0000000e+000  1.5000000e+000  1.5000000e+000  1.5000000e+000  1.5000000e+000  1.5000000e+000  1.5000000e+000  1.5000000e+000  1.5000000e+000  1.5000000e+000  1.5000000e+000  1.5000000e+000  1.5000000e+000  1.5000000e+000  1.5000000e+000  1.5000000e+000  1.5000000e+000  1.5000000e+000  1.5000000e+000  1.5000000e+000  1.5000000e+000  1.5000000e+000  1.5000000e+000  1.5000000e+000  1.5000000e+000  1.5000000e+000  1.5000000e+000  1.5000000e+000  1.5000000e+000  1.5000000e+000  1.5000000e+000  1.5000000e+000  1.5000000e+000  1.5000000e+000  1.5000000e+000  1.5000000e+000  1.5000000e+000  1.5000000e+000  1.5000000e+000  1.5000000e+000  1.5000000e+000  1.5000000e+000  1.5000000e+000  1.5000000e+000  1.5000000e+000  1.5000000e+000  1.5000000e+000  1.5000000e+000  1.5000000e+000  1.5000000e+000  1.5000000e+000  1.5000000e+000  1.5000000e+000  1.5000000e+000  1.5000000e+000  1.5000000e+000  1.5000000e+000  1.5000000e+000  1.5000000e+000  1.5000000e+000  1.5000000e+000  1.5000000e+000  1.5000000e+000  1.5000000e+000  1.5000000e+000  1.5000000e+000  1.5000000e+000  1.5000000e+000  1.5000000e+000  1.5000000e+000  1.5000000e+000  1.5000000e+000  1.5000000e+000  1.5000000e+000  1.5000000e+000  1.5000000e+000  1.5000000e+000  1.5000000e+000  1.5000000e+000  1.5000000e+000  1.5000000e+000  1.5000000e+000  1.5000000e+000  1.5000000e+000  1.5000000e+000  1.5000000e+000  1.5000000e+000  1.5000000e+000  1.5000000e+000  1.5000000e+000  1.5000000e+000  1.5000000e+000  1.5000000e+000  1.5000000e+000  1.5000000e+000  1.5000000e+000  1.5000000e+000  1.5000000e+000  1.5000000e+000  1.5000000e+000  1.5000000e+000  1.5000000e+000  1.5000000e+000  1.5000000e+000  1.5000000e+000  1.5000000e+000  1.5000000e+000  1.5000000e+000  1.0000000e+000  1.0000000e+000  1.5000000e+000  1.5000000e+000  1.5000000e+000  1.5000000e+000  1.5000000e+000  1.5000000e+000  1.5000000e+000  1.5000000e+000  1.5000000e+000  1.5000000e+000  1.5000000e+000  1.5000000e+000  1.5000000e+000  1.5000000e+000  1.5000000e+000  1.5000000e+000  1.0000000e+000  1.0000000e+000  1.0000000e+000  1.5000000e+000  1.5000000e+000  1.5000000e+000  1.5000000e+000  1.5000000e+000  1.5000000e+000  1.5000000e+000  1.5000000e+000  1.5000000e+000  1.5000000e+000  1.5000000e+000  1.5000000e+000  1.5000000e+000  1.5000000e+000  1.5000000e+000  1.5000000e+000  1.5000000e+000  1.5000000e+000  1.5000000e+000  1.5000000e+000  1.5000000e+000  1.5000000e+000  1.5000000e+000  1.5000000e+000  1.5000000e+000  1.5000000e+000  1.5000000e+000  1.5000000e+000  1.5000000e+000  1.5000000e+000  1.5000000e+000  1.5000000e+000  1.5000000e+000  1.5000000e+000  1.5000000e+000  1.5000000e+000  1.5000000e+000  1.5000000e+000  1.5000000e+000  1.5000000e+000  1.5000000e+000  1.5000000e+000  1.5000000e+000  1.5000000e+000  1.5000000e+000  1.5000000e+000  1.5000000e+000  1.5000000e+000  1.5000000e+000  1.5000000e+000
  1.5000000e+000  1.5000000e+000  1.5000000e+000  1.5000000e+000  1.5000000e+000  1.5000000e+000  1.5000000e+000  1.5000000e+000  1.5000000e+000  1.5000000e+000  1.5000000e+000  1.5000000e+000  1.5000000e+000  1.5000000e+000  1.5000000e+000  1.5000000e+000  1.5000000e+000  1.5000000e+000  1.5000000e+000  1.5000000e+000  1.5000000e+000  1.5000000e+000  1.5000000e+000  1.5000000e+000  1.5000000e+000  1.5000000e+000  1.5000000e+000  1.5000000e+000  1.5000000e+000  1.5000000e+000  1.5000000e+000  1.5000000e+000  1.5000000e+000  1.5000000e+000  1.5000000e+000  1.5000000e+000  1.5000000e+000  1.5000000e+000  1.5000000e+000  1.5000000e+000  1.5000000e+000  1.5000000e+000  1.5000000e+000  1.5000000e+000  1.5000000e+000  1.5000000e+000  1.5000000e+000  1.5000000e+000  1.5000000e+000  1.5000000e+000  1.5000000e+000  1.5000000e+000  1.5000000e+000  1.5000000e+000  1.5000000e+000  1.5000000e+000  1.5000000e+000  1.5000000e+000  1.5000000e+000  1.5000000e+000  1.5000000e+000  1.5000000e+000  1.5000000e+000  1.5000000e+000  1.5000000e+000  1.5000000e+000  1.5000000e+000  1.5000000e+000  1.5000000e+000  1.5000000e+000  1.5000000e+000  1.5000000e+000  1.5000000e+000  1.5000000e+000  1.5000000e+000  1.5000000e+000  1.0000000e+000  1.0000000e+000  1.5000000e+000  1.5000000e+000  1.5000000e+000  1.5000000e+000  1.5000000e+000  1.5000000e+000  1.5000000e+000  1.5000000e+000  1.5000000e+000  1.5000000e+000  1.5000000e+000  1.5000000e+000  1.5000000e+000  1.5000000e+000  1.5000000e+000  1.5000000e+000  1.5000000e+000  1.5000000e+000  1.5000000e+000  1.5000000e+000  1.5000000e+000  1.5000000e+000  1.5000000e+000  1.5000000e+000  1.5000000e+000  1.5000000e+000  1.5000000e+000  1.5000000e+000  1.5000000e+000  1.5000000e+000  1.5000000e+000  1.5000000e+000  1.5000000e+000  1.5000000e+000  1.5000000e+000  1.5000000e+000  1.5000000e+000  1.5000000e+000  1.5000000e+000  1.5000000e+000  1.5000000e+000  1.5000000e+000  1.5000000e+000  1.5000000e+000  1.5000000e+000  1.5000000e+000  1.5000000e+000  1.5000000e+000  1.5000000e+000  1.5000000e+000  1.5000000e+000  1.5000000e+000  1.5000000e+000  1.5000000e+000  1.5000000e+000  1.5000000e+000  1.0000000e+000  1.5000000e+000  1.5000000e+000  1.5000000e+000  1.5000000e+000  1.5000000e+000  1.5000000e+000  1.5000000e+000  1.5000000e+000  1.5000000e+000  1.5000000e+000  1.5000000e+000  1.5000000e+000  1.5000000e+000  1.5000000e+000  1.5000000e+000  1.5000000e+000  1.5000000e+000  1.5000000e+000  1.5000000e+000  1.5000000e+000  1.5000000e+000  1.5000000e+000  1.5000000e+000  1.5000000e+000  1.5000000e+000  1.5000000e+000  1.5000000e+000  1.5000000e+000  1.5000000e+000  1.5000000e+000  1.5000000e+000  1.5000000e+000  1.5000000e+000  1.5000000e+000  1.5000000e+000  1.5000000e+000  1.5000000e+000  1.5000000e+000  1.5000000e+000  1.5000000e+000  1.5000000e+000  1.5000000e+000  1.5000000e+000  1.5000000e+000  1.5000000e+000  1.5000000e+000  1.5000000e+000  1.5000000e+000  1.5000000e+000  1.5000000e+000  1.5000000e+000  1.0000000e+000  1.5000000e+000  1.5000000e+000  1.5000000e+000  1.5000000e+000  1.5000000e+000  1.5000000e+000  1.5000000e+000  1.5000000e+000  1.5000000e+000  1.5000000e+000  1.5000000e+000  1.5000000e+000  1.5000000e+000  1.5000000e+000  1.5000000e+000  1.5000000e+000  1.0000000e+000  1.0000000e+000  1.5000000e+000  1.5000000e+000  1.5000000e+000  1.5000000e+000  1.5000000e+000  1.5000000e+000  1.5000000e+000  1.5000000e+000  1.5000000e+000  1.5000000e+000  1.5000000e+000  1.5000000e+000  1.5000000e+000  1.5000000e+000  1.5000000e+000  1.5000000e+000  1.5000000e+000  1.5000000e+000  1.5000000e+000  1.5000000e+000  1.5000000e+000  1.5000000e+000  1.5000000e+000  1.5000000e+000  1.5000000e+000  1.5000000e+000  1.5000000e+000  1.5000000e+000  1.0000000e+000  1.0000000e+000  1.5000000e+000  1.5000000e+000  1.5000000e+000  1.5000000e+000  1.5000000e+000  1.5000000e+000  1.5000000e+000  1.5000000e+000  1.5000000e+000  1.5000000e+000  1.5000000e+000  1.5000000e+000  1.5000000e+000  1.5000000e+000  1.5000000e+000  1.5000000e+000  1.5000000e+000  1.5000000e+000  1.5000000e+000  1.5000000e+000  1.5000000e+000
  1.5000000e+000  1.5000000e+000  1.5000000e+000  1.5000000e+000  1.5000000e+000  1.5000000e+000  1.5000000e+000  1.5000000e+000  1.5000000e+000  1.5000000e+000  1.5000000e+000  1.5000000e+000  1.5000000e+000  1.5000000e+000  1.5000000e+000  1.5000000e+000  1.5000000e+000  1.5000000e+000  1.5000000e+000  1.5000000e+000  1.5000000e+000  1.5000000e+000  1.5000000e+000  1.5000000e+000  1.5000000e+000  1.5000000e+000  1.5000000e+000  1.5000000e+000  1.5000000e+000  1.5000000e+000  1.5000000e+000  1.5000000e+000  1.5000000e+000  1.5000000e+000  1.5000000e+000  1.5000000e+000  1.5000000e+000  1.5000000e+000  1.5000000e+000  1.5000000e+000  1.5000000e+000  1.5000000e+000  1.5000000e+000  1.5000000e+000  1.5000000e+000  1.5000000e+000  1.5000000e+000  1.5000000e+000  1.5000000e+000  1.5000000e+000  1.5000000e+000  1.5000000e+000  1.5000000e+000  1.5000000e+000  1.5000000e+000  1.5000000e+000  1.5000000e+000  1.5000000e+000  1.5000000e+000  1.5000000e+000  1.5000000e+000  1.5000000e+000  1.5000000e+000  1.5000000e+000  1.5000000e+000  1.5000000e+000  1.5000000e+000  1.5000000e+000  1.5000000e+000  1.5000000e+000  1.5000000e+000  1.5000000e+000  1.5000000e+000  1.5000000e+000  1.5000000e+000  1.0000000e+000  1.0000000e+000  1.0000000e+000  1.5000000e+000  1.5000000e+000  1.5000000e+000  1.5000000e+000  1.5000000e+000  1.5000000e+000  1.5000000e+000  1.5000000e+000  1.5000000e+000  1.5000000e+000  1.5000000e+000  1.5000000e+000  1.5000000e+000  1.5000000e+000  1.5000000e+000  1.5000000e+000  1.5000000e+000  1.5000000e+000  1.5000000e+000  1.5000000e+000  1.5000000e+000  1.5000000e+000  1.5000000e+000  1.5000000e+000  1.5000000e+000  1.5000000e+000  1.5000000e+000  1.5000000e+000  1.5000000e+000  1.5000000e+000  1.5000000e+000  1.5000000e+000  1.5000000e+000  1.5000000e+000  1.5000000e+000  1.5000000e+000  1.5000000e+000  1.5000000e+000  1.5000000e+000  1.5000000e+000  1.5000000e+000  1.5000000e+000  1.5000000e+000  1.5000000e+000  1.5000000e+000  1.5000000e+000  1.5000000e+000  1.5000000e+000  1.5000000e+000  1.5000000e+000  1.5000000e+000  1.5000000e+000  1.5000000e+000  1.5000000e+000  1.5000000e+000  1.5000000e+000  1.5000000e+000  1.5000000e+000  1.5000000e+000  1.5000000e+000  1.5000000e+000  1.5000000e+000  1.5000000e+000  1.5000000e+000  1.5000000e+000  1.5000000e+000  1.5000000e+000  1.5000000e+000  1.5000000e+000  1.5000000e+000  1.5000000e+000  1.5000000e+000  1.5000000e+000  1.5000000e+000  1.5000000e+000  1.5000000e+000  1.5000000e+000  1.5000000e+000  1.5000000e+000  1.5000000e+000  1.5000000e+000  1.5000000e+000  1.5000000e+000  1.5000000e+000  1.5000000e+000  1.5000000e+000  1.5000000e+000  1.5000000e+000  1.5000000e+000  1.5000000e+000  1.5000000e+000  1.5000000e+000  1.5000000e+000  1.5000000e+000  1.5000000e+000  1.5000000e+000  1.5000000e+000  1.5000000e+000  1.5000000e+000  1.5000000e+000  1.5000000e+000  1.5000000e+000  1.5000000e+000  1.5000000e+000  1.5000000e+000  1.5000000e+000  1.5000000e+000  1.5000000e+000  1.5000000e+000  1.5000000e+000  1.5000000e+000  1.5000000e+000  1.5000000e+000  1.5000000e+000  1.5000000e+000  1.5000000e+000  1.5000000e+000  1.5000000e+000  1.5000000e+000  1.5000000e+000  1.5000000e+000  1.5000000e+000  1.5000000e+000  1.5000000e+000  1.5000000e+000  1.5000000e+000  1.5000000e+000  1.5000000e+000  1.5000000e+000  1.5000000e+000  1.5000000e+000  1.5000000e+000  1.5000000e+000  1.5000000e+000  1.5000000e+000  1.5000000e+000  1.5000000e+000  1.5000000e+000  1.5000000e+000  1.5000000e+000  1.5000000e+000  1.5000000e+000  1.5000000e+000  1.5000000e+000  1.5000000e+000  1.5000000e+000  1.5000000e+000  1.5000000e+000  1.5000000e+000  1.5000000e+000  1.5000000e+000  1.5000000e+000  1.5000000e+000  1.0000000e+000  1.0000000e+000  1.0000000e+000  1.5000000e+000  1.5000000e+000  1.5000000e+000  1.5000000e+000  1.5000000e+000  1.5000000e+000  1.5000000e+000  1.5000000e+000  1.5000000e+000  1.5000000e+000  1.5000000e+000  1.5000000e+000  1.5000000e+000  1.5000000e+000  1.5000000e+000  1.5000000e+000  1.5000000e+000  1.5000000e+000  1.5000000e+000  1.5000000e+000  1.5000000e+000  1.5000000e+000
  1.5000000e+000  1.5000000e+000  1.5000000e+000  1.5000000e+000  1.5000000e+000  1.5000000e+000  1.5000000e+000  1.5000000e+000  1.5000000e+000  1.5000000e+000  1.5000000e+000  1.5000000e+000  1.5000000e+000  1.5000000e+000  1.5000000e+000  1.5000000e+000  1.5000000e+000  1.5000000e+000  1.5000000e+000  1.5000000e+000  1.5000000e+000  1.5000000e+000  1.5000000e+000  1.5000000e+000  1.5000000e+000  1.5000000e+000  1.5000000e+000  1.5000000e+000  1.5000000e+000  1.5000000e+000  1.5000000e+000  1.5000000e+000  1.5000000e+000  1.5000000e+000  1.5000000e+000  1.5000000e+000  1.5000000e+000  1.5000000e+000  1.5000000e+000  1.5000000e+000  1.5000000e+000  1.5000000e+000  1.5000000e+000  1.5000000e+000  1.5000000e+000  1.5000000e+000  1.5000000e+000  1.5000000e+000  1.5000000e+000  1.5000000e+000  1.5000000e+000  1.5000000e+000  1.5000000e+000  1.5000000e+000  1.5000000e+000  1.5000000e+000  1.5000000e+000  1.5000000e+000  1.5000000e+000  1.5000000e+000  1.5000000e+000  1.5000000e+000  1.5000000e+000  1.5000000e+000  1.5000000e+000  1.5000000e+000  1.5000000e+000  1.5000000e+000  1.5000000e+000  1.5000000e+000  1.5000000e+000  1.5000000e+000  1.5000000e+000  1.5000000e+000  1.5000000e+000  1.5000000e+000  1.5000000e+000  1.5000000e+000  1.5000000e+000  1.5000000e+000  1.5000000e+000  1.5000000e+000  1.5000000e+000  1.5000000e+000  1.5000000e+000  1.5000000e+000  1.5000000e+000  1.5000000e+000  1.5000000e+000  1.5000000e+000  1.5000000e+000  1.5000000e+000  1.5000000e+000  1.5000000e+000  1.5000000e+000  1.5000000e+000  1.5000000e+000  1.5000000e+000  1.5000000e+000  1.5000000e+000  1.5000000e+000  1.5000000e+000  1.5000000e+000  1.5000000e+000  1.5000000e+000  1.5000000e+000  1.5000000e+000  1.5000000e+000  1.5000000e+000  1.5000000e+000  1.5000000e+000  1.5000000e+000  1.5000000e+000  1.5000000e+000  1.5000000e+000  1.5000000e+000  1.5000000e+000  1.5000000e+000  1.5000000e+000  1.5000000e+000  1.5000000e+000  1.5000000e+000  1.5000000e+000  1.5000000e+000  1.5000000e+000  1.5000000e+000  1.5000000e+000  1.5000000e+000  1.5000000e+000  1.5000000e+000  1.5000000e+000  1.5000000e+000  1.5000000e+000  1.5000000e+000  1.5000000e+000  1.5000000e+000  1.5000000e+000  1.5000000e+000  1.5000000e+000  1.5000000e+000  1.5000000e+000  1.5000000e+000  1.5000000e+000  1.5000000e+000  1.5000000e+000  1.5000000e+000  1.5000000e+000  1.5000000e+000  1.5000000e+000  1.5000000e+000  1.5000000e+000  1.5000000e+000  1.5000000e+000  1.5000000e+000  1.5000000e+000  1.5000000e+000  1.5000000e+000  1.5000000e+000  1.5000000e+000  1.5000000e+000  1.5000000e+000  1.5000000e+000  1.5000000e+000  1.5000000e+000  1.5000000e+000  1.5000000e+000  1.5000000e+000  1.5000000e+000  1.5000000e+000  1.5000000e+000  1.5000000e+000  1.5000000e+000  1.5000000e+000  1.5000000e+000  1.5000000e+000  1.5000000e+000  1.5000000e+000  1.5000000e+000  1.5000000e+000  1.5000000e+000  1.5000000e+000  1.5000000e+000  1.5000000e+000  1.5000000e+000  1.5000000e+000  1.5000000e+000  1.5000000e+000  1.5000000e+000  1.5000000e+000  1.5000000e+000  1.5000000e+000  1.5000000e+000  1.5000000e+000  1.5000000e+000  1.5000000e+000  1.5000000e+000  1.5000000e+000  1.5000000e+000  1.5000000e+000  1.5000000e+000  1.5000000e+000  1.5000000e+000  1.5000000e+000  1.5000000e+000  1.5000000e+000  1.5000000e+000  1.5000000e+000  1.5000000e+000  1.5000000e+000  1.5000000e+000  1.5000000e+000  1.5000000e+000  1.5000000e+000  1.5000000e+000  1.5000000e+000  1.5000000e+000  1.5000000e+000  1.5000000e+000  1.5000000e+000  1.5000000e+000  1.5000000e+000  1.5000000e+000  1.5000000e+000  1.5000000e+000  1.5000000e+000  1.5000000e+000  1.5000000e+000  1.5000000e+000  1.5000000e+000  1.5000000e+000  1.5000000e+000  1.0000000e+000  1.0000000e+000  1.5000000e+000  1.5000000e+000  1.5000000e+000  1.5000000e+000  1.5000000e+000  1.5000000e+000  1.5000000e+000  1.5000000e+000  1.5000000e+000  1.5000000e+000  1.5000000e+000  1.5000000e+000  1.5000000e+000  1.5000000e+000  1.5000000e+000  1.5000000e+000  1.5000000e+000  1.5000000e+000  1.5000000e+000  1.5000000e+000  1.5000000e+000  1.5000000e+000  1.5000000e+000
  1.5000000e+000  1.5000000e+000  1.5000000e+000  1.5000000e+000  1.5000000e+000  1.5000000e+000  1.5000000e+000  1.5000000e+000  1.5000000e+000  1.5000000e+000  1.5000000e+000  1.5000000e+000  1.5000000e+000  1.5000000e+000  1.5000000e+000  1.5000000e+000  1.5000000e+000  1.5000000e+000  1.5000000e+000  1.5000000e+000  1.5000000e+000  1.5000000e+000  1.5000000e+000  1.5000000e+000  1.5000000e+000  1.5000000e+000  1.5000000e+000  1.5000000e+000  1.5000000e+000  1.5000000e+000  1.5000000e+000  1.5000000e+000  1.5000000e+000  1.5000000e+000  1.5000000e+000  1.5000000e+000  1.5000000e+000  1.5000000e+000  1.5000000e+000  1.5000000e+000  1.5000000e+000  1.5000000e+000  1.5000000e+000  1.5000000e+000  1.5000000e+000  1.5000000e+000  1.5000000e+000  1.5000000e+000  1.5000000e+000  1.5000000e+000  1.5000000e+000  1.5000000e+000  1.5000000e+000  1.5000000e+000  1.5000000e+000  1.5000000e+000  1.5000000e+000  1.5000000e+000  1.5000000e+000  1.5000000e+000  1.5000000e+000  1.5000000e+000  1.5000000e+000  1.5000000e+000  1.5000000e+000  1.5000000e+000  1.5000000e+000  1.5000000e+000  1.5000000e+000  1.5000000e+000  1.5000000e+000  1.5000000e+000  1.5000000e+000  1.5000000e+000  1.5000000e+000  1.5000000e+000  1.5000000e+000  1.5000000e+000  1.0000000e+000  1.5000000e+000  1.5000000e+000  1.5000000e+000  1.5000000e+000  1.5000000e+000  1.5000000e+000  1.5000000e+000  1.5000000e+000  1.5000000e+000  1.5000000e+000  1.5000000e+000  1.5000000e+000  1.5000000e+000  1.5000000e+000  1.5000000e+000  1.5000000e+000  1.5000000e+000  1.5000000e+000  1.5000000e+000  1.5000000e+000  1.5000000e+000  1.5000000e+000  1.5000000e+000  1.5000000e+000  1.5000000e+000  1.5000000e+000  1.5000000e+000  1.5000000e+000  1.5000000e+000  1.5000000e+000  1.5000000e+000  1.5000000e+000  1.5000000e+000  1.5000000e+000  1.5000000e+000  1.5000000e+000  1.5000000e+000  1.5000000e+000  1.5000000e+000  1.5000000e+000  1.5000000e+000  1.5000000e+000  1.5000000e+000  1.5000000e+000  1.5000000e+000  1.5000000e+000  1.5000000e+000  1.5000000e+000  1.5000000e+000  1.5000000e+000  1.5000000e+000  1.5000000e+000  1.5000000e+000  1.5000000e+000  1.5000000e+000  1.5000000e+000  1.5000000e+000  1.5000000e+000  1.5000000e+000  1.5000000e+000  1.5000000e+000  1.5000000e+000  1.5000000e+000  1.5000000e+000  1.5000000e+000  1.5000000e+000  1.5000000e+000  1.5000000e+000  1.5000000e+000  1.5000000e+000  1.5000000e+000  1.5000000e+000  1.5000000e+000  1.5000000e+000  1.5000000e+000  1.5000000e+000  1.5000000e+000  1.5000000e+000  1.5000000e+000  1.5000000e+000  1.5000000e+000  1.5000000e+000  1.5000000e+000  1.5000000e+000  1.5000000e+000  1.5000000e+000  1.5000000e+000  1.5000000e+000  1.5000000e+000  1.5000000e+000  1.5000000e+000  1.5000000e+000  1.5000000e+000  1.5000000e+000  1.5000000e+000  1.5000000e+000  1.5000000e+000  1.5000000e+000  1.5000000e+000  1.5000000e+000  1.5000000e+000  1.5000000e+000  1.5000000e+000  1.5000000e+000  1.5000000e+000  1.5000000e+000  1.5000000e+000  1.5000000e+000  1.5000000e+000  1.5000000e+000  1.5000000e+000  1.5000000e+000  1.5000000e+000  1.5000000e+000  1.5000000e+000  1.5000000e+000  1.5000000e+000  1.5000000e+000  1.5000000e+000  1.5000000e+000  1.5000000e+000  1.5000000e+000  1.5000000e+000  1.5000000e+000  1.5000000e+000  1.5000000e+000  1.5000000e+000  1.5000000e+000  1.5000000e+000  1.5000000e+000  1.5000000e+000  1.5000000e+000  1.5000000e+000  1.5000000e+000  1.5000000e+000  1.5000000e+000  1.5000000e+000  1.5000000e+000  1.5000000e+000  1.5000000e+000  1.5000000e+000  1.5000000e+000  1.5000000e+000  1.5000000e+000  1.5000000e+000  1.5000000e+000  1.5000000e+000  1.5000000e+000  1.5000000e+000  1.5000000e+000  1.5000000e+000  1.5000000e+000  1.0000000e+000  1.5000000e+000  1.5000000e+000  1.5000000e+000  1.5000000e+000  1.5000000e+000  1.5000000e+000  1.5000000e+000  1.5000000e+000  1.5000000e+000  1.5000000e+000  1.5000000e+000  1.5000000e+000  1.5000000e+000  1.5000000e+000  1.5000000e+000  1.5000000e+000  1.5000000e+000  1.5000000e+000  1.5000000e+000  1.5000000e+000  1.5000000e+000  1.5000000e+000  1.5000000e+000  1.5000000e+000
  1.5000000e+000  1.5000000e+000  1.5000000e+000  1.5000000e+000  1.5000000e+000  1.5000000e+000  1.5000000e+000  1.5000000e+000  1.5000000e+000  1.5000000e+000  1.5000000e+000  1.5000000e+000  1.5000000e+000  1.5000000e+000  1.5000000e+000  1.5000000e+000  1.5000000e+000  1.5000000e+000  1.5000000e+000  1.5000000e+000  1.5000000e+000  1.5000000e+000  1.5000000e+000  1.5000000e+000  1.5000000e+000  1.5000000e+000  1.5000000e+000  1.5000000e+000  1.5000000e+000  1.5000000e+000  1.5000000e+000  1.5000000e+000  1.5000000e+000  1.5000000e+000  1.5000000e+000  1.5000000e+000  1.5000000e+000  1.5000000e+000  1.5000000e+000  1.5000000e+000  1.5000000e+000  1.5000000e+000  1.5000000e+000  1.5000000e+000  1.5000000e+000  1.5000000e+000  1.5000000e+000  1.5000000e+000  1.5000000e+000  1.5000000e+000  1.5000000e+000  1.5000000e+000  1.5000000e+000  1.5000000e+000  1.5000000e+000  1.5000000e+000  1.5000000e+000  1.5000000e+000  1.5000000e+000  1.5000000e+000  1.5000000e+000  1.5000000e+000  1.5000000e+000  1.5000000e+000  1.5000000e+000  1.5000000e+000  1.5000000e+000  1.5000000e+000  1.5000000e+000  1.5000000e+000  1.5000000e+000  1.5000000e+000  1.5000000e+000  1.5000000e+000  1.5000000e+000  1.5000000e+000  1.5000000e+000  1.5000000e+000  1.5000000e+000  1.5000000e+000  1.5000000e+000  1.5000000e+000  1.5000000e+000  1.5000000e+000  1.5000000e+000  1.5000000e+000  1.5000000e+000  1.5000000e+000  1.5000000e+000  1.5000000e+000  1.5000000e+000  1.5000000e+000  1.5000000e+000  1.5000000e+000  1.5000000e+000  1.5000000e+000  1.5000000e+000  1.5000000e+000  1.5000000e+000  1.5000000e+000  1.5000000e+000  1.5000000e+000  1.5000000e+000  1.5000000e+000  1.5000000e+000  1.5000000e+000  1.5000000e+000  1.5000000e+000  1.5000000e+000  1.5000000e+000  1.5000000e+000  1.5000000e+000  1.5000000e+000  1.5000000e+000  1.5000000e+000  1.5000000e+000  1.5000000e+000  1.5000000e+000  1.5000000e+000  1.5000000e+000  1.5000000e+000  1.5000000e+000  1.5000000e+000  1.5000000e+000  1.5000000e+000  1.5000000e+000  1.5000000e+000  1.5000000e+000  1.5000000e+000  1.5000000e+000  1.5000000e+000  1.5000000e+000  1.5000000e+000  1.5000000e+000  1.5000000e+000  1.5000000e+000  1.5000000e+000  1.5000000e+000  1.5000000e+000  1.5000000e+000  1.5000000e+000  1.5000000e+000  1.5000000e+000  1.5000000e+000  1.5000000e+000  1.5000000e+000  1.5000000e+000  1.5000000e+000  1.5000000e+000  1.5000000e+000  1.5000000e+000  1.5000000e+000  1.5000000e+000  1.5000000e+000  1.5000000e+000  1.5000000e+000  1.5000000e+000  1.5000000e+000  1.5000000e+000  1.5000000e+000  1.5000000e+000  1.5000000e+000  1.5000000e+000  1.5000000e+000  1.5000000e+000  1.5000000e+000  1.5000000e+000  1.5000000e+000  1.5000000e+000  1.5000000e+000  1.5000000e+000  1.5000000e+000  1.5000000e+000  1.5000000e+000  1.5000000e+000  1.5000000e+000  1.5000000e+000  1.5000000e+000  1.5000000e+000  1.5000000e+000  1.5000000e+000  1.5000000e+000  1.5000000e+000  1.5000000e+000  1.5000000e+000  1.5000000e+000  1.5000000e+000  1.5000000e+000  1.5000000e+000  1.5000000e+000  1.5000000e+000  1.5000000e+000  1.5000000e+000  1.5000000e+000  1.5000000e+000  1.5000000e+000  1.5000000e+000  1.5000000e+000  1.5000000e+000  1.5000000e+000  1.5000000e+000  1.5000000e+000  1.5000000e+000  1.0000000e+000  1.5000000e+000  1.5000000e+000  1.5000000e+000  1.5000000e+000  1.5000000e+000  1.5000000e+000  1.5000000e+000  1.5000000e+000  1.5000000e+000  1.5000000e+000  1.5000000e+000  1.5000000e+000  1.5000000e+000  1.5000000e+000  1.5000000e+000  1.5000000e+000  1.5000000e+000  1.5000000e+000  1.5000000e+000  1.5000000e+000  1.5000000e+000  1.5000000e+000  1.5000000e+000  1.5000000e+000  1.5000000e+000  1.5000000e+000  1.5000000e+000  1.5000000e+000  1.5000000e+000  1.5000000e+000  1.5000000e+000  1.5000000e+000  1.5000000e+000  1.5000000e+000  1.5000000e+000  1.5000000e+000  1.5000000e+000  1.5000000e+000  1.5000000e+000  1.5000000e+000  1.5000000e+000  1.5000000e+000  1.5000000e+000  1.5000000e+000  1.5000000e+000  1.5000000e+000  1.5000000e+000  1.5000000e+000  1.5000000e+000  1.5000000e+000  1.5000000e+000  1.5000000e+000
  1.5000000e+000  1.5000000e+000  1.5000000e+000  1.5000000e+000  1.5000000e+000  1.5000000e+000  1.5000000e+000  1.5000000e+000  1.5000000e+000  1.5000000e+000  1.5000000e+000  1.5000000e+000  1.5000000e+000  1.5000000e+000  1.5000000e+000  1.5000000e+000  1.5000000e+000  1.5000000e+000  1.5000000e+000  1.5000000e+000  1.5000000e+000  1.5000000e+000  1.5000000e+000  1.5000000e+000  1.5000000e+000  1.5000000e+000  1.5000000e+000  1.5000000e+000  1.5000000e+000  1.5000000e+000  1.5000000e+000  1.5000000e+000  1.5000000e+000  1.5000000e+000  1.5000000e+000  1.5000000e+000  1.5000000e+000  1.5000000e+000  1.5000000e+000  1.5000000e+000  1.5000000e+000  1.5000000e+000  1.5000000e+000  1.5000000e+000  1.5000000e+000  1.5000000e+000  1.5000000e+000  1.5000000e+000  1.5000000e+000  1.5000000e+000  1.5000000e+000  1.5000000e+000  1.5000000e+000  1.5000000e+000  1.5000000e+000  1.5000000e+000  1.5000000e+000  1.5000000e+000  1.5000000e+000  1.5000000e+000  1.5000000e+000  1.5000000e+000  1.5000000e+000  1.5000000e+000  1.5000000e+000  1.5000000e+000  1.5000000e+000  1.5000000e+000  1.5000000e+000  1.5000000e+000  1.5000000e+000  1.5000000e+000  1.5000000e+000  1.5000000e+000  1.5000000e+000  1.5000000e+000  1.5000000e+000  1.5000000e+000  1.5000000e+000  1.5000000e+000  1.5000000e+000  1.5000000e+000  1.5000000e+000  1.5000000e+000  1.5000000e+000  1.5000000e+000  1.5000000e+000  1.5000000e+000  1.5000000e+000  1.5000000e+000  1.5000000e+000  1.5000000e+000  1.5000000e+000  1.5000000e+000  1.5000000e+000  1.5000000e+000  1.5000000e+000  1.5000000e+000  1.5000000e+000  1.5000000e+000  1.5000000e+000  1.5000000e+000  1.5000000e+000  1.5000000e+000  1.5000000e+000  1.5000000e+000  1.5000000e+000  1.5000000e+000  1.5000000e+000  1.5000000e+000  1.5000000e+000  1.5000000e+000  1.5000000e+000  1.5000000e+000  1.5000000e+000  1.5000000e+000  1.5000000e+000  1.5000000e+000  1.5000000e+000  1.5000000e+000  1.5000000e+000  1.5000000e+000  1.5000000e+000  1.5000000e+000  1.5000000e+000  1.5000000e+000  1.5000000e+000  1.5000000e+000  1.5000000e+000  1.5000000e+000  1.5000000e+000  1.5000000e+000  1.5000000e+000  1.5000000e+000  1.5000000e+000  1.5000000e+000  1.5000000e+000  1.5000000e+000  1.5000000e+000  1.5000000e+000  1.5000000e+000  1.5000000e+000  1.5000000e+000  1.5000000e+000  1.5000000e+000  1.5000000e+000  1.5000000e+000  1.5000000e+000  1.5000000e+000  1.5000000e+000  1.5000000e+000  1.5000000e+000  1.5000000e+000  1.5000000e+000  1.5000000e+000  1.5000000e+000  1.5000000e+000  1.5000000e+000  1.5000000e+000  1.5000000e+000  1.5000000e+000  1.5000000e+000  1.5000000e+000  1.5000000e+000  1.5000000e+000  1.5000000e+000  1.5000000e+000  1.5000000e+000  1.5000000e+000  1.5000000e+000  1.5000000e+000  1.5000000e+000  1.5000000e+000  1.5000000e+000  1.5000000e+000  1.5000000e+000  1.5000000e+000  1.5000000e+000  1.5000000e+000  1.5000000e+000  1.5000000e+000  1.5000000e+000  1.5000000e+000  1.5000000e+000  1.5000000e+000  1.5000000e+000  1.5000000e+000  1.5000000e+000  1.5000000e+000  1.5000000e+000  1.5000000e+000  1.5000000e+000  1.5000000e+000  1.5000000e+000  1.5000000e+000  1.5000000e+000  1.5000000e+000  1.5000000e+000  1.5000000e+000  1.5000000e+000  1.5000000e+000  1.5000000e+000  1.5000000e+000  1.5000000e+000  1.5000000e+000  1.5000000e+000  1.5000000e+000  1.5000000e+000  1.5000000e+000  1.5000000e+000  1.5000000e+000  1.5000000e+000  1.5000000e+000  1.5000000e+000  1.5000000e+000  1.5000000e+000  1.5000000e+000  1.5000000e+000  1.5000000e+000  1.5000000e+000  1.5000000e+000  1.5000000e+000  1.5000000e+000  1.5000000e+000  1.5000000e+000  1.5000000e+000  1.5000000e+000  1.5000000e+000  1.5000000e+000  1.5000000e+000  1.5000000e+000  1.5000000e+000  1.5000000e+000  1.5000000e+000  1.5000000e+000  1.5000000e+000  1.5000000e+000  1.5000000e+000  1.5000000e+000  1.5000000e+000  1.5000000e+000  1.5000000e+000  1.5000000e+000  1.5000000e+000  1.5000000e+000  1.5000000e+000  1.5000000e+000  1.5000000e+000  1.5000000e+000  1.5000000e+000  1.5000000e+000  1.5000000e+000  1.5000000e+000  1.5000000e+000  1.5000000e+000  1.5000000e+000
  1.5000000e+000  1.5000000e+000  1.5000000e+000  1.5000000e+000  1.5000000e+000  1.5000000e+000  1.5000000e+000  1.5000000e+000  1.5000000e+000  1.5000000e+000  1.5000000e+000  1.5000000e+000  1.5000000e+000  1.5000000e+000  1.5000000e+000  1.5000000e+000  1.5000000e+000  1.5000000e+000  1.5000000e+000  1.5000000e+000  1.5000000e+000  1.5000000e+000  1.5000000e+000  1.5000000e+000  1.5000000e+000  1.5000000e+000  1.5000000e+000  1.5000000e+000  1.5000000e+000  1.5000000e+000  1.5000000e+000  1.5000000e+000  1.5000000e+000  1.5000000e+000  1.5000000e+000  1.5000000e+000  1.5000000e+000  1.5000000e+000  1.5000000e+000  1.5000000e+000  1.5000000e+000  1.5000000e+000  1.5000000e+000  1.5000000e+000  1.5000000e+000  1.5000000e+000  1.5000000e+000  1.5000000e+000  1.5000000e+000  1.5000000e+000  1.5000000e+000  1.5000000e+000  1.5000000e+000  1.5000000e+000  1.5000000e+000  1.5000000e+000  1.5000000e+000  1.5000000e+000  1.5000000e+000  1.5000000e+000  1.5000000e+000  1.5000000e+000  1.5000000e+000  1.5000000e+000  1.5000000e+000  1.5000000e+000  1.5000000e+000  1.5000000e+000  1.5000000e+000  1.5000000e+000  1.5000000e+000  1.5000000e+000  1.5000000e+000  1.5000000e+000  1.5000000e+000  1.5000000e+000  1.5000000e+000  1.5000000e+000  1.5000000e+000  1.5000000e+000  1.5000000e+000  1.5000000e+000  1.5000000e+000  1.5000000e+000  1.5000000e+000  1.5000000e+000  1.5000000e+000  1.5000000e+000  1.5000000e+000  1.5000000e+000  1.5000000e+000  1.5000000e+000  1.5000000e+000  1.5000000e+000  1.5000000e+000  1.5000000e+000  1.5000000e+000  1.5000000e+000  1.5000000e+000  1.5000000e+000  1.5000000e+000  1.5000000e+000  1.5000000e+000  1.5000000e+000  1.5000000e+000  1.5000000e+000  1.5000000e+000  1.5000000e+000  1.5000000e+000  1.5000000e+000  1.5000000e+000  1.5000000e+000  1.5000000e+000  1.5000000e+000  1.5000000e+000  1.5000000e+000  1.5000000e+000  1.5000000e+000  1.5000000e+000  1.5000000e+000  1.5000000e+000  1.5000000e+000  1.5000000e+000  1.5000000e+000  1.5000000e+000  1.5000000e+000  1.5000000e+000  1.5000000e+000  1.5000000e+000  1.5000000e+000  1.5000000e+000  1.5000000e+000  1.5000000e+000  1.5000000e+000  1.5000000e+000  1.5000000e+000  1.5000000e+000  1.5000000e+000  1.5000000e+000  1.5000000e+000  1.5000000e+000  1.5000000e+000  1.5000000e+000  1.5000000e+000  1.5000000e+000  1.5000000e+000  1.5000000e+000  1.5000000e+000  1.5000000e+000  1.5000000e+000  1.5000000e+000  1.5000000e+000  1.5000000e+000  1.5000000e+000  1.5000000e+000  1.5000000e+000  1.5000000e+000  1.5000000e+000  1.5000000e+000  1.5000000e+000  1.5000000e+000  1.5000000e+000  1.5000000e+000  1.5000000e+000  1.5000000e+000  1.5000000e+000  1.5000000e+000  1.5000000e+000  1.5000000e+000  1.5000000e+000  1.5000000e+000  1.5000000e+000  1.5000000e+000  1.5000000e+000  1.5000000e+000  1.5000000e+000  1.5000000e+000  1.5000000e+000  1.5000000e+000  1.5000000e+000  1.5000000e+000  1.5000000e+000  1.5000000e+000  1.5000000e+000  1.5000000e+000  1.5000000e+000  1.5000000e+000  1.5000000e+000  1.5000000e+000  1.5000000e+000  1.5000000e+000  1.5000000e+000  1.5000000e+000  1.5000000e+000  1.5000000e+000  1.5000000e+000  1.5000000e+000  1.5000000e+000  1.5000000e+000  1.5000000e+000  1.5000000e+000  1.5000000e+000  1.5000000e+000  1.5000000e+000  1.5000000e+000  1.5000000e+000  1.5000000e+000  1.5000000e+000  1.5000000e+000  1.5000000e+000  1.5000000e+000  1.5000000e+000  1.5000000e+000  1.5000000e+000  1.5000000e+000  1.5000000e+000  1.5000000e+000  1.5000000e+000  1.5000000e+000  1.5000000e+000  1.5000000e+000  1.5000000e+000  1.5000000e+000  1.5000000e+000  1.5000000e+000  1.5000000e+000  1.5000000e+000  1.5000000e+000  1.5000000e+000  1.5000000e+000  1.5000000e+000  1.5000000e+000  1.5000000e+000  1.5000000e+000  1.5000000e+000  1.5000000e+000  1.5000000e+000  1.5000000e+000  1.5000000e+000  1.5000000e+000  1.5000000e+000  1.5000000e+000  1.5000000e+000  1.5000000e+000  1.5000000e+000  1.5000000e+000  1.5000000e+000  1.5000000e+000  1.5000000e+000  1.5000000e+000  1.5000000e+000  1.5000000e+000  1.5000000e+000  1.5000000e+000  1.5000000e+000  1.5000000e+000
  1.5000000e+000  1.5000000e+000  1.5000000e+000  1.5000000e+000  1.5000000e+000  1.5000000e+000  1.5000000e+000  1.5000000e+000  1.5000000e+000  1.5000000e+000  1.5000000e+000  1.5000000e+000  1.5000000e+000  1.5000000e+000  1.5000000e+000  1.5000000e+000  1.5000000e+000  1.5000000e+000  1.5000000e+000  1.5000000e+000  1.5000000e+000  1.5000000e+000  1.5000000e+000  1.5000000e+000  1.5000000e+000  1.5000000e+000  1.5000000e+000  1.5000000e+000  1.5000000e+000  1.5000000e+000  1.5000000e+000  1.5000000e+000  1.5000000e+000  1.5000000e+000  1.5000000e+000  1.5000000e+000  1.5000000e+000  1.5000000e+000  1.5000000e+000  1.5000000e+000  1.5000000e+000  1.5000000e+000  1.5000000e+000  1.5000000e+000  1.5000000e+000  1.5000000e+000  1.5000000e+000  1.5000000e+000  1.5000000e+000  1.5000000e+000  1.5000000e+000  1.5000000e+000  1.5000000e+000  1.5000000e+000  1.5000000e+000  1.5000000e+000  1.5000000e+000  1.5000000e+000  1.5000000e+000  1.5000000e+000  1.5000000e+000  1.5000000e+000  1.5000000e+000  1.5000000e+000  1.5000000e+000  1.5000000e+000  1.5000000e+000  1.5000000e+000  1.5000000e+000  1.5000000e+000  1.5000000e+000  1.5000000e+000  1.5000000e+000  1.5000000e+000  1.5000000e+000  1.5000000e+000  1.5000000e+000  1.5000000e+000  1.5000000e+000  1.5000000e+000  1.5000000e+000  1.5000000e+000  1.5000000e+000  1.5000000e+000  1.5000000e+000  1.5000000e+000  1.5000000e+000  1.5000000e+000  1.5000000e+000  1.5000000e+000  1.5000000e+000  1.5000000e+000  1.5000000e+000  1.5000000e+000  1.5000000e+000  1.5000000e+000  1.5000000e+000  1.5000000e+000  1.5000000e+000  1.5000000e+000  1.5000000e+000  1.5000000e+000  1.5000000e+000  1.5000000e+000  1.5000000e+000  1.5000000e+000  1.5000000e+000  1.5000000e+000  1.5000000e+000  1.5000000e+000  1.5000000e+000  1.5000000e+000  1.5000000e+000  1.5000000e+000  1.5000000e+000  1.5000000e+000  1.5000000e+000  1.5000000e+000  1.5000000e+000  1.5000000e+000  1.5000000e+000  1.5000000e+000  1.5000000e+000  1.5000000e+000  1.5000000e+000  1.5000000e+000  1.5000000e+000  1.5000000e+000  1.5000000e+000  1.5000000e+000  1.5000000e+000  1.5000000e+000  1.5000000e+000  1.5000000e+000  1.5000000e+000  1.5000000e+000  1.5000000e+000  1.5000000e+000  1.5000000e+000  1.5000000e+000  1.5000000e+000  1.5000000e+000  1.5000000e+000  1.5000000e+000  1.5000000e+000  1.5000000e+000  1.5000000e+000  1.5000000e+000  1.5000000e+000  1.5000000e+000  1.5000000e+000  1.5000000e+000  1.5000000e+000  1.5000000e+000  1.5000000e+000  1.5000000e+000  1.5000000e+000  1.5000000e+000  1.5000000e+000  1.5000000e+000  1.5000000e+000  1.5000000e+000  1.5000000e+000  1.5000000e+000  1.5000000e+000  1.5000000e+000  1.5000000e+000  1.5000000e+000  1.5000000e+000  1.5000000e+000  1.5000000e+000  1.5000000e+000  1.5000000e+000  1.5000000e+000  1.5000000e+000  1.5000000e+000  1.5000000e+000  1.5000000e+000  1.5000000e+000  1.5000000e+000  1.5000000e+000  1.5000000e+000  1.5000000e+000  1.5000000e+000  1.5000000e+000  1.5000000e+000  1.5000000e+000  1.5000000e+000  1.5000000e+000  1.5000000e+000  1.5000000e+000  1.5000000e+000  1.5000000e+000  1.5000000e+000  1.5000000e+000  1.5000000e+000  1.5000000e+000  1.5000000e+000  1.5000000e+000  1.5000000e+000  1.5000000e+000  1.5000000e+000  1.5000000e+000  1.5000000e+000  1.5000000e+000  1.5000000e+000  1.5000000e+000  1.5000000e+000  1.5000000e+000  1.5000000e+000  1.5000000e+000  1.5000000e+000  1.5000000e+000  1.5000000e+000  1.5000000e+000  1.5000000e+000  1.5000000e+000  1.5000000e+000  1.5000000e+000  1.5000000e+000  1.5000000e+000  1.5000000e+000  1.5000000e+000  1.5000000e+000  1.5000000e+000  1.5000000e+000  1.5000000e+000  1.5000000e+000  1.5000000e+000  1.5000000e+000  1.5000000e+000  1.5000000e+000  1.5000000e+000  1.5000000e+000  1.5000000e+000  1.5000000e+000  1.5000000e+000  1.5000000e+000  1.5000000e+000  1.5000000e+000  1.5000000e+000  1.5000000e+000  1.5000000e+000  1.5000000e+000  1.5000000e+000  1.5000000e+000  1.5000000e+000  1.5000000e+000  1.5000000e+000  1.5000000e+000  1.5000000e+000  1.5000000e+000  1.5000000e+000  1.5000000e+000  1.5000000e+000  1.5000000e+000
  1.5000000e+000  1.5000000e+000  1.5000000e+000  1.5000000e+000  1.5000000e+000  1.5000000e+000  1.5000000e+000  1.5000000e+000  1.5000000e+000  1.5000000e+000  1.5000000e+000  1.5000000e+000  1.5000000e+000  1.5000000e+000  1.5000000e+000  1.5000000e+000  1.5000000e+000  1.5000000e+000  1.5000000e+000  1.5000000e+000  1.5000000e+000  1.5000000e+000  1.5000000e+000  1.5000000e+000  1.5000000e+000  1.5000000e+000  1.5000000e+000  1.5000000e+000  1.5000000e+000  1.5000000e+000  1.5000000e+000  1.5000000e+000  1.5000000e+000  1.5000000e+000  1.5000000e+000  1.5000000e+000  1.5000000e+000  1.5000000e+000  1.5000000e+000  1.5000000e+000  1.5000000e+000  1.5000000e+000  1.5000000e+000  1.5000000e+000  1.5000000e+000  1.5000000e+000  1.5000000e+000  1.5000000e+000  1.5000000e+000  1.5000000e+000  1.5000000e+000  1.5000000e+000  1.5000000e+000  1.5000000e+000  1.5000000e+000  1.5000000e+000  1.5000000e+000  1.5000000e+000  1.5000000e+000  1.5000000e+000  1.5000000e+000  1.5000000e+000  1.5000000e+000  1.5000000e+000  1.5000000e+000  1.5000000e+000  1.5000000e+000  1.5000000e+000  1.5000000e+000  1.5000000e+000  1.5000000e+000  1.5000000e+000  1.5000000e+000  1.5000000e+000  1.5000000e+000  1.5000000e+000  1.5000000e+000  1.5000000e+000  1.5000000e+000  1.5000000e+000  1.5000000e+000  1.5000000e+000  1.5000000e+000  1.5000000e+000  1.5000000e+000  1.5000000e+000  1.5000000e+000  1.5000000e+000  1.5000000e+000  1.5000000e+000  1.5000000e+000  1.5000000e+000  1.5000000e+000  1.5000000e+000  1.5000000e+000  1.5000000e+000  1.5000000e+000  1.5000000e+000  1.5000000e+000  1.5000000e+000  1.5000000e+000  1.5000000e+000  1.5000000e+000  1.5000000e+000  1.5000000e+000  1.5000000e+000  1.5000000e+000  1.5000000e+000  1.5000000e+000  1.5000000e+000  1.5000000e+000  1.5000000e+000  1.5000000e+000  1.5000000e+000  1.5000000e+000  1.5000000e+000  1.5000000e+000  1.5000000e+000  1.5000000e+000  1.5000000e+000  1.5000000e+000  1.5000000e+000  1.5000000e+000  1.5000000e+000  1.5000000e+000  1.5000000e+000  1.5000000e+000  1.5000000e+000  1.5000000e+000  1.5000000e+000  1.5000000e+000  1.5000000e+000  1.5000000e+000  1.5000000e+000  1.5000000e+000  1.5000000e+000  1.5000000e+000  1.5000000e+000  1.5000000e+000  1.5000000e+000  1.5000000e+000  1.5000000e+000  1.5000000e+000  1.5000000e+000  1.5000000e+000  1.5000000e+000  1.5000000e+000  1.5000000e+000  1.5000000e+000  1.5000000e+000  1.5000000e+000  1.5000000e+000  1.5000000e+000  1.5000000e+000  1.5000000e+000  1.5000000e+000  1.5000000e+000  1.5000000e+000  1.5000000e+000  1.5000000e+000  1.5000000e+000  1.5000000e+000  1.5000000e+000  1.5000000e+000  1.5000000e+000  1.5000000e+000  1.5000000e+000  1.5000000e+000  1.5000000e+000  1.5000000e+000  1.5000000e+000  1.5000000e+000  1.5000000e+000  1.5000000e+000  1.5000000e+000  1.5000000e+000  1.5000000e+000  1.5000000e+000  1.5000000e+000  1.5000000e+000  1.5000000e+000  1.5000000e+000  1.5000000e+000  1.5000000e+000  1.5000000e+000  1.5000000e+000  1.5000000e+000  1.5000000e+000  1.5000000e+000  1.5000000e+000  1.5000000e+000  1.5000000e+000  1.5000000e+000  1.5000000e+000  1.5000000e+000  1.5000000e+000  1.5000000e+000  1.5000000e+000  1.5000000e+000  1.5000000e+000  1.5000000e+000  1.5000000e+000  1.5000000e+000  1.5000000e+000  1.5000000e+000  1.5000000e+000  1.5000000e+000  1.5000000e+000  1.5000000e+000  1.5000000e+000  1.5000000e+000  1.5000000e+000  1.5000000e+000  1.5000000e+000  1.5000000e+000  1.5000000e+000  1.5000000e+000  1.5000000e+000  1.5000000e+000  1.5000000e+000  1.5000000e+000  1.5000000e+000  1.5000000e+000  1.5000000e+000  1.5000000e+000  1.5000000e+000  1.5000000e+000  1.5000000e+000  1.5000000e+000  1.5000000e+000  1.5000000e+000  1.5000000e+000  1.5000000e+000  1.5000000e+000  1.5000000e+000  1.5000000e+000  1.5000000e+000  1.5000000e+000  1.5000000e+000  1.5000000e+000  1.5000000e+000  1.5000000e+000  1.5000000e+000  1.5000000e+000  1.5000000e+000  1.5000000e+000  1.5000000e+000  1.5000000e+000  1.5000000e+000  1.5000000e+000  1.5000000e+000  1.5000000e+000  1.5000000e+000  1.5000000e+000  1.5000000e+000  1.5000000e+000
  1.5000000e+000  1.5000000e+000  1.5000000e+000  1.5000000e+000  1.5000000e+000  1.5000000e+000  1.5000000e+000  1.5000000e+000  1.5000000e+000  1.5000000e+000  1.5000000e+000  1.5000000e+000  1.5000000e+000  1.5000000e+000  1.5000000e+000  1.5000000e+000  1.5000000e+000  1.5000000e+000  1.5000000e+000  1.5000000e+000  1.5000000e+000  1.5000000e+000  1.5000000e+000  1.5000000e+000  1.5000000e+000  1.5000000e+000  1.5000000e+000  1.5000000e+000  1.5000000e+000  1.5000000e+000  1.5000000e+000  1.5000000e+000  1.5000000e+000  1.5000000e+000  1.5000000e+000  1.5000000e+000  1.5000000e+000  1.5000000e+000  1.5000000e+000  1.5000000e+000  1.5000000e+000  1.5000000e+000  1.5000000e+000  1.5000000e+000  1.5000000e+000  1.5000000e+000  1.5000000e+000  1.5000000e+000  1.5000000e+000  1.5000000e+000  1.5000000e+000  1.5000000e+000  1.5000000e+000  1.5000000e+000  1.5000000e+000  1.5000000e+000  1.5000000e+000  1.5000000e+000  1.5000000e+000  1.5000000e+000  1.5000000e+000  1.5000000e+000  1.5000000e+000  1.5000000e+000  1.5000000e+000  1.5000000e+000  1.5000000e+000  1.5000000e+000  1.5000000e+000  1.5000000e+000  1.5000000e+000  1.5000000e+000  1.5000000e+000  1.5000000e+000  1.5000000e+000  1.5000000e+000  1.5000000e+000  1.5000000e+000  1.5000000e+000  1.5000000e+000  1.5000000e+000  1.5000000e+000  1.5000000e+000  1.5000000e+000  1.5000000e+000  1.5000000e+000  1.5000000e+000  1.5000000e+000  1.5000000e+000  1.5000000e+000  1.5000000e+000  1.5000000e+000  1.5000000e+000  1.5000000e+000  1.5000000e+000  1.5000000e+000  1.5000000e+000  1.5000000e+000  1.5000000e+000  1.5000000e+000  1.5000000e+000  1.5000000e+000  1.5000000e+000  1.5000000e+000  1.5000000e+000  1.5000000e+000  1.5000000e+000  1.5000000e+000  1.5000000e+000  1.5000000e+000  1.5000000e+000  1.5000000e+000  1.5000000e+000  1.5000000e+000  1.5000000e+000  1.5000000e+000  1.5000000e+000  1.5000000e+000  1.5000000e+000  1.5000000e+000  1.5000000e+000  1.5000000e+000  1.5000000e+000  1.5000000e+000  1.5000000e+000  1.5000000e+000  1.5000000e+000  1.5000000e+000  1.5000000e+000  1.5000000e+000  1.5000000e+000  1.5000000e+000  1.5000000e+000  1.5000000e+000  1.5000000e+000  1.5000000e+000  1.5000000e+000  1.5000000e+000  1.5000000e+000  1.5000000e+000  1.5000000e+000  1.5000000e+000  1.5000000e+000  1.5000000e+000  1.5000000e+000  1.5000000e+000  1.5000000e+000  1.5000000e+000  1.5000000e+000  1.5000000e+000  1.5000000e+000  1.5000000e+000  1.5000000e+000  1.5000000e+000  1.5000000e+000  1.5000000e+000  1.5000000e+000  1.5000000e+000  1.5000000e+000  1.5000000e+000  1.5000000e+000  1.5000000e+000  1.5000000e+000  1.5000000e+000  1.5000000e+000  1.5000000e+000  1.5000000e+000  1.5000000e+000  1.5000000e+000  1.5000000e+000  1.5000000e+000  1.5000000e+000  1.5000000e+000  1.5000000e+000  1.5000000e+000  1.5000000e+000  1.5000000e+000  1.5000000e+000  1.5000000e+000  1.5000000e+000  1.5000000e+000  1.5000000e+000  1.5000000e+000  1.5000000e+000  1.5000000e+000  1.5000000e+000  1.5000000e+000  1.5000000e+000  1.5000000e+000  1.5000000e+000  1.5000000e+000  1.5000000e+000  1.5000000e+000  1.5000000e+000  1.5000000e+000  1.5000000e+000  1.5000000e+000  1.5000000e+000  1.5000000e+000  1.5000000e+000  1.5000000e+000  1.5000000e+000  1.5000000e+000  1.5000000e+000  1.5000000e+000  1.5000000e+000  1.5000000e+000  1.5000000e+000  1.5000000e+000  1.5000000e+000  1.5000000e+000  1.5000000e+000  1.5000000e+000  1.5000000e+000  1.5000000e+000  1.5000000e+000  1.5000000e+000  1.5000000e+000  1.5000000e+000  1.5000000e+000  1.5000000e+000  1.5000000e+000  1.5000000e+000  1.5000000e+000  1.5000000e+000  1.5000000e+000  1.5000000e+000  1.5000000e+000  1.5000000e+000  1.5000000e+000  1.5000000e+000  1.5000000e+000  1.5000000e+000  1.5000000e+000  1.5000000e+000  1.5000000e+000  1.5000000e+000  1.5000000e+000  1.5000000e+000  1.5000000e+000  1.5000000e+000  1.5000000e+000  1.5000000e+000  1.5000000e+000  1.5000000e+000  1.5000000e+000  1.5000000e+000  1.5000000e+000  1.5000000e+000  1.5000000e+000  1.5000000e+000  1.5000000e+000  1.5000000e+000  1.5000000e+000  1.5000000e+000  1.5000000e+000
  1.5000000e+000  1.5000000e+000  1.5000000e+000  1.5000000e+000  1.5000000e+000  1.5000000e+000  1.5000000e+000  1.5000000e+000  1.5000000e+000  1.5000000e+000  1.5000000e+000  1.5000000e+000  1.5000000e+000  1.5000000e+000  1.5000000e+000  1.5000000e+000  1.5000000e+000  1.5000000e+000  1.5000000e+000  1.5000000e+000  1.5000000e+000  1.5000000e+000  1.5000000e+000  1.5000000e+000  1.5000000e+000  1.5000000e+000  1.5000000e+000  1.5000000e+000  1.5000000e+000  1.5000000e+000  1.5000000e+000  1.5000000e+000  1.5000000e+000  1.5000000e+000  1.5000000e+000  1.5000000e+000  1.5000000e+000  1.5000000e+000  1.5000000e+000  1.5000000e+000  1.5000000e+000  1.5000000e+000  1.5000000e+000  1.5000000e+000  1.5000000e+000  1.5000000e+000  1.5000000e+000  1.5000000e+000  1.5000000e+000  1.5000000e+000  1.5000000e+000  1.5000000e+000  1.5000000e+000  1.5000000e+000  1.5000000e+000  1.5000000e+000  1.5000000e+000  1.5000000e+000  1.5000000e+000  1.5000000e+000  1.5000000e+000  1.5000000e+000  1.5000000e+000  1.5000000e+000  1.5000000e+000  1.5000000e+000  1.5000000e+000  1.5000000e+000  1.5000000e+000  1.5000000e+000  1.5000000e+000  1.5000000e+000  1.5000000e+000  1.5000000e+000  1.5000000e+000  1.5000000e+000  1.5000000e+000  1.5000000e+000  1.5000000e+000  1.5000000e+000  1.5000000e+000  1.5000000e+000  1.5000000e+000  1.5000000e+000  1.5000000e+000  1.5000000e+000  1.5000000e+000  1.5000000e+000  1.5000000e+000  1.5000000e+000  1.5000000e+000  1.5000000e+000  1.5000000e+000  1.5000000e+000  1.5000000e+000  1.5000000e+000  1.5000000e+000  1.5000000e+000  1.5000000e+000  1.5000000e+000  1.5000000e+000  1.5000000e+000  1.5000000e+000  1.5000000e+000  1.5000000e+000  1.5000000e+000  1.5000000e+000  1.5000000e+000  1.5000000e+000  1.5000000e+000  1.5000000e+000  1.5000000e+000  1.5000000e+000  1.5000000e+000  1.5000000e+000  1.5000000e+000  1.5000000e+000  1.5000000e+000  1.5000000e+000  1.5000000e+000  1.5000000e+000  1.5000000e+000  1.5000000e+000  1.5000000e+000  1.5000000e+000  1.5000000e+000  1.5000000e+000  1.5000000e+000  1.5000000e+000  1.5000000e+000  1.5000000e+000  1.5000000e+000  1.5000000e+000  1.5000000e+000  1.5000000e+000  1.5000000e+000  1.5000000e+000  1.5000000e+000  1.5000000e+000  1.5000000e+000  1.5000000e+000  1.5000000e+000  1.5000000e+000  1.5000000e+000  1.5000000e+000  1.5000000e+000  1.5000000e+000  1.5000000e+000  1.5000000e+000  1.5000000e+000  1.5000000e+000  1.5000000e+000  1.5000000e+000  1.5000000e+000  1.5000000e+000  1.5000000e+000  1.5000000e+000  1.5000000e+000  1.5000000e+000  1.5000000e+000  1.5000000e+000  1.5000000e+000  1.5000000e+000  1.5000000e+000  1.5000000e+000  1.5000000e+000  1.5000000e+000  1.5000000e+000  1.5000000e+000  1.5000000e+000  1.5000000e+000  1.5000000e+000  1.5000000e+000  1.5000000e+000  1.5000000e+000  1.5000000e+000  1.5000000e+000  1.5000000e+000  1.5000000e+000  1.5000000e+000  1.5000000e+000  1.5000000e+000  1.5000000e+000  1.5000000e+000  1.5000000e+000  1.5000000e+000  1.5000000e+000  1.5000000e+000  1.5000000e+000  1.5000000e+000  1.5000000e+000  1.5000000e+000  1.5000000e+000  1.5000000e+000  1.5000000e+000  1.5000000e+000  1.5000000e+000  1.5000000e+000  1.5000000e+000  1.5000000e+000  1.5000000e+000  1.5000000e+000  1.5000000e+000  1.5000000e+000  1.5000000e+000  1.5000000e+000  1.5000000e+000  1.5000000e+000  1.5000000e+000  1.5000000e+000  1.5000000e+000  1.5000000e+000  1.5000000e+000  1.5000000e+000  1.5000000e+000  1.5000000e+000  1.5000000e+000  1.5000000e+000  1.5000000e+000  1.5000000e+000  1.5000000e+000  1.5000000e+000  1.5000000e+000  1.5000000e+000  1.5000000e+000  1.5000000e+000  1.5000000e+000  1.5000000e+000  1.5000000e+000  1.5000000e+000  1.5000000e+000  1.5000000e+000  1.5000000e+000  1.5000000e+000  1.5000000e+000  1.5000000e+000  1.5000000e+000  1.5000000e+000  1.5000000e+000  1.5000000e+000  1.5000000e+000  1.5000000e+000  1.5000000e+000  1.5000000e+000  1.5000000e+000  1.5000000e+000  1.5000000e+000  1.5000000e+000  1.5000000e+000  1.5000000e+000  1.5000000e+000  1.5000000e+000  1.5000000e+000  1.5000000e+000  1.5000000e+000  1.5000000e+000
  1.5000000e+000  1.5000000e+000  1.5000000e+000  1.5000000e+000  1.5000000e+000  1.5000000e+000  1.5000000e+000  1.5000000e+000  1.5000000e+000  1.5000000e+000  1.5000000e+000  1.5000000e+000  1.5000000e+000  1.5000000e+000  1.5000000e+000  1.5000000e+000  1.5000000e+000  1.5000000e+000  1.5000000e+000  1.5000000e+000  1.5000000e+000  1.5000000e+000  1.5000000e+000  1.5000000e+000  1.5000000e+000  1.5000000e+000  1.5000000e+000  1.5000000e+000  1.5000000e+000  1.5000000e+000  1.5000000e+000  1.5000000e+000  1.5000000e+000  1.5000000e+000  1.5000000e+000  1.5000000e+000  1.5000000e+000  1.5000000e+000  1.5000000e+000  1.5000000e+000  1.5000000e+000  1.5000000e+000  1.5000000e+000  1.5000000e+000  1.5000000e+000  1.5000000e+000  1.5000000e+000  1.5000000e+000  1.5000000e+000  1.5000000e+000  1.5000000e+000  1.5000000e+000  1.5000000e+000  1.5000000e+000  1.5000000e+000  1.5000000e+000  1.5000000e+000  1.5000000e+000  1.5000000e+000  1.5000000e+000  1.5000000e+000  1.5000000e+000  1.5000000e+000  1.5000000e+000  1.5000000e+000  1.5000000e+000  1.5000000e+000  1.5000000e+000  1.5000000e+000  1.5000000e+000  1.5000000e+000  1.5000000e+000  1.5000000e+000  1.5000000e+000  1.5000000e+000  1.5000000e+000  1.5000000e+000  1.5000000e+000  1.5000000e+000  1.5000000e+000  1.5000000e+000  1.5000000e+000  1.5000000e+000  1.5000000e+000  1.5000000e+000  1.5000000e+000  1.5000000e+000  1.5000000e+000  1.5000000e+000  1.5000000e+000  1.5000000e+000  1.5000000e+000  1.5000000e+000  1.5000000e+000  1.5000000e+000  1.5000000e+000  1.5000000e+000  1.5000000e+000  1.5000000e+000  1.5000000e+000  1.5000000e+000  1.5000000e+000  1.5000000e+000  1.5000000e+000  1.5000000e+000  1.5000000e+000  1.5000000e+000  1.5000000e+000  1.5000000e+000  1.5000000e+000  1.5000000e+000  1.5000000e+000  1.5000000e+000  1.5000000e+000  1.5000000e+000  1.5000000e+000  1.5000000e+000  1.5000000e+000  1.5000000e+000  1.5000000e+000  1.5000000e+000  1.5000000e+000  1.5000000e+000  1.5000000e+000  1.5000000e+000  1.5000000e+000  1.5000000e+000  1.5000000e+000  1.5000000e+000  1.5000000e+000  1.5000000e+000  1.5000000e+000  1.5000000e+000  1.5000000e+000  1.5000000e+000  1.5000000e+000  1.5000000e+000  1.5000000e+000  1.5000000e+000  1.5000000e+000  1.5000000e+000  1.5000000e+000  1.5000000e+000  1.5000000e+000  1.5000000e+000  1.5000000e+000  1.5000000e+000  1.5000000e+000  1.5000000e+000  1.5000000e+000  1.5000000e+000  1.5000000e+000  1.5000000e+000  1.5000000e+000  1.5000000e+000  1.5000000e+000  1.5000000e+000  1.5000000e+000  1.5000000e+000  1.5000000e+000  1.5000000e+000  1.5000000e+000  1.5000000e+000  1.5000000e+000  1.5000000e+000  1.5000000e+000  1.5000000e+000  1.5000000e+000  1.5000000e+000  1.5000000e+000  1.5000000e+000  1.5000000e+000  1.5000000e+000  1.5000000e+000  1.5000000e+000  1.5000000e+000  1.5000000e+000  1.5000000e+000  1.5000000e+000  1.5000000e+000  1.5000000e+000  1.5000000e+000  1.5000000e+000  1.5000000e+000  1.5000000e+000  1.5000000e+000  1.5000000e+000  1.5000000e+000  1.5000000e+000  1.5000000e+000  1.5000000e+000  1.5000000e+000  1.5000000e+000  1.5000000e+000  1.5000000e+000  1.5000000e+000  1.5000000e+000  1.5000000e+000  1.5000000e+000  1.5000000e+000  1.5000000e+000  1.5000000e+000  1.5000000e+000  1.5000000e+000  1.5000000e+000  1.5000000e+000  1.5000000e+000  1.5000000e+000  1.5000000e+000  1.5000000e+000  1.5000000e+000  1.5000000e+000  1.5000000e+000  1.5000000e+000  1.5000000e+000  1.5000000e+000  1.5000000e+000  1.5000000e+000  1.5000000e+000  1.5000000e+000  1.5000000e+000  1.5000000e+000  1.5000000e+000  1.5000000e+000  1.5000000e+000  1.5000000e+000  1.5000000e+000  1.5000000e+000  1.5000000e+000  1.5000000e+000  1.5000000e+000  1.5000000e+000  1.5000000e+000  1.5000000e+000  1.5000000e+000  1.5000000e+000  1.5000000e+000  1.5000000e+000  1.5000000e+000  1.5000000e+000  1.5000000e+000  1.5000000e+000  1.5000000e+000  1.5000000e+000  1.5000000e+000  1.5000000e+000  1.5000000e+000  1.5000000e+000  1.5000000e+000  1.5000000e+000  1.5000000e+000  1.5000000e+000  1.5000000e+000  1.5000000e+000  1.5000000e+000  1.5000000e+000
  1.5000000e+000  1.5000000e+000  1.5000000e+000  1.5000000e+000  1.5000000e+000  1.5000000e+000  1.5000000e+000  1.5000000e+000  1.5000000e+000  1.5000000e+000  1.5000000e+000  1.5000000e+000  1.5000000e+000  1.5000000e+000  1.5000000e+000  1.5000000e+000  1.5000000e+000  1.5000000e+000  1.5000000e+000  1.5000000e+000  1.5000000e+000  1.5000000e+000  1.5000000e+000  1.5000000e+000  1.5000000e+000  1.5000000e+000  1.5000000e+000  1.5000000e+000  1.5000000e+000  1.5000000e+000  1.5000000e+000  1.5000000e+000  1.5000000e+000  1.5000000e+000  1.5000000e+000  1.5000000e+000  1.5000000e+000  1.5000000e+000  1.5000000e+000  1.5000000e+000  1.5000000e+000  1.5000000e+000  1.5000000e+000  1.5000000e+000  1.5000000e+000  1.5000000e+000  1.5000000e+000  1.5000000e+000  1.5000000e+000  1.5000000e+000  1.5000000e+000  1.5000000e+000  1.5000000e+000  1.5000000e+000  1.5000000e+000  1.5000000e+000  1.5000000e+000  1.5000000e+000  1.5000000e+000  1.5000000e+000  1.5000000e+000  1.5000000e+000  1.5000000e+000  1.5000000e+000  1.5000000e+000  1.5000000e+000  1.5000000e+000  1.5000000e+000  1.5000000e+000  1.5000000e+000  1.5000000e+000  1.5000000e+000  1.5000000e+000  1.5000000e+000  1.5000000e+000  1.5000000e+000  1.5000000e+000  1.5000000e+000  1.5000000e+000  1.5000000e+000  1.5000000e+000  1.5000000e+000  1.5000000e+000  1.5000000e+000  1.5000000e+000  1.5000000e+000  1.5000000e+000  1.5000000e+000  1.5000000e+000  1.5000000e+000  1.5000000e+000  1.5000000e+000  1.5000000e+000  1.5000000e+000  1.5000000e+000  1.5000000e+000  1.5000000e+000  1.5000000e+000  1.5000000e+000  1.5000000e+000  1.5000000e+000  1.5000000e+000  1.5000000e+000  1.5000000e+000  1.5000000e+000  1.5000000e+000  1.5000000e+000  1.5000000e+000  1.5000000e+000  1.5000000e+000  1.5000000e+000  1.5000000e+000  1.5000000e+000  1.5000000e+000  1.5000000e+000  1.5000000e+000  1.5000000e+000  1.5000000e+000  1.5000000e+000  1.5000000e+000  1.5000000e+000  1.5000000e+000  1.5000000e+000  1.5000000e+000  1.5000000e+000  1.5000000e+000  1.5000000e+000  1.5000000e+000  1.5000000e+000  1.5000000e+000  1.5000000e+000  1.5000000e+000  1.5000000e+000  1.5000000e+000  1.5000000e+000  1.5000000e+000  1.5000000e+000  1.5000000e+000  1.5000000e+000  1.5000000e+000  1.5000000e+000  1.5000000e+000  1.5000000e+000  1.5000000e+000  1.5000000e+000  1.5000000e+000  1.5000000e+000  1.5000000e+000  1.5000000e+000  1.5000000e+000  1.5000000e+000  1.5000000e+000  1.5000000e+000  1.5000000e+000  1.5000000e+000  1.5000000e+000  1.5000000e+000  1.5000000e+000  1.5000000e+000  1.5000000e+000  1.5000000e+000  1.5000000e+000  1.5000000e+000  1.5000000e+000  1.5000000e+000  1.5000000e+000  1.5000000e+000  1.5000000e+000  1.5000000e+000  1.5000000e+000  1.5000000e+000  1.5000000e+000  1.5000000e+000  1.5000000e+000  1.5000000e+000  1.5000000e+000  1.5000000e+000  1.5000000e+000  1.5000000e+000  1.5000000e+000  1.5000000e+000  1.5000000e+000  1.5000000e+000  1.5000000e+000  1.5000000e+000  1.5000000e+000  1.5000000e+000  1.5000000e+000  1.5000000e+000  1.5000000e+000  1.5000000e+000  1.5000000e+000  1.5000000e+000  1.5000000e+000  1.5000000e+000  1.5000000e+000  1.5000000e+000  1.5000000e+000  1.5000000e+000  1.5000000e+000  1.5000000e+000  1.5000000e+000  1.5000000e+000  1.5000000e+000  1.5000000e+000  1.5000000e+000  1.5000000e+000  1.5000000e+000  1.5000000e+000  1.5000000e+000  1.5000000e+000  1.5000000e+000  1.5000000e+000  1.5000000e+000  1.5000000e+000  1.5000000e+000  1.5000000e+000  1.5000000e+000  1.5000000e+000  1.5000000e+000  1.5000000e+000  1.5000000e+000  1.5000000e+000  1.5000000e+000  1.5000000e+000  1.5000000e+000  1.5000000e+000  1.5000000e+000  1.5000000e+000  1.5000000e+000  1.5000000e+000  1.5000000e+000  1.5000000e+000  1.5000000e+000  1.5000000e+000  1.5000000e+000  1.5000000e+000  1.5000000e+000  1.5000000e+000  1.5000000e+000  1.5000000e+000  1.5000000e+000  1.5000000e+000  1.5000000e+000  1.5000000e+000  1.5000000e+000  1.5000000e+000  1.5000000e+000  1.5000000e+000  1.5000000e+000  1.5000000e+000  1.5000000e+000  1.5000000e+000  1.5000000e+000  1.5000000e+000  1.5000000e+000
  1.5000000e+000  1.5000000e+000  1.5000000e+000  1.5000000e+000  1.5000000e+000  1.5000000e+000  1.5000000e+000  1.5000000e+000  1.5000000e+000  1.5000000e+000  1.5000000e+000  1.5000000e+000  1.5000000e+000  1.5000000e+000  1.5000000e+000  1.5000000e+000  1.5000000e+000  1.5000000e+000  1.5000000e+000  1.5000000e+000  1.5000000e+000  1.5000000e+000  1.5000000e+000  1.5000000e+000  1.5000000e+000  1.5000000e+000  1.5000000e+000  1.5000000e+000  1.5000000e+000  1.5000000e+000  1.5000000e+000  1.5000000e+000  1.5000000e+000  1.5000000e+000  1.5000000e+000  1.5000000e+000  1.5000000e+000  1.5000000e+000  1.5000000e+000  1.5000000e+000  1.5000000e+000  1.5000000e+000  1.5000000e+000  1.5000000e+000  1.5000000e+000  1.5000000e+000  1.5000000e+000  1.5000000e+000  1.5000000e+000  1.5000000e+000  1.5000000e+000  1.5000000e+000  1.5000000e+000  1.5000000e+000  1.5000000e+000  1.5000000e+000  1.5000000e+000  1.5000000e+000  1.5000000e+000  1.5000000e+000  1.5000000e+000  1.5000000e+000  1.5000000e+000  1.5000000e+000  1.5000000e+000  1.5000000e+000  1.5000000e+000  1.5000000e+000  1.5000000e+000  1.5000000e+000  1.5000000e+000  1.5000000e+000  1.5000000e+000  1.5000000e+000  1.5000000e+000  1.5000000e+000  1.5000000e+000  1.5000000e+000  1.5000000e+000  1.5000000e+000  1.5000000e+000  1.5000000e+000  1.5000000e+000  1.5000000e+000  1.5000000e+000  1.5000000e+000  1.5000000e+000  1.5000000e+000  1.5000000e+000  1.5000000e+000  1.5000000e+000  1.5000000e+000  1.5000000e+000  1.5000000e+000  1.5000000e+000  1.5000000e+000  1.5000000e+000  1.5000000e+000  1.5000000e+000  1.5000000e+000  1.5000000e+000  1.5000000e+000  1.5000000e+000  1.5000000e+000  1.5000000e+000  1.5000000e+000  1.5000000e+000  1.5000000e+000  1.5000000e+000  1.5000000e+000  1.5000000e+000  1.5000000e+000  1.5000000e+000  1.5000000e+000  1.5000000e+000  1.5000000e+000  1.5000000e+000  1.5000000e+000  1.5000000e+000  1.5000000e+000  1.5000000e+000  1.5000000e+000  1.5000000e+000  1.5000000e+000  1.5000000e+000  1.5000000e+000  1.5000000e+000  1.5000000e+000  1.5000000e+000  1.5000000e+000  1.5000000e+000  1.5000000e+000  1.5000000e+000  1.5000000e+000  1.5000000e+000  1.5000000e+000  1.5000000e+000  1.5000000e+000  1.5000000e+000  1.5000000e+000  1.5000000e+000  1.5000000e+000  1.5000000e+000  1.5000000e+000  1.5000000e+000  1.5000000e+000  1.5000000e+000  1.5000000e+000  1.5000000e+000  1.5000000e+000  1.5000000e+000  1.5000000e+000  1.5000000e+000  1.5000000e+000  1.5000000e+000  1.5000000e+000  1.5000000e+000  1.5000000e+000  1.5000000e+000  1.5000000e+000  1.5000000e+000  1.5000000e+000  1.5000000e+000  1.5000000e+000  1.5000000e+000  1.5000000e+000  1.5000000e+000  1.5000000e+000  1.5000000e+000  1.5000000e+000  1.5000000e+000  1.5000000e+000  1.5000000e+000  1.5000000e+000  1.5000000e+000  1.5000000e+000  1.5000000e+000  1.5000000e+000  1.5000000e+000  1.5000000e+000  1.5000000e+000  1.5000000e+000  1.5000000e+000  1.5000000e+000  1.5000000e+000  1.5000000e+000  1.5000000e+000  1.5000000e+000  1.5000000e+000  1.5000000e+000  1.5000000e+000  1.5000000e+000  1.5000000e+000  1.5000000e+000  1.5000000e+000  1.5000000e+000  1.5000000e+000  1.5000000e+000  1.5000000e+000  1.5000000e+000  1.5000000e+000  1.5000000e+000  1.5000000e+000  1.5000000e+000  1.5000000e+000  1.5000000e+000  1.5000000e+000  1.5000000e+000  1.5000000e+000  1.5000000e+000  1.5000000e+000  1.5000000e+000  1.5000000e+000  1.5000000e+000  1.5000000e+000  1.5000000e+000  1.5000000e+000  1.5000000e+000  1.5000000e+000  1.5000000e+000  1.5000000e+000  1.5000000e+000  1.5000000e+000  1.5000000e+000  1.5000000e+000  1.5000000e+000  1.5000000e+000  1.5000000e+000  1.5000000e+000  1.5000000e+000  1.5000000e+000  1.5000000e+000  1.5000000e+000  1.5000000e+000  1.5000000e+000  1.5000000e+000  1.5000000e+000  1.5000000e+000  1.5000000e+000  1.5000000e+000  1.5000000e+000  1.5000000e+000  1.5000000e+000  1.5000000e+000  1.5000000e+000  1.5000000e+000  1.5000000e+000  1.5000000e+000  1.5000000e+000  1.5000000e+000  1.5000000e+000  1.5000000e+000  1.5000000e+000  1.5000000e+000  1.5000000e+000  1.5000000e+000
  1.5000000e+000  1.5000000e+000  1.5000000e+000  1.5000000e+000  1.5000000e+000  1.5000000e+000  1.5000000e+000  1.5000000e+000  1.5000000e+000  1.5000000e+000  1.5000000e+000  1.5000000e+000  1.5000000e+000  1.5000000e+000  1.5000000e+000  1.5000000e+000  1.5000000e+000  1.5000000e+000  1.5000000e+000  1.5000000e+000  1.5000000e+000  1.5000000e+000  1.5000000e+000  1.5000000e+000  1.5000000e+000  1.5000000e+000  1.5000000e+000  1.5000000e+000  1.5000000e+000  1.5000000e+000  1.5000000e+000  1.5000000e+000  1.5000000e+000  1.5000000e+000  1.5000000e+000  1.5000000e+000  1.5000000e+000  1.5000000e+000  1.5000000e+000  1.5000000e+000  1.5000000e+000  1.5000000e+000  1.5000000e+000  1.5000000e+000  1.5000000e+000  1.5000000e+000  1.5000000e+000  1.5000000e+000  1.5000000e+000  1.5000000e+000  1.5000000e+000  1.5000000e+000  1.5000000e+000  1.5000000e+000  1.5000000e+000  1.5000000e+000  1.5000000e+000  1.5000000e+000  1.5000000e+000  1.5000000e+000  1.5000000e+000  1.5000000e+000  1.5000000e+000  1.5000000e+000  1.5000000e+000  1.5000000e+000  1.5000000e+000  1.5000000e+000  1.5000000e+000  1.5000000e+000  1.5000000e+000  1.5000000e+000  1.5000000e+000  1.5000000e+000  1.5000000e+000  1.5000000e+000  1.5000000e+000  1.5000000e+000  1.5000000e+000  1.5000000e+000  1.5000000e+000  1.5000000e+000  1.5000000e+000  1.5000000e+000  1.5000000e+000  1.5000000e+000  1.5000000e+000  1.5000000e+000  1.5000000e+000  1.5000000e+000  1.5000000e+000  1.5000000e+000  1.5000000e+000  1.5000000e+000  1.5000000e+000  1.5000000e+000  1.5000000e+000  1.5000000e+000  1.5000000e+000  1.5000000e+000  1.5000000e+000  1.5000000e+000  1.5000000e+000  1.5000000e+000  1.5000000e+000  1.5000000e+000  1.5000000e+000  1.5000000e+000  1.5000000e+000  1.5000000e+000  1.5000000e+000  1.5000000e+000  1.5000000e+000  1.5000000e+000  1.5000000e+000  1.5000000e+000  1.5000000e+000  1.5000000e+000  1.5000000e+000  1.5000000e+000  1.5000000e+000  1.5000000e+000  1.5000000e+000  1.5000000e+000  1.5000000e+000  1.5000000e+000  1.5000000e+000  1.5000000e+000  1.5000000e+000  1.5000000e+000  1.5000000e+000  1.5000000e+000  1.5000000e+000  1.5000000e+000  1.5000000e+000  1.5000000e+000  1.5000000e+000  1.5000000e+000  1.5000000e+000  1.5000000e+000  1.5000000e+000  1.5000000e+000  1.5000000e+000  1.5000000e+000  1.5000000e+000  1.5000000e+000  1.5000000e+000  1.5000000e+000  1.5000000e+000  1.5000000e+000  1.5000000e+000  1.5000000e+000  1.5000000e+000  1.5000000e+000  1.5000000e+000  1.5000000e+000  1.5000000e+000  1.5000000e+000  1.5000000e+000  1.5000000e+000  1.5000000e+000  1.5000000e+000  1.5000000e+000  1.5000000e+000  1.5000000e+000  1.5000000e+000  1.5000000e+000  1.5000000e+000  1.5000000e+000  1.5000000e+000  1.5000000e+000  1.5000000e+000  1.5000000e+000  1.5000000e+000  1.5000000e+000  1.5000000e+000  1.5000000e+000  1.5000000e+000  1.5000000e+000  1.5000000e+000  1.5000000e+000  1.5000000e+000  1.5000000e+000  1.5000000e+000  1.5000000e+000  1.5000000e+000  1.5000000e+000  1.5000000e+000  1.5000000e+000  1.5000000e+000  1.5000000e+000  1.5000000e+000  1.5000000e+000  1.5000000e+000  1.5000000e+000  1.5000000e+000  1.5000000e+000  1.5000000e+000  1.5000000e+000  1.5000000e+000  1.5000000e+000  1.5000000e+000  1.5000000e+000  1.5000000e+000  1.5000000e+000  1.5000000e+000  1.5000000e+000  1.5000000e+000  1.5000000e+000  1.5000000e+000  1.5000000e+000  1.5000000e+000  1.5000000e+000  1.5000000e+000  1.5000000e+000  1.5000000e+000  1.5000000e+000  1.5000000e+000  1.5000000e+000  1.5000000e+000  1.5000000e+000  1.5000000e+000  1.5000000e+000  1.5000000e+000  1.5000000e+000  1.5000000e+000  1.5000000e+000  1.5000000e+000  1.5000000e+000  1.5000000e+000  1.5000000e+000  1.5000000e+000  1.5000000e+000  1.5000000e+000  1.5000000e+000  1.5000000e+000  1.5000000e+000  1.5000000e+000  1.5000000e+000  1.5000000e+000  1.5000000e+000  1.5000000e+000  1.5000000e+000  1.5000000e+000  1.5000000e+000  1.5000000e+000  1.5000000e+000  1.5000000e+000  1.5000000e+000  1.5000000e+000  1.5000000e+000  1.5000000e+000  1.5000000e+000  1.5000000e+000  1.5000000e+000  1.5000000e+000
  1.5000000e+000  1.5000000e+000  1.5000000e+000  1.5000000e+000  1.5000000e+000  1.5000000e+000  1.5000000e+000  1.5000000e+000  1.5000000e+000  1.5000000e+000  1.5000000e+000  1.5000000e+000  1.5000000e+000  1.5000000e+000  1.5000000e+000  1.5000000e+000  1.5000000e+000  1.5000000e+000  1.5000000e+000  1.5000000e+000  1.5000000e+000  1.5000000e+000  1.5000000e+000  1.5000000e+000  1.5000000e+000  1.5000000e+000  1.5000000e+000  1.5000000e+000  1.5000000e+000  1.5000000e+000  1.5000000e+000  1.5000000e+000  1.5000000e+000  1.5000000e+000  1.5000000e+000  1.5000000e+000  1.5000000e+000  1.5000000e+000  1.5000000e+000  1.5000000e+000  1.5000000e+000  1.5000000e+000  1.5000000e+000  1.5000000e+000  1.5000000e+000  1.5000000e+000  1.5000000e+000  1.5000000e+000  1.5000000e+000  1.5000000e+000  1.5000000e+000  1.5000000e+000  1.5000000e+000  1.5000000e+000  1.5000000e+000  1.5000000e+000  1.5000000e+000  1.5000000e+000  1.5000000e+000  1.5000000e+000  1.5000000e+000  1.5000000e+000  1.5000000e+000  1.5000000e+000  1.5000000e+000  1.5000000e+000  1.5000000e+000  1.5000000e+000  1.5000000e+000  1.5000000e+000  1.5000000e+000  1.5000000e+000  1.5000000e+000  1.5000000e+000  1.5000000e+000  1.5000000e+000  1.5000000e+000  1.5000000e+000  1.5000000e+000  1.5000000e+000  1.5000000e+000  1.5000000e+000  1.5000000e+000  1.5000000e+000  1.5000000e+000  1.5000000e+000  1.5000000e+000  1.5000000e+000  1.5000000e+000  1.5000000e+000  1.5000000e+000  1.5000000e+000  1.5000000e+000  1.5000000e+000  1.5000000e+000  1.5000000e+000  1.5000000e+000  1.5000000e+000  1.5000000e+000  1.5000000e+000  1.5000000e+000  1.5000000e+000  1.5000000e+000  1.5000000e+000  1.5000000e+000  1.5000000e+000  1.5000000e+000  1.5000000e+000  1.5000000e+000  1.5000000e+000  1.5000000e+000  1.5000000e+000  1.5000000e+000  1.5000000e+000  1.5000000e+000  1.5000000e+000  1.5000000e+000  1.5000000e+000  1.5000000e+000  1.5000000e+000  1.5000000e+000  1.5000000e+000  1.5000000e+000  1.5000000e+000  1.5000000e+000  1.5000000e+000  1.5000000e+000  1.5000000e+000  1.5000000e+000  1.5000000e+000  1.5000000e+000  1.5000000e+000  1.5000000e+000  1.5000000e+000  1.5000000e+000  1.5000000e+000  1.5000000e+000  1.5000000e+000  1.5000000e+000  1.5000000e+000  1.5000000e+000  1.5000000e+000  1.5000000e+000  1.5000000e+000  1.5000000e+000  1.5000000e+000  1.5000000e+000  1.5000000e+000  1.5000000e+000  1.5000000e+000  1.5000000e+000  1.5000000e+000  1.5000000e+000  1.5000000e+000  1.5000000e+000  1.5000000e+000  1.5000000e+000  1.5000000e+000  1.5000000e+000  1.5000000e+000  1.5000000e+000  1.5000000e+000  1.5000000e+000  1.5000000e+000  1.5000000e+000  1.5000000e+000  1.5000000e+000  1.5000000e+000  1.5000000e+000  1.5000000e+000  1.5000000e+000  1.5000000e+000  1.5000000e+000  1.5000000e+000  1.5000000e+000  1.5000000e+000  1.5000000e+000  1.5000000e+000  1.5000000e+000  1.5000000e+000  1.5000000e+000  1.5000000e+000  1.5000000e+000  1.5000000e+000  1.5000000e+000  1.5000000e+000  1.5000000e+000  1.5000000e+000  1.5000000e+000  1.5000000e+000  1.5000000e+000  1.5000000e+000  1.5000000e+000  1.5000000e+000  1.5000000e+000  1.5000000e+000  1.5000000e+000  1.5000000e+000  1.5000000e+000  1.5000000e+000  1.5000000e+000  1.5000000e+000  1.5000000e+000  1.5000000e+000  1.5000000e+000  1.5000000e+000  1.5000000e+000  1.5000000e+000  1.5000000e+000  1.5000000e+000  1.5000000e+000  1.5000000e+000  1.5000000e+000  1.5000000e+000  1.5000000e+000  1.5000000e+000  1.5000000e+000  1.5000000e+000  1.5000000e+000  1.5000000e+000  1.5000000e+000  1.5000000e+000  1.5000000e+000  1.5000000e+000  1.5000000e+000  1.5000000e+000  1.5000000e+000  1.5000000e+000  1.5000000e+000  1.5000000e+000  1.5000000e+000  1.5000000e+000  1.5000000e+000  1.5000000e+000  1.5000000e+000  1.5000000e+000  1.5000000e+000  1.5000000e+000  1.5000000e+000  1.5000000e+000  1.5000000e+000  1.5000000e+000  1.5000000e+000  1.5000000e+000  1.5000000e+000  1.5000000e+000  1.5000000e+000  1.5000000e+000  1.5000000e+000  1.5000000e+000  1.5000000e+000  1.5000000e+000  1.5000000e+000  1.5000000e+000  1.5000000e+000  1.5000000e+000
  1.5000000e+000  1.5000000e+000  1.5000000e+000  1.5000000e+000  1.5000000e+000  1.5000000e+000  1.5000000e+000  1.5000000e+000  1.5000000e+000  1.5000000e+000  1.5000000e+000  1.5000000e+000  1.5000000e+000  1.5000000e+000  1.5000000e+000  1.5000000e+000  1.5000000e+000  1.5000000e+000  1.5000000e+000  1.5000000e+000  1.5000000e+000  1.5000000e+000  1.5000000e+000  1.5000000e+000  1.5000000e+000  1.5000000e+000  1.5000000e+000  1.5000000e+000  1.5000000e+000  1.5000000e+000  1.5000000e+000  1.5000000e+000  1.5000000e+000  1.5000000e+000  1.5000000e+000  1.5000000e+000  1.5000000e+000  1.5000000e+000  1.5000000e+000  1.5000000e+000  1.5000000e+000  1.5000000e+000  1.5000000e+000  1.5000000e+000  1.5000000e+000  1.5000000e+000  1.5000000e+000  1.5000000e+000  1.5000000e+000  1.5000000e+000  1.5000000e+000  1.5000000e+000  1.5000000e+000  1.5000000e+000  1.5000000e+000  1.5000000e+000  1.5000000e+000  1.5000000e+000  1.5000000e+000  1.5000000e+000  1.5000000e+000  1.5000000e+000  1.5000000e+000  1.5000000e+000  1.5000000e+000  1.5000000e+000  1.5000000e+000  1.5000000e+000  1.5000000e+000  1.5000000e+000  1.5000000e+000  1.5000000e+000  1.5000000e+000  1.5000000e+000  1.5000000e+000  1.5000000e+000  1.5000000e+000  1.5000000e+000  1.5000000e+000  1.5000000e+000  1.5000000e+000  1.5000000e+000  1.5000000e+000  1.5000000e+000  1.5000000e+000  1.5000000e+000  1.5000000e+000  1.5000000e+000  1.5000000e+000  1.5000000e+000  1.5000000e+000  1.5000000e+000  1.5000000e+000  1.5000000e+000  1.5000000e+000  1.5000000e+000  1.5000000e+000  1.5000000e+000  1.5000000e+000  1.5000000e+000  1.5000000e+000  1.5000000e+000  1.5000000e+000  1.5000000e+000  1.5000000e+000  1.5000000e+000  1.5000000e+000  1.5000000e+000  1.5000000e+000  1.5000000e+000  1.5000000e+000  1.5000000e+000  1.5000000e+000  1.5000000e+000  1.5000000e+000  1.5000000e+000  1.5000000e+000  1.5000000e+000  1.5000000e+000  1.5000000e+000  1.5000000e+000  1.5000000e+000  1.5000000e+000  1.5000000e+000  1.5000000e+000  1.5000000e+000  1.5000000e+000  1.5000000e+000  1.5000000e+000  1.5000000e+000  1.5000000e+000  1.5000000e+000  1.5000000e+000  1.5000000e+000  1.5000000e+000  1.5000000e+000  1.5000000e+000  1.5000000e+000  1.5000000e+000  1.5000000e+000  1.5000000e+000  1.5000000e+000  1.5000000e+000  1.5000000e+000  1.5000000e+000  1.5000000e+000  1.5000000e+000  1.5000000e+000  1.5000000e+000  1.5000000e+000  1.5000000e+000  1.5000000e+000  1.5000000e+000  1.5000000e+000  1.5000000e+000  1.5000000e+000  1.5000000e+000  1.5000000e+000  1.5000000e+000  1.5000000e+000  1.5000000e+000  1.5000000e+000  1.5000000e+000  1.5000000e+000  1.5000000e+000  1.5000000e+000  1.5000000e+000  1.5000000e+000  1.5000000e+000  1.5000000e+000  1.5000000e+000  1.5000000e+000  1.5000000e+000  1.5000000e+000  1.5000000e+000  1.5000000e+000  1.5000000e+000  1.5000000e+000  1.5000000e+000  1.5000000e+000  1.5000000e+000  1.5000000e+000  1.5000000e+000  1.5000000e+000  1.5000000e+000  1.5000000e+000  1.5000000e+000  1.5000000e+000  1.5000000e+000  1.5000000e+000  1.5000000e+000  1.5000000e+000  1.5000000e+000  1.5000000e+000  1.5000000e+000  1.5000000e+000  1.5000000e+000  1.5000000e+000  1.5000000e+000  1.5000000e+000  1.5000000e+000  1.5000000e+000  1.5000000e+000  1.5000000e+000  1.5000000e+000  1.5000000e+000  1.5000000e+000  1.5000000e+000  1.5000000e+000  1.5000000e+000  1.5000000e+000  1.5000000e+000  1.5000000e+000  1.5000000e+000  1.5000000e+000  1.5000000e+000  1.5000000e+000  1.5000000e+000  1.5000000e+000  1.5000000e+000  1.5000000e+000  1.5000000e+000  1.5000000e+000  1.5000000e+000  1.5000000e+000  1.5000000e+000  1.5000000e+000  1.5000000e+000  1.5000000e+000  1.5000000e+000  1.5000000e+000  1.5000000e+000  1.5000000e+000  1.5000000e+000  1.5000000e+000  1.5000000e+000  1.5000000e+000  1.5000000e+000  1.5000000e+000  1.5000000e+000  1.5000000e+000  1.5000000e+000  1.5000000e+000  1.5000000e+000  1.5000000e+000  1.5000000e+000  1.5000000e+000  1.5000000e+000  1.5000000e+000  1.5000000e+000  1.5000000e+000  1.5000000e+000  1.5000000e+000  1.5000000e+000  1.5000000e+000  1.5000000e+000
